tool,identifier,index,name,first_version,first_version_date,first_version_exact,first_seen_date,in_latest_release,latest_release
hashcat,0,,MD5,v6.0.0,2020-06-16,no,2019-01-13,yes,v7.1.2
hashcat,10,,md5($pass.$salt),v6.0.0,2020-06-16,no,2019-01-13,yes,v7.1.2
hashcat,11,,Joomla < 2.5.18,v6.0.0,2020-06-16,no,2019-01-13,yes,v7.1.2
hashcat,12,,PostgreSQL,v6.0.0,2020-06-16,no,2019-01-24,yes,v7.1.2
hashcat,20,,md5($salt.$pass),v6.0.0,2020-06-16,no,2019-01-16,yes,v7.1.2
hashcat,21,,"osCommerce, xt:Commerce",v6.0.0,2020-06-16,no,2019-01-25,yes,v7.1.2
hashcat,22,,Juniper NetScreen/SSG (ScreenOS),v6.0.0,2020-06-16,no,2019-02-12,yes,v7.1.2
hashcat,23,,Skype,v6.0.0,2020-06-16,no,2019-02-05,yes,v7.1.2
hashcat,24,,SolarWinds Serv-U,v6.2.0,2021-05-14,yes,2020-12-18,yes,v7.1.2
hashcat,30,,md5(utf16le($pass).$salt),v6.0.0,2020-06-16,no,2019-02-12,yes,v7.1.2
hashcat,40,,md5($salt.utf16le($pass)),v6.0.0,2020-06-16,no,2019-02-09,yes,v7.1.2
hashcat,50,,HMAC-MD5 (key = $pass),v6.0.0,2020-06-16,no,2019-02-12,yes,v7.1.2
hashcat,60,,HMAC-MD5 (key = $salt),v6.0.0,2020-06-16,no,2019-02-12,yes,v7.1.2
hashcat,70,,md5(utf16le($pass)),v6.2.2,2021-06-13,yes,2020-12-16,yes,v7.1.2
hashcat,100,,SHA1,v6.0.0,2020-06-16,no,2019-01-13,yes,v7.1.2
hashcat,101,,"nsldap, SHA-1(Base64), Netscape LDAP SHA",v6.0.0,2020-06-16,no,2019-01-13,yes,v7.1.2
hashcat,110,,sha1($pass.$salt),v6.0.0,2020-06-16,no,2019-01-13,yes,v7.1.2
hashcat,111,,"nsldaps, SSHA-1(Base64), Netscape LDAP SSHA",v6.0.0,2020-06-16,no,2019-02-11,yes,v7.1.2
hashcat,112,,Oracle S: Type (Oracle 11+),v6.0.0,2020-06-16,no,2019-02-11,yes,v7.1.2
hashcat,120,,sha1($salt.$pass),v6.0.0,2020-06-16,no,2019-02-12,yes,v7.1.2
hashcat,121,,SMF (Simple Machines Forum) > v1.1,v6.0.0,2020-06-16,no,2019-02-12,yes,v7.1.2
hashcat,122,,"macOS v10.4, macOS v10.5, macOS v10.6",v6.0.0,2020-06-16,no,2019-02-11,yes,v7.1.2
hashcat,124,,Django (SHA-1),v6.0.0,2020-06-16,no,2019-02-12,yes,v7.1.2
hashcat,125,,ArubaOS,v6.0.0,2020-06-16,no,2019-02-11,yes,v7.1.2
hashcat,130,,sha1(utf16le($pass).$salt),v6.0.0,2020-06-16,no,2019-02-12,yes,v7.1.2
hashcat,131,,MSSQL (2000),v6.0.0,2020-06-16,no,2019-02-11,yes,v7.1.2
hashcat,132,,MSSQL (2005),v6.0.0,2020-06-16,no,2019-02-11,yes,v7.1.2
hashcat,133,,PeopleSoft,v6.0.0,2020-06-16,no,2019-02-11,yes,v7.1.2
hashcat,140,,sha1($salt.utf16le($pass)),v6.0.0,2020-06-16,no,2019-02-12,yes,v7.1.2
hashcat,141,,Episerver 6.x < .NET 4,v6.0.0,2020-06-16,no,2019-02-11,yes,v7.1.2
hashcat,150,,HMAC-SHA1 (key = $pass),v6.0.0,2020-06-16,no,2019-02-12,yes,v7.1.2
hashcat,160,,HMAC-SHA1 (key = $salt),v6.0.0,2020-06-16,no,2019-02-12,yes,v7.1.2
hashcat,170,,sha1(utf16le($pass)),v6.2.2,2021-06-13,yes,2020-12-16,yes,v7.1.2
hashcat,200,,MySQL323,v6.0.0,2020-06-16,no,2019-01-13,yes,v7.1.2
hashcat,300,,MySQL4.1/MySQL5,v6.0.0,2020-06-16,no,2019-01-13,yes,v7.1.2
hashcat,400,,phpass,v6.0.0,2020-06-16,no,2019-01-13,yes,v7.1.2
hashcat,500,,"md5crypt, MD5 (Unix), Cisco-IOS $1$ (MD5)",v6.0.0,2020-06-16,no,2019-01-13,yes,v7.1.2
hashcat,501,,Juniper IVE,v6.0.0,2020-06-16,no,2019-01-13,yes,v7.1.2
hashcat,600,,BLAKE2b-512,v6.0.0,2020-06-16,no,2019-01-15,yes,v7.1.2
hashcat,610,,BLAKE2b-512($pass.$salt),v6.2.6,2022-09-02,yes,2022-05-21,yes,v7.1.2
hashcat,620,,BLAKE2b-512($salt.$pass),v6.2.6,2022-09-02,yes,2022-05-21,yes,v7.1.2
hashcat,900,,MD4,v6.0.0,2020-06-16,no,2019-01-13,yes,v7.1.2
hashcat,1000,,NTLM,v6.0.0,2020-06-16,no,2019-01-13,yes,v7.1.2
hashcat,1100,,"Domain Cached Credentials (DCC), MS Cache",v6.0.0,2020-06-16,no,2019-02-08,yes,v7.1.2
hashcat,1300,,SHA2-224,v6.0.0,2020-06-16,no,2019-01-13,yes,v7.1.2
hashcat,1310,,sha224($pass.$salt),v7.1.0,2025-08-16,yes,2025-08-10,yes,v7.1.2
hashcat,1320,,sha224($salt.$pass),v7.1.0,2025-08-16,yes,2025-08-10,yes,v7.1.2
hashcat,1400,,SHA2-256,v6.0.0,2020-06-16,no,2019-01-13,yes,v7.1.2
hashcat,1410,,sha256($pass.$salt),v6.0.0,2020-06-16,no,2019-02-12,yes,v7.1.2
hashcat,1411,,"SSHA-256(Base64), LDAP {SSHA256}",v6.0.0,2020-06-16,no,2019-02-11,yes,v7.1.2
hashcat,1420,,sha256($salt.$pass),v6.0.0,2020-06-16,no,2019-02-12,yes,v7.1.2
hashcat,1421,,hMailServer,v6.0.0,2020-06-16,no,2019-02-11,yes,v7.1.2
hashcat,1430,,sha256(utf16le($pass).$salt),v6.0.0,2020-06-16,no,2019-02-12,yes,v7.1.2
hashcat,1440,,sha256($salt.utf16le($pass)),v6.0.0,2020-06-16,no,2019-02-12,yes,v7.1.2
hashcat,1441,,Episerver 6.x >= .NET 4,v6.0.0,2020-06-16,no,2019-02-11,yes,v7.1.2
hashcat,1450,,HMAC-SHA256 (key = $pass),v6.0.0,2020-06-16,no,2019-02-12,yes,v7.1.2
hashcat,1460,,HMAC-SHA256 (key = $salt),v6.0.0,2020-06-16,no,2019-02-12,yes,v7.1.2
hashcat,1470,,sha256(utf16le($pass)),v6.2.2,2021-06-13,yes,2020-12-16,yes,v7.1.2
hashcat,1500,,"descrypt, DES (Unix), Traditional DES",v6.0.0,2020-06-16,no,2019-01-15,yes,v7.1.2
hashcat,1600,,"Apache $apr1$ MD5, md5apr1, MD5 (APR)",v6.0.0,2020-06-16,no,2019-01-13,yes,v7.1.2
hashcat,1700,,SHA2-512,v6.0.0,2020-06-16,no,2019-01-13,yes,v7.1.2
hashcat,1710,,sha512($pass.$salt),v6.0.0,2020-06-16,no,2019-02-12,yes,v7.1.2
hashcat,1711,,"SSHA-512(Base64), LDAP {SSHA512}",v6.0.0,2020-06-16,no,2019-02-11,yes,v7.1.2
hashcat,1720,,sha512($salt.$pass),v6.0.0,2020-06-16,no,2019-02-12,yes,v7.1.2
hashcat,1722,,macOS v10.7,v6.0.0,2020-06-16,no,2019-02-11,yes,v7.1.2
hashcat,1730,,sha512(utf16le($pass).$salt),v6.0.0,2020-06-16,no,2019-02-12,yes,v7.1.2
hashcat,1731,,"MSSQL (2012, 2014)",v6.0.0,2020-06-16,no,2019-02-11,yes,v7.1.2
hashcat,1740,,sha512($salt.utf16le($pass)),v6.0.0,2020-06-16,no,2019-02-12,yes,v7.1.2
hashcat,1750,,HMAC-SHA512 (key = $pass),v6.0.0,2020-06-16,no,2019-02-12,yes,v7.1.2
hashcat,1760,,HMAC-SHA512 (key = $salt),v6.0.0,2020-06-16,no,2019-02-12,yes,v7.1.2
hashcat,1770,,sha512(utf16le($pass)),v6.2.2,2021-06-13,yes,2020-12-16,yes,v7.1.2
hashcat,1800,,"sha512crypt $6$, SHA512 (Unix)",v6.0.0,2020-06-16,no,2019-01-23,yes,v7.1.2
hashcat,2000,,STDOUT,v6.0.0,2020-06-16,no,2019-02-11,yes,v7.1.2
hashcat,2100,,"Domain Cached Credentials 2 (DCC2), MS Cache 2",v6.0.0,2020-06-16,no,2019-02-08,yes,v7.1.2
hashcat,2400,,Cisco-PIX MD5,v6.0.0,2020-06-16,no,2019-01-13,yes,v7.1.2
hashcat,2410,,Cisco-ASA MD5,v6.0.0,2020-06-16,no,2019-02-08,yes,v7.1.2
hashcat,2500,,WPA-EAPOL-PBKDF2,v6.0.0,2020-06-16,no,2019-01-19,yes,v7.1.2
hashcat,2501,,WPA-EAPOL-PMK,v6.0.0,2020-06-16,no,2019-01-20,yes,v7.1.2
hashcat,2600,,md5(md5($pass)),v6.0.0,2020-06-16,no,2019-02-12,yes,v7.1.2
hashcat,2611,,vBulletin < v3.8.5,v6.0.0,2020-06-16,no,2019-02-12,yes,v7.1.2
hashcat,2612,,PHPS,v6.0.0,2020-06-16,no,2019-02-12,yes,v7.1.2
hashcat,2630,,md5(md5($pass.$salt)),v7.0.0,2025-08-01,yes,2023-06-24,yes,v7.1.2
hashcat,2711,,vBulletin >= v3.8.5,v6.0.0,2020-06-16,no,2019-02-12,yes,v7.1.2
hashcat,2811,,"MyBB 1.2+, IPB2+ (Invision Power Board)",v6.0.0,2020-06-16,no,2019-02-08,yes,v7.1.2
hashcat,3000,,LM,v6.0.0,2020-06-16,no,2019-01-20,yes,v7.1.2
hashcat,3100,,Oracle H: Type (Oracle 7+),v6.0.0,2020-06-16,no,2019-02-08,yes,v7.1.2
hashcat,3200,,"bcrypt $2*$, Blowfish (Unix)",v6.0.0,2020-06-16,no,2019-01-21,yes,v7.1.2
hashcat,3500,,md5(md5(md5($pass))),v6.2.2,2021-06-13,yes,2020-10-25,yes,v7.1.2
hashcat,3610,,md5(md5(md5($pass)).$salt),v7.0.0,2025-08-01,yes,2023-04-28,yes,v7.1.2
hashcat,3710,,md5($salt.md5($pass)),v6.0.0,2020-06-16,no,2019-02-12,yes,v7.1.2
hashcat,3711,,MediaWiki B type,v6.0.0,2020-06-16,no,2019-02-12,yes,v7.1.2
hashcat,3730,,md5($salt1.strtoupper(md5($salt2.$pass))),v7.0.0,2025-08-01,yes,2022-10-20,yes,v7.1.2
hashcat,3800,,md5($salt.$pass.$salt),v6.0.0,2020-06-16,no,2019-02-12,yes,v7.1.2
hashcat,3910,,md5(md5($pass).md5($salt)),v6.0.0,2020-06-16,no,2019-02-08,yes,v7.1.2
hashcat,4010,,md5($salt.md5($salt.$pass)),v6.0.0,2020-06-16,no,2019-02-12,yes,v7.1.2
hashcat,4110,,md5($salt.md5($pass.$salt)),v6.0.0,2020-06-16,no,2019-02-12,yes,v7.1.2
hashcat,4300,,md5(strtoupper(md5($pass))),v6.0.0,2020-06-16,no,2019-02-12,yes,v7.1.2
hashcat,4400,,md5(sha1($pass)),v6.0.0,2020-06-16,no,2019-02-12,yes,v7.1.2
hashcat,4410,,md5(sha1($pass).$salt),v6.2.6,2022-09-02,yes,2022-06-18,yes,v7.1.2
hashcat,4420,,md5(sha1($pass.$salt)),v7.0.0,2025-08-01,yes,2023-06-24,yes,v7.1.2
hashcat,4430,,md5(sha1($salt.$pass)),v7.0.0,2025-08-01,yes,2023-06-27,yes,v7.1.2
hashcat,4500,,sha1(sha1($pass)),v6.0.0,2020-06-16,no,2019-02-12,yes,v7.1.2
hashcat,4510,,sha1(sha1($pass).$salt),v6.2.0,2021-05-14,yes,2020-09-05,yes,v7.1.2
hashcat,4520,,sha1($salt.sha1($pass)),v6.0.0,2020-06-16,no,2019-02-12,yes,v7.1.2
hashcat,4521,,Redmine,v6.0.0,2020-06-16,no,2019-02-12,yes,v7.1.2
hashcat,4522,,PunBB,v6.0.0,2020-06-16,no,2019-02-12,yes,v7.1.2
hashcat,4700,,sha1(md5($pass)),v6.0.0,2020-06-16,no,2019-02-12,yes,v7.1.2
hashcat,4710,,sha1(md5($pass).$salt),v6.0.0,2020-06-16,no,2019-07-26,yes,v7.1.2
hashcat,4711,,Huawei sha1(md5($pass).$salt),v6.0.0,2020-06-16,no,2019-08-03,yes,v7.1.2
hashcat,4800,,"iSCSI CHAP authentication, MD5(CHAP)",v6.0.0,2020-06-16,no,2019-02-08,yes,v7.1.2
hashcat,4900,,sha1($salt.$pass.$salt),v6.0.0,2020-06-16,no,2019-02-11,yes,v7.1.2
hashcat,5000,,sha1(sha1($salt.$pass.$salt)),v6.2.2,2021-06-13,yes,2020-10-26,yes,v7.1.2
hashcat,5100,,Half MD5,v6.0.0,2020-06-16,no,2019-01-18,yes,v7.1.2
hashcat,5200,,Password Safe v3,v6.0.0,2020-06-16,no,2019-02-08,yes,v7.1.2
hashcat,5300,,IKE-PSK MD5,v6.0.0,2020-06-16,no,2019-02-08,yes,v7.1.2
hashcat,5400,,IKE-PSK SHA1,v6.0.0,2020-06-16,no,2019-02-08,yes,v7.1.2
hashcat,5500,,NetNTLMv1 / NetNTLMv1+ESS,v6.0.0,2020-06-16,no,2019-01-21,yes,v7.1.2
hashcat,5600,,NetNTLMv2,v6.0.0,2020-06-16,no,2019-01-14,yes,v7.1.2
hashcat,5700,,Cisco-IOS type 4 (SHA256),v6.0.0,2020-06-16,no,2019-02-09,yes,v7.1.2
hashcat,5720,,Cisco-ISE Hashed Password (SHA256),v7.1.0,2025-08-16,yes,2025-08-03,yes,v7.1.2
hashcat,5800,,Samsung Android Password/PIN,v6.0.0,2020-06-16,no,2019-02-09,yes,v7.1.2
hashcat,6000,,RIPEMD-160,v6.0.0,2020-06-16,no,2019-02-11,yes,v7.1.2
hashcat,6050,,HMAC-RIPEMD160 (key = $pass),v7.0.0,2025-08-01,yes,2022-11-14,yes,v7.1.2
hashcat,6060,,HMAC-RIPEMD160 (key = $salt),v7.0.0,2025-08-01,yes,2022-11-14,yes,v7.1.2
hashcat,6100,,Whirlpool,v6.0.0,2020-06-16,no,2019-02-11,yes,v7.1.2
hashcat,6211,,TrueCrypt RIPEMD160 + XTS 512 bit (legacy),v6.0.0,2020-06-16,no,2019-01-26,yes,v7.1.2
hashcat,6212,,TrueCrypt RIPEMD160 + XTS 1024 bit (legacy),v6.0.0,2020-06-16,no,2019-01-26,yes,v7.1.2
hashcat,6213,,TrueCrypt RIPEMD160 + XTS 1536 bit (legacy),v6.0.0,2020-06-16,no,2019-01-26,yes,v7.1.2
hashcat,6221,,TrueCrypt SHA512 + XTS 512 bit (legacy),v6.0.0,2020-06-16,no,2019-01-26,yes,v7.1.2
hashcat,6222,,TrueCrypt SHA512 + XTS 1024 bit (legacy),v6.0.0,2020-06-16,no,2019-01-26,yes,v7.1.2
hashcat,6223,,TrueCrypt SHA512 + XTS 1536 bit (legacy),v6.0.0,2020-06-16,no,2019-01-26,yes,v7.1.2
hashcat,6231,,TrueCrypt Whirlpool + XTS 512 bit (legacy),v6.0.0,2020-06-16,no,2019-01-26,yes,v7.1.2
hashcat,6232,,TrueCrypt Whirlpool + XTS 1024 bit (legacy),v6.0.0,2020-06-16,no,2019-01-26,yes,v7.1.2
hashcat,6233,,TrueCrypt Whirlpool + XTS 1536 bit (legacy),v6.0.0,2020-06-16,no,2019-01-26,yes,v7.1.2
hashcat,6241,,TrueCrypt RIPEMD160 + XTS 512 bit + boot-mode (legacy),v6.0.0,2020-06-16,no,2019-01-26,yes,v7.1.2
hashcat,6242,,TrueCrypt RIPEMD160 + XTS 1024 bit + boot-mode (legacy),v6.0.0,2020-06-16,no,2019-01-26,yes,v7.1.2
hashcat,6243,,TrueCrypt RIPEMD160 + XTS 1536 bit + boot-mode (legacy),v6.0.0,2020-06-16,no,2019-01-26,yes,v7.1.2
hashcat,6300,,AIX {smd5},v6.0.0,2020-06-16,no,2019-01-13,yes,v7.1.2
hashcat,6400,,AIX {ssha256},v6.0.0,2020-06-16,no,2019-02-09,yes,v7.1.2
hashcat,6500,,AIX {ssha512},v6.0.0,2020-06-16,no,2019-02-09,yes,v7.1.2
hashcat,6600,,"1Password, agilekeychain",v6.0.0,2020-06-16,no,2019-02-08,yes,v7.1.2
hashcat,6700,,AIX {ssha1},v6.0.0,2020-06-16,no,2019-02-09,yes,v7.1.2
hashcat,6800,,LastPass + LastPass sniffed,v6.0.0,2020-06-16,no,2019-01-31,yes,v7.1.2
hashcat,6900,,GOST R 34.11-94,v6.0.0,2020-06-16,no,2019-02-09,yes,v7.1.2
hashcat,7000,,FortiGate (FortiOS),v6.0.0,2020-06-16,no,2019-02-09,yes,v7.1.2
hashcat,7100,,macOS v10.8+ (PBKDF2-SHA512),v6.0.0,2020-06-16,no,2019-01-24,yes,v7.1.2
hashcat,7200,,GRUB 2,v6.0.0,2020-06-16,no,2019-02-08,yes,v7.1.2
hashcat,7300,,IPMI2 RAKP HMAC-SHA1,v6.0.0,2020-06-16,no,2019-02-09,yes,v7.1.2
hashcat,7350,,IPMI2 RAKP HMAC-MD5,v7.0.0,2025-08-01,yes,2022-10-13,yes,v7.1.2
hashcat,7400,,"sha256crypt $5$, SHA256 (Unix)",v6.0.0,2020-06-16,no,2019-02-09,yes,v7.1.2
hashcat,7401,,MySQL $A$ (sha256crypt),v6.0.0,2020-06-16,no,2020-02-11,yes,v7.1.2
hashcat,7500,,"Kerberos 5, etype 23, AS-REQ Pre-Auth",v6.0.0,2020-06-16,no,2019-01-23,yes,v7.1.2
hashcat,7700,,SAP CODVN B (BCODE),v6.0.0,2020-06-16,no,2019-02-09,yes,v7.1.2
hashcat,7701,,SAP CODVN B (BCODE) from RFC_READ_TABLE,v6.0.0,2020-06-16,no,2019-02-09,yes,v7.1.2
hashcat,7800,,SAP CODVN F/G (PASSCODE),v6.0.0,2020-06-16,no,2019-02-09,yes,v7.1.2
hashcat,7801,,SAP CODVN F/G (PASSCODE) from RFC_READ_TABLE,v6.0.0,2020-06-16,no,2019-02-11,yes,v7.1.2
hashcat,7900,,Drupal7,v6.0.0,2020-06-16,no,2019-02-09,yes,v7.1.2
hashcat,8000,,Sybase ASE,v6.0.0,2020-06-16,no,2019-02-09,yes,v7.1.2
hashcat,8100,,Citrix NetScaler (SHA1),v6.0.0,2020-06-16,no,2019-02-09,yes,v7.1.2
hashcat,8200,,"1Password, cloudkeychain",v6.0.0,2020-06-16,no,2019-02-08,yes,v7.1.2
hashcat,8300,,DNSSEC (NSEC3),v6.0.0,2020-06-16,no,2019-02-09,yes,v7.1.2
hashcat,8400,,WBB3 (Woltlab Burning Board),v6.0.0,2020-06-16,no,2019-02-10,yes,v7.1.2
hashcat,8500,,RACF,v6.0.0,2020-06-16,no,2019-02-08,yes,v7.1.2
hashcat,8501,,AS/400 DES,v7.1.0,2025-08-16,yes,2025-08-04,yes,v7.1.2
hashcat,8600,,Lotus Notes/Domino 5,v6.0.0,2020-06-16,no,2019-02-10,yes,v7.1.2
hashcat,8700,,Lotus Notes/Domino 6,v6.0.0,2020-06-16,no,2019-02-10,yes,v7.1.2
hashcat,8800,,Android FDE <= 4.3,v6.0.0,2020-06-16,no,2019-02-10,yes,v7.1.2
hashcat,8900,,scrypt,v6.0.0,2020-06-16,no,2019-01-28,yes,v7.1.2
hashcat,9000,,Password Safe v2,v6.0.0,2020-06-16,no,2019-02-08,yes,v7.1.2
hashcat,9100,,Lotus Notes/Domino 8,v6.0.0,2020-06-16,no,2019-02-10,yes,v7.1.2
hashcat,9200,,Cisco-IOS $8$ (PBKDF2-SHA256),v6.0.0,2020-06-16,no,2019-02-10,yes,v7.1.2
hashcat,9300,,Cisco-IOS $9$ (scrypt),v6.0.0,2020-06-16,no,2019-01-31,yes,v7.1.2
hashcat,9400,,MS Office 2007,v6.0.0,2020-06-16,no,2019-02-10,yes,v7.1.2
hashcat,9500,,MS Office 2010,v6.0.0,2020-06-16,no,2019-02-10,yes,v7.1.2
hashcat,9600,,MS Office 2013,v6.0.0,2020-06-16,no,2019-02-08,yes,v7.1.2
hashcat,9700,,"MS Office <= 2003 $0/$1, MD5 + RC4",v6.0.0,2020-06-16,no,2019-02-08,yes,v7.1.2
hashcat,9710,,"MS Office <= 2003 $0/$1, MD5 + RC4, collider #1",v6.0.0,2020-06-16,no,2019-02-08,yes,v7.1.2
hashcat,9720,,"MS Office <= 2003 $0/$1, MD5 + RC4, collider #2",v6.0.0,2020-06-16,no,2019-02-08,yes,v7.1.2
hashcat,9800,,"MS Office <= 2003 $3/$4, SHA1 + RC4",v6.0.0,2020-06-16,no,2019-02-08,yes,v7.1.2
hashcat,9810,,"MS Office <= 2003 $3, SHA1 + RC4, collider #1",v6.0.0,2020-06-16,no,2019-02-08,yes,v7.1.2
hashcat,9820,,"MS Office <= 2003 $3, SHA1 + RC4, collider #2",v6.0.0,2020-06-16,no,2019-02-08,yes,v7.1.2
hashcat,9900,,Radmin2,v6.0.0,2020-06-16,no,2019-02-11,yes,v7.1.2
hashcat,10000,,Django (PBKDF2-SHA256),v6.0.0,2020-06-16,no,2019-02-10,yes,v7.1.2
hashcat,10100,,SipHash,v6.0.0,2020-06-16,no,2019-02-11,yes,v7.1.2
hashcat,10200,,CRAM-MD5,v6.0.0,2020-06-16,no,2019-02-11,yes,v7.1.2
hashcat,10300,,SAP CODVN H (PWDSALTEDHASH) iSSHA-1,v6.0.0,2020-06-16,no,2019-02-10,yes,v7.1.2
hashcat,10400,,PDF 1.1 - 1.3 (Acrobat 2 - 4),v6.0.0,2020-06-16,no,2019-02-08,yes,v7.1.2
hashcat,10410,,"PDF 1.1 - 1.3 (Acrobat 2 - 4), collider #1",v6.0.0,2020-06-16,no,2019-02-08,yes,v7.1.2
hashcat,10420,,"PDF 1.1 - 1.3 (Acrobat 2 - 4), collider #2",v6.0.0,2020-06-16,no,2019-02-08,yes,v7.1.2
hashcat,10500,,PDF 1.4 - 1.6 (Acrobat 5 - 8),v6.0.0,2020-06-16,no,2019-02-08,yes,v7.1.2
hashcat,10510,,PDF 1.3 - 1.6 (Acrobat 4 - 8) w/ RC4-40,v7.0.0,2025-08-01,yes,2024-09-10,yes,v7.1.2
hashcat,10600,,PDF 1.7 Level 3 (Acrobat 9),v6.0.0,2020-06-16,no,2019-02-10,yes,v7.1.2
hashcat,10700,,PDF 1.7 Level 8 (Acrobat 10 - 11),v6.0.0,2020-06-16,no,2019-02-10,yes,v7.1.2
hashcat,10800,,SHA2-384,v6.0.0,2020-06-16,no,2019-01-13,yes,v7.1.2
hashcat,10810,,sha384($pass.$salt),v6.2.2,2021-06-13,yes,2020-12-17,yes,v7.1.2
hashcat,10820,,sha384($salt.$pass),v6.2.2,2021-06-13,yes,2020-12-17,yes,v7.1.2
hashcat,10830,,sha384(utf16le($pass).$salt),v6.2.2,2021-06-13,yes,2020-12-17,yes,v7.1.2
hashcat,10840,,sha384($salt.utf16le($pass)),v6.2.2,2021-06-13,yes,2020-12-17,yes,v7.1.2
hashcat,10870,,sha384(utf16le($pass)),v6.2.2,2021-06-13,yes,2020-12-17,yes,v7.1.2
hashcat,10900,,PBKDF2-HMAC-SHA256,v6.0.0,2020-06-16,no,2019-02-10,yes,v7.1.2
hashcat,10901,,RedHat 389-DS LDAP (PBKDF2-HMAC-SHA256),v6.0.0,2020-06-16,no,2020-03-03,yes,v7.1.2
hashcat,11000,,PrestaShop,v6.0.0,2020-06-16,no,2019-02-08,yes,v7.1.2
hashcat,11100,,PostgreSQL CRAM (MD5),v6.0.0,2020-06-16,no,2019-02-11,yes,v7.1.2
hashcat,11200,,MySQL CRAM (SHA1),v6.0.0,2020-06-16,no,2019-02-11,yes,v7.1.2
hashcat,11300,,Bitcoin/Litecoin wallet.dat,v6.0.0,2020-06-16,no,2019-01-31,yes,v7.1.2
hashcat,11400,,SIP digest authentication (MD5),v6.0.0,2020-06-16,no,2019-02-10,yes,v7.1.2
hashcat,11500,,CRC32,v6.0.0,2020-06-16,no,2019-01-27,yes,v7.1.2
hashcat,11600,,7-Zip,v6.0.0,2020-06-16,no,2019-01-25,yes,v7.1.2
hashcat,11700,,"GOST R 34.11-2012 (Streebog) 256-bit, big-endian",v6.0.0,2020-06-16,no,2019-02-11,yes,v7.1.2
hashcat,11750,,"HMAC-Streebog-256 (key = $pass), big-endian",v6.0.0,2020-06-16,no,2019-02-11,yes,v7.1.2
hashcat,11760,,"HMAC-Streebog-256 (key = $salt), big-endian",v6.0.0,2020-06-16,no,2019-02-11,yes,v7.1.2
hashcat,11800,,"GOST R 34.11-2012 (Streebog) 512-bit, big-endian",v6.0.0,2020-06-16,no,2019-02-11,yes,v7.1.2
hashcat,11850,,"HMAC-Streebog-512 (key = $pass), big-endian",v6.0.0,2020-06-16,no,2019-02-11,yes,v7.1.2
hashcat,11860,,"HMAC-Streebog-512 (key = $salt), big-endian",v6.0.0,2020-06-16,no,2019-02-11,yes,v7.1.2
hashcat,11900,,PBKDF2-HMAC-MD5,v6.0.0,2020-06-16,no,2019-02-10,yes,v7.1.2
hashcat,12000,,PBKDF2-HMAC-SHA1,v6.0.0,2020-06-16,no,2019-01-23,yes,v7.1.2
hashcat,12001,,Atlassian (PBKDF2-HMAC-SHA1),v6.0.0,2020-06-16,no,2019-02-10,yes,v7.1.2
hashcat,12100,,PBKDF2-HMAC-SHA512,v6.0.0,2020-06-16,no,2019-02-10,yes,v7.1.2
hashcat,12150,,Apache Shiro 1 SHA-512,v7.0.0,2025-08-01,yes,2024-06-04,yes,v7.1.2
hashcat,12200,,eCryptfs,v6.0.0,2020-06-16,no,2019-02-11,yes,v7.1.2
hashcat,12300,,Oracle T: Type (Oracle 12+),v6.0.0,2020-06-16,no,2019-02-11,yes,v7.1.2
hashcat,12400,,"BSDi Crypt, Extended DES",v6.0.0,2020-06-16,no,2019-02-08,yes,v7.1.2
hashcat,12500,,RAR3-hp,v6.0.0,2020-06-16,no,2019-01-25,yes,v7.1.2
hashcat,12600,,ColdFusion 10+,v6.0.0,2020-06-16,no,2019-02-08,yes,v7.1.2
hashcat,12700,,"Blockchain, My Wallet",v6.0.0,2020-06-16,no,2019-02-11,yes,v7.1.2
hashcat,12800,,MS-AzureSync PBKDF2-HMAC-SHA256,v6.0.0,2020-06-16,no,2019-02-11,yes,v7.1.2
hashcat,12900,,Android FDE (Samsung DEK),v6.0.0,2020-06-16,no,2019-02-11,yes,v7.1.2
hashcat,13000,,RAR5,v6.0.0,2020-06-16,no,2019-01-25,yes,v7.1.2
hashcat,13100,,"Kerberos 5, etype 23, TGS-REP",v6.0.0,2020-06-16,no,2019-01-24,yes,v7.1.2
hashcat,13200,,AxCrypt 1,v6.0.0,2020-06-16,no,2019-02-11,yes,v7.1.2
hashcat,13300,,AxCrypt 1 in-memory SHA1,v6.0.0,2020-06-16,no,2019-02-11,yes,v7.1.2
hashcat,13400,,KeePass (KDBX v2/v3),v6.0.0,2020-06-16,no,2019-01-31,yes,v7.1.2
hashcat,13500,,PeopleSoft PS_TOKEN,v6.0.0,2020-06-16,no,2019-01-31,yes,v7.1.2
hashcat,13600,,WinZip,v6.0.0,2020-06-16,no,2019-02-11,yes,v7.1.2
hashcat,13711,,VeraCrypt RIPEMD160 + XTS 512 bit (legacy),v6.0.0,2020-06-16,no,2019-02-08,yes,v7.1.2
hashcat,13712,,VeraCrypt RIPEMD160 + XTS 1024 bit (legacy),v6.0.0,2020-06-16,no,2019-02-08,yes,v7.1.2
hashcat,13713,,VeraCrypt RIPEMD160 + XTS 1536 bit (legacy),v6.0.0,2020-06-16,no,2019-02-08,yes,v7.1.2
hashcat,13721,,VeraCrypt SHA512 + XTS 512 bit (legacy),v6.0.0,2020-06-16,no,2019-02-08,yes,v7.1.2
hashcat,13722,,VeraCrypt SHA512 + XTS 1024 bit (legacy),v6.0.0,2020-06-16,no,2019-02-08,yes,v7.1.2
hashcat,13723,,VeraCrypt SHA512 + XTS 1536 bit (legacy),v6.0.0,2020-06-16,no,2019-02-08,yes,v7.1.2
hashcat,13731,,VeraCrypt Whirlpool + XTS 512 bit (legacy),v6.0.0,2020-06-16,no,2019-02-08,yes,v7.1.2
hashcat,13732,,VeraCrypt Whirlpool + XTS 1024 bit (legacy),v6.0.0,2020-06-16,no,2019-02-08,yes,v7.1.2
hashcat,13733,,VeraCrypt Whirlpool + XTS 1536 bit (legacy),v6.0.0,2020-06-16,no,2019-02-08,yes,v7.1.2
hashcat,13741,,VeraCrypt RIPEMD160 + XTS 512 bit + boot-mode (legacy),v6.0.0,2020-06-16,no,2019-02-08,yes,v7.1.2
hashcat,13742,,VeraCrypt RIPEMD160 + XTS 1024 bit + boot-mode (legacy),v6.0.0,2020-06-16,no,2019-02-08,yes,v7.1.2
hashcat,13743,,VeraCrypt RIPEMD160 + XTS 1536 bit + boot-mode (legacy),v6.0.0,2020-06-16,no,2019-02-08,yes,v7.1.2
hashcat,13751,,VeraCrypt SHA256 + XTS 512 bit (legacy),v6.0.0,2020-06-16,no,2019-02-08,yes,v7.1.2
hashcat,13752,,VeraCrypt SHA256 + XTS 1024 bit (legacy),v6.0.0,2020-06-16,no,2019-02-08,yes,v7.1.2
hashcat,13753,,VeraCrypt SHA256 + XTS 1536 bit (legacy),v6.0.0,2020-06-16,no,2019-02-08,yes,v7.1.2
hashcat,13761,,VeraCrypt SHA256 + XTS 512 bit + boot-mode (legacy),v6.0.0,2020-06-16,no,2019-02-08,yes,v7.1.2
hashcat,13762,,VeraCrypt SHA256 + XTS 1024 bit + boot-mode (legacy),v6.0.0,2020-06-16,no,2019-02-08,yes,v7.1.2
hashcat,13763,,VeraCrypt SHA256 + XTS 1536 bit + boot-mode (legacy),v6.0.0,2020-06-16,no,2019-02-08,yes,v7.1.2
hashcat,13771,,VeraCrypt Streebog-512 + XTS 512 bit (legacy),v6.0.0,2020-06-16,no,2019-02-08,yes,v7.1.2
hashcat,13772,,VeraCrypt Streebog-512 + XTS 1024 bit (legacy),v6.0.0,2020-06-16,no,2019-02-08,yes,v7.1.2
hashcat,13773,,VeraCrypt Streebog-512 + XTS 1536 bit (legacy),v6.0.0,2020-06-16,no,2019-02-08,yes,v7.1.2
hashcat,13781,,VeraCrypt Streebog-512 + XTS 512 bit + boot-mode (legacy),v6.2.3,2021-07-16,yes,2021-06-21,yes,v7.1.2
hashcat,13782,,VeraCrypt Streebog-512 + XTS 1024 bit + boot-mode (legacy),v6.2.3,2021-07-16,yes,2021-06-21,yes,v7.1.2
hashcat,13783,,VeraCrypt Streebog-512 + XTS 1536 bit + boot-mode (legacy),v6.2.3,2021-07-16,yes,2021-06-21,yes,v7.1.2
hashcat,13800,,Windows Phone 8+ PIN/password,v6.0.0,2020-06-16,no,2019-02-11,yes,v7.1.2
hashcat,13900,,OpenCart,v6.0.0,2020-06-16,no,2019-02-11,yes,v7.1.2
hashcat,14000,,"DES (PT = $salt, key = $pass)",v6.0.0,2020-06-16,no,2019-01-16,yes,v7.1.2
hashcat,14100,,"3DES (PT = $salt, key = $pass)",v6.0.0,2020-06-16,no,2019-01-16,yes,v7.1.2
hashcat,14200,,RACF KDFAES,v7.0.0,2025-08-01,yes,2025-07-16,yes,v7.1.2
hashcat,14400,,sha1(CX),v6.0.0,2020-06-16,no,2019-02-11,yes,v7.1.2
hashcat,14500,,Linux Kernel Crypto API (2.4),v6.2.2,2021-06-13,yes,2021-05-06,yes,v7.1.2
hashcat,14600,,LUKS v1 (legacy),v6.0.0,2020-06-16,no,2019-02-08,yes,v7.1.2
hashcat,14700,,iTunes backup < 10.0,v6.0.0,2020-06-16,no,2019-02-11,yes,v7.1.2
hashcat,14800,,iTunes backup >= 10.0,v6.0.0,2020-06-16,no,2019-02-11,yes,v7.1.2
hashcat,14900,,"Skip32 (PT = $salt, key = $pass)",v6.0.0,2020-06-16,no,2019-02-08,yes,v7.1.2
hashcat,15000,,FileZilla Server >= 0.9.55,v6.0.0,2020-06-16,no,2019-02-08,yes,v7.1.2
hashcat,15100,,Juniper/NetBSD sha1crypt,v6.0.0,2020-06-16,no,2019-02-10,yes,v7.1.2
hashcat,15200,,"Blockchain, My Wallet, V2",v6.0.0,2020-06-16,no,2019-02-11,yes,v7.1.2
hashcat,15300,,DPAPI masterkey file v1 (context 1 and 2),v6.0.0,2020-06-16,no,2019-01-24,yes,v7.1.2
hashcat,15310,,DPAPI masterkey file v1 (context 3),v6.2.6,2022-09-02,yes,2022-03-06,yes,v7.1.2
hashcat,15400,,ChaCha20,v6.0.0,2020-06-16,no,2019-02-08,yes,v7.1.2
hashcat,15500,,JKS Java Key Store Private Keys (SHA1),v6.0.0,2020-06-16,no,2019-02-11,yes,v7.1.2
hashcat,15600,,"Ethereum Wallet, PBKDF2-HMAC-SHA256",v6.0.0,2020-06-16,no,2019-02-08,yes,v7.1.2
hashcat,15700,,"Ethereum Wallet, SCRYPT",v6.0.0,2020-06-16,no,2019-01-31,yes,v7.1.2
hashcat,15900,,DPAPI masterkey file v2 (context 1 and 2),v6.0.0,2020-06-16,no,2019-01-24,yes,v7.1.2
hashcat,15910,,DPAPI masterkey file v2 (context 3),v6.2.6,2022-09-02,yes,2022-03-06,yes,v7.1.2
hashcat,16000,,Tripcode,v6.0.0,2020-06-16,no,2019-02-08,yes,v7.1.2
hashcat,16100,,TACACS+,v6.0.0,2020-06-16,no,2019-02-11,yes,v7.1.2
hashcat,16200,,Apple Secure Notes,v6.0.0,2020-06-16,no,2019-02-11,yes,v7.1.2
hashcat,16300,,"Ethereum Pre-Sale Wallet, PBKDF2-HMAC-SHA256",v6.0.0,2020-06-16,no,2019-02-11,yes,v7.1.2
hashcat,16400,,CRAM-MD5 Dovecot,v6.0.0,2020-06-16,no,2019-02-11,yes,v7.1.2
hashcat,16500,,JWT (JSON Web Token),v6.0.0,2020-06-16,no,2019-02-11,yes,v7.1.2
hashcat,16501,,"Perl Mojolicious session cookie (HMAC-SHA256, >= v9.19)",v7.0.0,2025-08-01,yes,2024-10-10,yes,v7.1.2
hashcat,16600,,Electrum Wallet (Salt-Type 1-3),v6.0.0,2020-06-16,no,2019-02-11,yes,v7.1.2
hashcat,16700,,FileVault 2,v6.0.0,2020-06-16,no,2019-02-08,yes,v7.1.2
hashcat,16800,,WPA-PMKID-PBKDF2,v6.0.0,2020-06-16,no,2019-01-20,yes,v7.1.2
hashcat,16801,,WPA-PMKID-PMK,v6.0.0,2020-06-16,no,2019-01-20,yes,v7.1.2
hashcat,16900,,Ansible Vault,v6.0.0,2020-06-16,no,2019-02-13,yes,v7.1.2
hashcat,17010,,GPG (AES-128/AES-256 (SHA-1($pass))),v6.2.5,2021-11-21,yes,2021-07-27,yes,v7.1.2
hashcat,17020,,GPG (AES-128/AES-256 (SHA-512($pass))),v7.0.0,2025-08-01,yes,2022-11-16,yes,v7.1.2
hashcat,17030,,GPG (AES-128/AES-256 (SHA-256($pass))),v7.0.0,2025-08-01,yes,2023-03-02,yes,v7.1.2
hashcat,17040,,GPG (CAST5 (SHA-1($pass))),v7.0.0,2025-08-01,yes,2023-06-26,yes,v7.1.2
hashcat,17050,,GPG (AES-OCB-128 (SHA-1($pass))),,,,2025-09-21,no,v7.1.2
hashcat,17200,,PKZIP (Compressed),v6.0.0,2020-06-16,no,2019-03-21,yes,v7.1.2
hashcat,17210,,PKZIP (Uncompressed),v6.0.0,2020-06-16,no,2019-03-21,yes,v7.1.2
hashcat,17220,,PKZIP (Compressed Multi-File),v6.0.0,2020-06-16,no,2019-03-21,yes,v7.1.2
hashcat,17225,,PKZIP (Mixed Multi-File),v6.0.0,2020-06-16,no,2019-05-20,yes,v7.1.2
hashcat,17230,,PKZIP (Mixed Multi-File Checksum-Only),v6.0.0,2020-06-16,no,2019-03-21,yes,v7.1.2
hashcat,17300,,SHA3-224,v6.0.0,2020-06-16,no,2019-01-20,yes,v7.1.2
hashcat,17400,,SHA3-256,v6.0.0,2020-06-16,no,2019-01-23,yes,v7.1.2
hashcat,17500,,SHA3-384,v6.0.0,2020-06-16,no,2019-01-24,yes,v7.1.2
hashcat,17600,,SHA3-512,v6.0.0,2020-06-16,no,2019-01-24,yes,v7.1.2
hashcat,17700,,Keccak-224,v6.0.0,2020-06-16,no,2019-01-22,yes,v7.1.2
hashcat,17800,,Keccak-256,v6.0.0,2020-06-16,no,2019-01-23,yes,v7.1.2
hashcat,17900,,Keccak-384,v6.0.0,2020-06-16,no,2019-01-24,yes,v7.1.2
hashcat,18000,,Keccak-512,v6.0.0,2020-06-16,no,2019-01-24,yes,v7.1.2
hashcat,18100,,TOTP (HMAC-SHA1),v6.0.0,2020-06-16,no,2019-01-26,yes,v7.1.2
hashcat,18200,,"Kerberos 5, etype 23, AS-REP",v6.0.0,2020-06-16,no,2019-01-24,yes,v7.1.2
hashcat,18300,,Apple File System (APFS),v6.0.0,2020-06-16,no,2019-01-26,yes,v7.1.2
hashcat,18400,,"Open Document Format (ODF) 1.2 (SHA-256, AES)",v6.0.0,2020-06-16,no,2019-01-15,yes,v7.1.2
hashcat,18500,,sha1(md5(md5($pass))),v6.0.0,2020-06-16,no,2019-01-15,yes,v7.1.2
hashcat,18600,,"Open Document Format (ODF) 1.1 (SHA-1, Blowfish)",v6.0.0,2020-06-16,no,2019-01-15,yes,v7.1.2
hashcat,18700,,Java Object hashCode(),v6.0.0,2020-06-16,no,2019-02-21,yes,v7.1.2
hashcat,18800,,"Blockchain, My Wallet, Second Password (SHA256)",v6.0.0,2020-06-16,no,2019-02-23,yes,v7.1.2
hashcat,18900,,Android Backup,v6.0.0,2020-06-16,no,2019-02-22,yes,v7.1.2
hashcat,19000,,QNX /etc/shadow (MD5),v6.0.0,2020-06-16,no,2019-02-27,yes,v7.1.2
hashcat,19100,,QNX /etc/shadow (SHA256),v6.0.0,2020-06-16,no,2019-02-27,yes,v7.1.2
hashcat,19200,,QNX /etc/shadow (SHA512),v6.0.0,2020-06-16,no,2019-02-27,yes,v7.1.2
hashcat,19210,,QNX 7 /etc/shadow (SHA512),v7.0.0,2025-08-01,yes,2023-09-14,yes,v7.1.2
hashcat,19300,,sha1($salt1.$pass.$salt2),v6.0.0,2020-06-16,no,2019-02-28,yes,v7.1.2
hashcat,19500,,Ruby on Rails Restful-Authentication,v6.0.0,2020-06-16,no,2019-03-06,yes,v7.1.2
hashcat,19600,,"Kerberos 5, etype 17, TGS-REP",v6.0.0,2020-06-16,no,2019-03-13,yes,v7.1.2
hashcat,19700,,"Kerberos 5, etype 18, TGS-REP",v6.0.0,2020-06-16,no,2019-03-13,yes,v7.1.2
hashcat,19800,,"Kerberos 5, etype 17, Pre-Auth",v6.0.0,2020-06-16,no,2019-04-09,yes,v7.1.2
hashcat,19900,,"Kerberos 5, etype 18, Pre-Auth",v6.0.0,2020-06-16,no,2019-04-09,yes,v7.1.2
hashcat,20011,,DiskCryptor SHA512 + XTS 512 bit,v6.0.0,2020-06-16,no,2019-04-20,yes,v7.1.2
hashcat,20012,,DiskCryptor SHA512 + XTS 1024 bit,v6.0.0,2020-06-16,no,2019-04-20,yes,v7.1.2
hashcat,20013,,DiskCryptor SHA512 + XTS 1536 bit,v6.0.0,2020-06-16,no,2019-04-20,yes,v7.1.2
hashcat,20200,,Python passlib pbkdf2-sha512,v6.0.0,2020-06-16,no,2019-05-02,yes,v7.1.2
hashcat,20300,,Python passlib pbkdf2-sha256,v6.0.0,2020-06-16,no,2019-05-08,yes,v7.1.2
hashcat,20400,,Python passlib pbkdf2-sha1,v6.0.0,2020-06-16,no,2019-05-08,yes,v7.1.2
hashcat,20500,,PKZIP Master Key,v6.0.0,2020-06-16,no,2019-05-17,yes,v7.1.2
hashcat,20510,,PKZIP Master Key (6 byte optimization),v6.0.0,2020-06-16,no,2019-05-17,yes,v7.1.2
hashcat,20600,,Oracle Transportation Management (SHA256),v6.0.0,2020-06-16,no,2019-06-18,yes,v7.1.2
hashcat,20710,,sha256(sha256($pass).$salt),v6.0.0,2020-06-16,no,2019-07-31,yes,v7.1.2
hashcat,20711,,AuthMe sha256,v6.0.0,2020-06-16,no,2019-07-31,yes,v7.1.2
hashcat,20712,,RSA Security Analytics / NetWitness (sha256),v7.0.0,2025-08-01,yes,2023-06-17,yes,v7.1.2
hashcat,20720,,sha256($salt.sha256($pass)),v6.2.2,2021-06-13,yes,2020-10-23,yes,v7.1.2
hashcat,20730,,sha256(sha256($pass.$salt)),v7.0.0,2025-08-01,yes,2025-05-22,yes,v7.1.2
hashcat,20800,,sha256(md5($pass)),v6.0.0,2020-06-16,no,2019-07-30,yes,v7.1.2
hashcat,20900,,md5(sha1($pass).md5($pass).sha1($pass)),v6.0.0,2020-06-16,no,2019-07-30,yes,v7.1.2
hashcat,21000,,BitShares v0.x - sha512(sha512_bin(pass)),v6.0.0,2020-06-16,no,2019-07-30,yes,v7.1.2
hashcat,21100,,sha1(md5($pass.$salt)),v6.0.0,2020-06-16,no,2019-07-30,yes,v7.1.2
hashcat,21200,,md5(sha1($salt).md5($pass)),v6.0.0,2020-06-16,no,2019-07-30,yes,v7.1.2
hashcat,21300,,md5($salt.sha1($salt.$pass)),v6.0.0,2020-06-16,no,2019-07-30,yes,v7.1.2
hashcat,21310,,md5($salt1.sha1($salt2.$pass)),v7.0.0,2025-08-01,yes,2023-06-15,yes,v7.1.2
hashcat,21400,,sha256(sha256_bin($pass)),v6.0.0,2020-06-16,no,2019-07-31,yes,v7.1.2
hashcat,21420,,sha256($salt.sha256_bin($pass)),v6.2.6,2022-09-02,yes,2020-01-23,yes,v7.1.2
hashcat,21500,,SolarWinds Orion,v6.0.0,2020-06-16,no,2019-08-05,yes,v7.1.2
hashcat,21501,,SolarWinds Orion v2,v6.2.0,2021-05-14,yes,2021-05-05,yes,v7.1.2
hashcat,21600,,Web2py pbkdf2-sha512,v6.0.0,2020-06-16,no,2019-11-24,yes,v7.1.2
hashcat,21700,,Electrum Wallet (Salt-Type 4),v6.0.0,2020-06-16,no,2019-11-16,yes,v7.1.2
hashcat,21800,,Electrum Wallet (Salt-Type 5),v6.0.0,2020-06-16,no,2019-11-16,yes,v7.1.2
hashcat,21900,,md5(md5(md5($pass.$salt1)).$salt2),v7.0.0,2025-08-01,yes,2025-07-15,yes,v7.1.2
hashcat,22000,,WPA-PBKDF2-PMKID+EAPOL,v6.0.0,2020-06-16,no,2019-12-15,yes,v7.1.2
hashcat,22001,,WPA-PMK-PMKID+EAPOL,v6.0.0,2020-06-16,no,2019-12-19,yes,v7.1.2
hashcat,22100,,BitLocker,v6.0.0,2020-06-16,no,2019-12-31,yes,v7.1.2
hashcat,22200,,Citrix NetScaler (SHA512),v6.0.0,2020-06-16,no,2020-01-14,yes,v7.1.2
hashcat,22300,,sha256($salt.$pass.$salt),v6.0.0,2020-06-16,no,2020-01-15,yes,v7.1.2
hashcat,22301,,Telegram Mobile App Passcode (SHA256),v6.0.0,2020-06-16,no,2020-01-15,yes,v7.1.2
hashcat,22400,,AES Crypt (SHA256),v6.0.0,2020-06-16,no,2020-01-16,yes,v7.1.2
hashcat,22500,,MultiBit Classic .key (MD5),v6.0.0,2020-06-16,no,2020-02-06,yes,v7.1.2
hashcat,22600,,Telegram Desktop < v2.1.14 (PBKDF2-HMAC-SHA1),v6.0.0,2020-06-16,no,2020-04-08,yes,v7.1.2
hashcat,22700,,MultiBit HD (scrypt),v6.0.0,2020-06-16,no,2020-05-08,yes,v7.1.2
hashcat,22800,,Simpla CMS - md5($salt.$pass.md5($pass)),v7.0.0,2025-08-01,yes,2025-07-28,yes,v7.1.2
hashcat,22911,,RSA/DSA/EC/OpenSSH Private Keys ($0$),v6.2.0,2021-05-14,yes,2020-08-03,yes,v7.1.2
hashcat,22921,,RSA/DSA/EC/OpenSSH Private Keys ($6$),v6.2.0,2021-05-14,yes,2020-08-03,yes,v7.1.2
hashcat,22931,,"RSA/DSA/EC/OpenSSH Private Keys ($1, $3$)",v6.2.0,2021-05-14,yes,2020-08-03,yes,v7.1.2
hashcat,22941,,RSA/DSA/EC/OpenSSH Private Keys ($4$),v6.2.0,2021-05-14,yes,2020-08-03,yes,v7.1.2
hashcat,22951,,RSA/DSA/EC/OpenSSH Private Keys ($5$),v6.2.0,2021-05-14,yes,2020-08-03,yes,v7.1.2
hashcat,23001,,SecureZIP AES-128,v6.0.0,2020-06-16,no,2020-05-31,yes,v7.1.2
hashcat,23002,,SecureZIP AES-192,v6.0.0,2020-06-16,no,2020-05-31,yes,v7.1.2
hashcat,23003,,SecureZIP AES-256,v6.0.0,2020-06-16,no,2020-05-31,yes,v7.1.2
hashcat,23100,,Apple Keychain,v6.1.0,2020-07-28,yes,2020-06-25,yes,v7.1.2
hashcat,23200,,XMPP SCRAM PBKDF2-SHA1,v6.1.0,2020-07-28,yes,2020-07-17,yes,v7.1.2
hashcat,23300,,Apple iWork,v6.2.0,2021-05-14,yes,2020-08-12,yes,v7.1.2
hashcat,23400,,Bitwarden,v6.2.0,2021-05-14,yes,2020-08-13,yes,v7.1.2
hashcat,23500,,AxCrypt 2 AES-128,v6.2.0,2021-05-14,yes,2020-08-14,yes,v7.1.2
hashcat,23600,,AxCrypt 2 AES-256,v6.2.0,2021-05-14,yes,2020-08-14,yes,v7.1.2
hashcat,23700,,RAR3-p (Uncompressed),v6.2.0,2021-05-14,yes,2020-09-08,yes,v7.1.2
hashcat,23800,,RAR3-p (Compressed),v6.2.0,2021-05-14,yes,2020-09-08,yes,v7.1.2
hashcat,23900,,BestCrypt v3 Volume Encryption,v6.2.0,2021-05-14,yes,2020-09-26,yes,v7.1.2
hashcat,24000,,BestCrypt v4 Volume Encryption,v7.0.0,2025-08-01,yes,2025-04-27,yes,v7.1.2
hashcat,24100,,MongoDB ServerKey SCRAM-SHA-1,v6.2.0,2021-05-14,yes,2020-10-04,yes,v7.1.2
hashcat,24200,,MongoDB ServerKey SCRAM-SHA-256,v6.2.0,2021-05-14,yes,2020-10-04,yes,v7.1.2
hashcat,24300,,sha1($salt.sha1($pass.$salt)),v6.2.0,2021-05-14,yes,2020-10-20,yes,v7.1.2
hashcat,24410,,PKCS#8 Private Keys (PBKDF2-HMAC-SHA1 + 3DES/AES),v6.2.0,2021-05-14,yes,2020-10-09,yes,v7.1.2
hashcat,24420,,PKCS#8 Private Keys (PBKDF2-HMAC-SHA256 + 3DES/AES),v6.2.0,2021-05-14,yes,2020-10-09,yes,v7.1.2
hashcat,24500,,Telegram Desktop >= v2.1.14 (PBKDF2-HMAC-SHA512),v6.2.0,2021-05-14,yes,2020-10-16,yes,v7.1.2
hashcat,24600,,SQLCipher,v6.2.0,2021-05-14,yes,2020-10-26,yes,v7.1.2
hashcat,24700,,Stuffit5,v6.2.0,2021-05-14,yes,2021-04-01,yes,v7.1.2
hashcat,24800,,Umbraco HMAC-SHA1,v6.2.0,2021-05-14,yes,2021-02-05,yes,v7.1.2
hashcat,24900,,Dahua Authentication MD5,v6.2.0,2021-05-14,yes,2021-03-07,yes,v7.1.2
hashcat,24901,,Besder Authentication MD5,v7.1.2,2025-08-23,yes,2025-08-14,yes,v7.1.2
hashcat,25000,,SNMPv3 HMAC-MD5-96/HMAC-SHA1-96,v6.2.4,2021-08-29,yes,2021-07-24,yes,v7.1.2
hashcat,25100,,SNMPv3 HMAC-MD5-96,v6.2.4,2021-08-29,yes,2021-07-24,yes,v7.1.2
hashcat,25200,,SNMPv3 HMAC-SHA1-96,v6.2.4,2021-08-29,yes,2021-07-20,yes,v7.1.2
hashcat,25300,,MS Office 2016 - SheetProtection,v6.2.0,2021-05-14,yes,2021-04-02,yes,v7.1.2
hashcat,25400,,PDF 1.4 - 1.6 (Acrobat 5 - 8) - user and owner pass,v6.2.0,2021-05-14,yes,2021-04-01,yes,v7.1.2
hashcat,25500,,Stargazer Stellar Wallet XLM,v6.2.0,2021-05-14,yes,2021-04-05,yes,v7.1.2
hashcat,25600,,bcrypt(md5($pass)),v6.2.2,2021-06-13,yes,2021-05-17,yes,v7.1.2
hashcat,25700,,MurmurHash,v6.2.2,2021-06-13,yes,2021-05-18,yes,v7.1.2
hashcat,25800,,bcrypt(sha1($pass)),v6.2.2,2021-06-13,yes,2021-05-18,yes,v7.1.2
hashcat,25900,,KNX IP Secure - Device Authentication Code,v6.2.0,2021-05-14,yes,2021-04-03,yes,v7.1.2
hashcat,26000,,Mozilla key3.db,v6.2.0,2021-05-14,yes,2021-04-17,yes,v7.1.2
hashcat,26100,,Mozilla key4.db,v6.2.0,2021-05-14,yes,2021-04-17,yes,v7.1.2
hashcat,26150,,Mozilla key4.db SHA384,,,,2026-09-13,no,v7.1.2
hashcat,26200,,OpenEdge Progress Encode,v6.2.2,2021-06-13,yes,2021-06-05,yes,v7.1.2
hashcat,26300,,FortiGate256 (FortiOS256),v6.2.2,2021-06-13,yes,2021-06-08,yes,v7.1.2
hashcat,26401,,"AES-128-ECB NOKDF (PT = $salt, key = $pass)",v6.2.3,2021-07-16,yes,2021-06-26,yes,v7.1.2
hashcat,26402,,"AES-192-ECB NOKDF (PT = $salt, key = $pass)",v6.2.3,2021-07-16,yes,2021-06-26,yes,v7.1.2
hashcat,26403,,"AES-256-ECB NOKDF (PT = $salt, key = $pass)",v6.2.3,2021-07-16,yes,2021-06-26,yes,v7.1.2
hashcat,26500,,iPhone passcode (UID key + System Keybag),v6.2.3,2021-07-16,yes,2021-07-03,yes,v7.1.2
hashcat,26600,,"MetaMask Wallet (needs all data, checks AES-GCM tag)",v6.2.3,2021-07-16,yes,2021-07-04,yes,v7.1.2
hashcat,26610,,"MetaMask Wallet (short hash, plaintext check)",v7.0.0,2025-08-01,yes,2023-02-25,yes,v7.1.2
hashcat,26700,,SNMPv3 HMAC-SHA224-128,v6.2.4,2021-08-29,yes,2021-07-24,yes,v7.1.2
hashcat,26800,,SNMPv3 HMAC-SHA256-192,v6.2.4,2021-08-29,yes,2021-07-24,yes,v7.1.2
hashcat,26900,,SNMPv3 HMAC-SHA384-256,v6.2.4,2021-08-29,yes,2021-07-27,yes,v7.1.2
hashcat,27000,,NetNTLMv1 / NetNTLMv1+ESS (NT),v6.2.4,2021-08-29,yes,2021-05-28,yes,v7.1.2
hashcat,27100,,NetNTLMv2 (NT),v6.2.4,2021-08-29,yes,2021-05-28,yes,v7.1.2
hashcat,27200,,"Ruby on Rails Restful Auth (one round, no sitekey)",v6.2.4,2021-08-29,yes,2021-08-03,yes,v7.1.2
hashcat,27300,,SNMPv3 HMAC-SHA512-384,v6.2.4,2021-08-29,yes,2021-08-03,yes,v7.1.2
hashcat,27400,,VMware VMX (PBKDF2-HMAC-SHA1 + AES-256-CBC),v6.2.4,2021-08-29,yes,2021-08-10,yes,v7.1.2
hashcat,27500,,VirtualBox (PBKDF2-HMAC-SHA256 & AES-128-XTS),v6.2.4,2021-08-29,yes,2021-08-12,yes,v7.1.2
hashcat,27600,,VirtualBox (PBKDF2-HMAC-SHA256 & AES-256-XTS),v6.2.4,2021-08-29,yes,2021-08-12,yes,v7.1.2
hashcat,27700,,MultiBit Classic .wallet (scrypt),v6.2.5,2021-11-21,yes,2021-09-06,yes,v7.1.2
hashcat,27800,,MurmurHash3,v6.2.5,2021-11-21,yes,2021-09-27,yes,v7.1.2
hashcat,27900,,CRC32C,v6.2.5,2021-11-21,yes,2021-10-02,yes,v7.1.2
hashcat,28000,,CRC64Jones,v6.2.5,2021-11-21,yes,2021-10-09,yes,v7.1.2
hashcat,28100,,Windows Hello PIN/Password,v6.2.5,2021-11-21,yes,2021-11-15,yes,v7.1.2
hashcat,28200,,Exodus Desktop Wallet (scrypt),v6.2.6,2022-09-02,yes,2021-12-14,yes,v7.1.2
hashcat,28300,,Teamspeak 3 (channel hash),v6.2.6,2022-09-02,yes,2021-12-18,yes,v7.1.2
hashcat,28400,,bcrypt(sha512($pass)),v6.2.6,2022-09-02,yes,2022-03-02,yes,v7.1.2
hashcat,28501,,"Bitcoin WIF private key (P2PKH), compressed",v6.2.6,2022-09-02,yes,2022-06-11,yes,v7.1.2
hashcat,28502,,"Bitcoin WIF private key (P2PKH), uncompressed",v6.2.6,2022-09-02,yes,2022-06-11,yes,v7.1.2
hashcat,28503,,"Bitcoin WIF private key (P2WPKH, Bech32), compressed",v6.2.6,2022-09-02,yes,2022-06-20,yes,v7.1.2
hashcat,28504,,"Bitcoin WIF private key (P2WPKH, Bech32), uncompressed",v6.2.6,2022-09-02,yes,2022-06-20,yes,v7.1.2
hashcat,28505,,"Bitcoin WIF private key (P2SH(P2WPKH)), compressed",v6.2.6,2022-09-02,yes,2022-06-29,yes,v7.1.2
hashcat,28506,,"Bitcoin WIF private key (P2SH(P2WPKH)), uncompressed",v6.2.6,2022-09-02,yes,2022-06-29,yes,v7.1.2
hashcat,28600,,PostgreSQL SCRAM-SHA-256,v6.2.6,2022-09-02,yes,2022-01-20,yes,v7.1.2
hashcat,28700,,Amazon AWS Signature Version 4,v6.2.6,2022-09-02,yes,2022-02-23,yes,v7.1.2
hashcat,28800,,"Kerberos 5, etype 17, DB",v6.2.6,2022-09-02,yes,2022-03-05,yes,v7.1.2
hashcat,28900,,"Kerberos 5, etype 18, DB",v6.2.6,2022-09-02,yes,2022-03-05,yes,v7.1.2
hashcat,29000,,sha1($salt.sha1(utf16le($username).':'.utf16le($pass))),v6.2.6,2022-09-02,yes,2022-05-09,yes,v7.1.2
hashcat,29100,,Flask Session Cookie ($salt.$salt.$pass),v6.2.6,2022-09-02,yes,2022-05-23,yes,v7.1.2
hashcat,29200,,Radmin3,v6.2.6,2022-09-02,yes,2022-05-28,yes,v7.1.2
hashcat,29311,,TrueCrypt RIPEMD160 + XTS 512 bit,v6.2.6,2022-09-02,yes,2022-05-23,yes,v7.1.2
hashcat,29312,,TrueCrypt RIPEMD160 + XTS 1024 bit,v6.2.6,2022-09-02,yes,2022-05-23,yes,v7.1.2
hashcat,29313,,TrueCrypt RIPEMD160 + XTS 1536 bit,v6.2.6,2022-09-02,yes,2022-05-23,yes,v7.1.2
hashcat,29321,,TrueCrypt SHA512 + XTS 512 bit,v6.2.6,2022-09-02,yes,2022-05-23,yes,v7.1.2
hashcat,29322,,TrueCrypt SHA512 + XTS 1024 bit,v6.2.6,2022-09-02,yes,2022-05-23,yes,v7.1.2
hashcat,29323,,TrueCrypt SHA512 + XTS 1536 bit,v6.2.6,2022-09-02,yes,2022-05-23,yes,v7.1.2
hashcat,29331,,TrueCrypt Whirlpool + XTS 512 bit,v6.2.6,2022-09-02,yes,2022-05-23,yes,v7.1.2
hashcat,29332,,TrueCrypt Whirlpool + XTS 1024 bit,v6.2.6,2022-09-02,yes,2022-05-23,yes,v7.1.2
hashcat,29333,,TrueCrypt Whirlpool + XTS 1536 bit,v6.2.6,2022-09-02,yes,2022-05-23,yes,v7.1.2
hashcat,29341,,TrueCrypt RIPEMD160 + XTS 512 bit + boot-mode,v6.2.6,2022-09-02,yes,2022-05-23,yes,v7.1.2
hashcat,29342,,TrueCrypt RIPEMD160 + XTS 1024 bit + boot-mode,v6.2.6,2022-09-02,yes,2022-05-23,yes,v7.1.2
hashcat,29343,,TrueCrypt RIPEMD160 + XTS 1536 bit + boot-mode,v6.2.6,2022-09-02,yes,2022-05-23,yes,v7.1.2
hashcat,29411,,VeraCrypt RIPEMD160 + XTS 512 bit,v6.2.6,2022-09-02,yes,2022-06-01,yes,v7.1.2
hashcat,29412,,VeraCrypt RIPEMD160 + XTS 1024 bit,v6.2.6,2022-09-02,yes,2022-06-01,yes,v7.1.2
hashcat,29413,,VeraCrypt RIPEMD160 + XTS 1536 bit,v6.2.6,2022-09-02,yes,2022-06-01,yes,v7.1.2
hashcat,29421,,VeraCrypt SHA512 + XTS 512 bit,v6.2.6,2022-09-02,yes,2022-06-01,yes,v7.1.2
hashcat,29422,,VeraCrypt SHA512 + XTS 1024 bit,v6.2.6,2022-09-02,yes,2022-06-01,yes,v7.1.2
hashcat,29423,,VeraCrypt SHA512 + XTS 1536 bit,v6.2.6,2022-09-02,yes,2022-06-01,yes,v7.1.2
hashcat,29431,,VeraCrypt Whirlpool + XTS 512 bit,v6.2.6,2022-09-02,yes,2022-06-01,yes,v7.1.2
hashcat,29432,,VeraCrypt Whirlpool + XTS 1024 bit,v6.2.6,2022-09-02,yes,2022-06-01,yes,v7.1.2
hashcat,29433,,VeraCrypt Whirlpool + XTS 1536 bit,v6.2.6,2022-09-02,yes,2022-06-01,yes,v7.1.2
hashcat,29441,,VeraCrypt RIPEMD160 + XTS 512 bit + boot-mode,v6.2.6,2022-09-02,yes,2022-06-01,yes,v7.1.2
hashcat,29442,,VeraCrypt RIPEMD160 + XTS 1024 bit + boot-mode,v6.2.6,2022-09-02,yes,2022-06-01,yes,v7.1.2
hashcat,29443,,VeraCrypt RIPEMD160 + XTS 1536 bit + boot-mode,v6.2.6,2022-09-02,yes,2022-06-01,yes,v7.1.2
hashcat,29451,,VeraCrypt SHA256 + XTS 512 bit,v6.2.6,2022-09-02,yes,2022-06-01,yes,v7.1.2
hashcat,29452,,VeraCrypt SHA256 + XTS 1024 bit,v6.2.6,2022-09-02,yes,2022-06-01,yes,v7.1.2
hashcat,29453,,VeraCrypt SHA256 + XTS 1536 bit,v6.2.6,2022-09-02,yes,2022-06-01,yes,v7.1.2
hashcat,29461,,VeraCrypt SHA256 + XTS 512 bit + boot-mode,v6.2.6,2022-09-02,yes,2022-06-01,yes,v7.1.2
hashcat,29462,,VeraCrypt SHA256 + XTS 1024 bit + boot-mode,v6.2.6,2022-09-02,yes,2022-06-01,yes,v7.1.2
hashcat,29463,,VeraCrypt SHA256 + XTS 1536 bit + boot-mode,v6.2.6,2022-09-02,yes,2022-06-01,yes,v7.1.2
hashcat,29471,,VeraCrypt Streebog-512 + XTS 512 bit,v6.2.6,2022-09-02,yes,2022-06-01,yes,v7.1.2
hashcat,29472,,VeraCrypt Streebog-512 + XTS 1024 bit,v6.2.6,2022-09-02,yes,2022-06-01,yes,v7.1.2
hashcat,29473,,VeraCrypt Streebog-512 + XTS 1536 bit,v6.2.6,2022-09-02,yes,2022-06-01,yes,v7.1.2
hashcat,29481,,VeraCrypt Streebog-512 + XTS 512 bit + boot-mode,v6.2.6,2022-09-02,yes,2022-06-01,yes,v7.1.2
hashcat,29482,,VeraCrypt Streebog-512 + XTS 1024 bit + boot-mode,v6.2.6,2022-09-02,yes,2022-06-01,yes,v7.1.2
hashcat,29483,,VeraCrypt Streebog-512 + XTS 1536 bit + boot-mode,v6.2.6,2022-09-02,yes,2022-06-01,yes,v7.1.2
hashcat,29511,,LUKS v1 SHA-1 + AES,v6.2.6,2022-09-02,yes,2022-06-15,yes,v7.1.2
hashcat,29512,,LUKS v1 SHA-1 + Serpent,v6.2.6,2022-09-02,yes,2022-06-15,yes,v7.1.2
hashcat,29513,,LUKS v1 SHA-1 + Twofish,v6.2.6,2022-09-02,yes,2022-06-15,yes,v7.1.2
hashcat,29521,,LUKS v1 SHA-256 + AES,v6.2.6,2022-09-02,yes,2022-06-15,yes,v7.1.2
hashcat,29522,,LUKS v1 SHA-256 + Serpent,v6.2.6,2022-09-02,yes,2022-06-15,yes,v7.1.2
hashcat,29523,,LUKS v1 SHA-256 + Twofish,v6.2.6,2022-09-02,yes,2022-06-15,yes,v7.1.2
hashcat,29531,,LUKS v1 SHA-512 + AES,v6.2.6,2022-09-02,yes,2022-06-15,yes,v7.1.2
hashcat,29532,,LUKS v1 SHA-512 + Serpent,v6.2.6,2022-09-02,yes,2022-06-15,yes,v7.1.2
hashcat,29533,,LUKS v1 SHA-512 + Twofish,v6.2.6,2022-09-02,yes,2022-06-15,yes,v7.1.2
hashcat,29541,,LUKS v1 RIPEMD-160 + AES,v6.2.6,2022-09-02,yes,2022-06-15,yes,v7.1.2
hashcat,29542,,LUKS v1 RIPEMD-160 + Serpent,v6.2.6,2022-09-02,yes,2022-06-15,yes,v7.1.2
hashcat,29543,,LUKS v1 RIPEMD-160 + Twofish,v6.2.6,2022-09-02,yes,2022-06-15,yes,v7.1.2
hashcat,29600,,Terra Station Wallet (AES256-CBC(PBKDF2($pass))),v6.2.6,2022-09-02,yes,2022-07-18,yes,v7.1.2
hashcat,29700,,KeePass (KDBX v2/v3) - keyfile only,v6.2.6,2022-09-02,yes,2022-08-21,yes,v7.1.2
hashcat,29800,,Bisq .wallet (scrypt),v7.0.0,2025-08-01,yes,2022-09-16,yes,v7.1.2
hashcat,29910,,ENCsecurity Datavault (PBKDF2/no keychain),v7.0.0,2025-08-01,yes,2022-10-09,yes,v7.1.2
hashcat,29920,,ENCsecurity Datavault (PBKDF2/keychain),v7.0.0,2025-08-01,yes,2022-10-12,yes,v7.1.2
hashcat,29930,,ENCsecurity Datavault (MD5/no keychain),v7.0.0,2025-08-01,yes,2022-10-14,yes,v7.1.2
hashcat,29940,,ENCsecurity Datavault (MD5/keychain),v7.0.0,2025-08-01,yes,2022-10-16,yes,v7.1.2
hashcat,30000,,Python Werkzeug MD5 (HMAC-MD5 (key = $salt)),v6.2.6,2022-09-02,yes,2022-07-04,yes,v7.1.2
hashcat,30120,,Python Werkzeug SHA256 (HMAC-SHA256 (key = $salt)),v6.2.6,2022-09-02,yes,2022-07-04,yes,v7.1.2
hashcat,30420,,DANE RFC7929/RFC8162 SHA2-256,v7.0.0,2025-08-01,yes,2022-11-03,yes,v7.1.2
hashcat,30500,,md5(md5($salt).md5(md5($pass))),v7.0.0,2025-08-01,yes,2022-11-14,yes,v7.1.2
hashcat,30600,,bcrypt(sha256($pass)),v7.0.0,2025-08-01,yes,2022-11-23,yes,v7.1.2
hashcat,30601,,bcrypt(HMAC-SHA256($pass)),v7.0.0,2025-08-01,yes,2025-02-27,yes,v7.1.2
hashcat,30700,,Anope IRC Services (enc_sha256),v7.0.0,2025-08-01,yes,2022-12-14,yes,v7.1.2
hashcat,30901,,"Bitcoin raw private key (P2PKH), compressed",v7.0.0,2025-08-01,yes,2023-01-04,yes,v7.1.2
hashcat,30902,,"Bitcoin raw private key (P2PKH), uncompressed",v7.0.0,2025-08-01,yes,2023-01-04,yes,v7.1.2
hashcat,30903,,"Bitcoin raw private key (P2WPKH, Bech32), compressed",v7.0.0,2025-08-01,yes,2023-01-04,yes,v7.1.2
hashcat,30904,,"Bitcoin raw private key (P2WPKH, Bech32), uncompressed",v7.0.0,2025-08-01,yes,2023-01-04,yes,v7.1.2
hashcat,30905,,"Bitcoin raw private key (P2SH(P2WPKH)), compressed",v7.0.0,2025-08-01,yes,2023-01-04,yes,v7.1.2
hashcat,30906,,"Bitcoin raw private key (P2SH(P2WPKH)), uncompressed",v7.0.0,2025-08-01,yes,2023-01-04,yes,v7.1.2
hashcat,31000,,BLAKE2s-256,v7.0.0,2025-08-01,yes,2023-02-13,yes,v7.1.2
hashcat,31100,,ShangMi 3 (SM3),v7.0.0,2025-08-01,yes,2023-02-20,yes,v7.1.2
hashcat,31200,,Veeam VBK,v7.0.0,2025-08-01,yes,2023-03-01,yes,v7.1.2
hashcat,31300,,MS SNTP,v7.0.0,2025-08-01,yes,2023-03-02,yes,v7.1.2
hashcat,31400,,SecureCRT MasterPassphrase v2,v7.0.0,2025-08-01,yes,2023-03-15,yes,v7.1.2
hashcat,31500,,"Domain Cached Credentials (DCC), MS Cache (NT)",v7.0.0,2025-08-01,yes,2023-03-23,yes,v7.1.2
hashcat,31600,,"Domain Cached Credentials 2 (DCC2), MS Cache 2, (NT)",v7.0.0,2025-08-01,yes,2023-03-23,yes,v7.1.2
hashcat,31700,,md5(md5(md5($pass).$salt1).$salt2),v7.0.0,2025-08-01,yes,2023-04-01,yes,v7.1.2
hashcat,31800,,"1Password, mobilekeychain (1Password 8)",v7.0.0,2025-08-01,yes,2023-04-05,yes,v7.1.2
hashcat,31900,,MetaMask Mobile Wallet,v7.0.0,2025-08-01,yes,2023-04-15,yes,v7.1.2
hashcat,32000,,NetIQ SSPR (MD5),v7.0.0,2025-08-01,yes,2023-05-16,yes,v7.1.2
hashcat,32010,,NetIQ SSPR (SHA1),v7.0.0,2025-08-01,yes,2023-05-16,yes,v7.1.2
hashcat,32020,,NetIQ SSPR (SHA-1 with Salt),v7.0.0,2025-08-01,yes,2023-05-16,yes,v7.1.2
hashcat,32030,,NetIQ SSPR (SHA-256 with Salt),v7.0.0,2025-08-01,yes,2023-05-16,yes,v7.1.2
hashcat,32031,,"Adobe AEM (SSPR, SHA-256 with Salt)",v7.0.0,2025-08-01,yes,2023-05-16,yes,v7.1.2
hashcat,32040,,NetIQ SSPR (SHA-512 with Salt),v7.0.0,2025-08-01,yes,2023-05-16,yes,v7.1.2
hashcat,32041,,"Adobe AEM (SSPR, SHA-512 with Salt)",v7.0.0,2025-08-01,yes,2023-05-16,yes,v7.1.2
hashcat,32050,,NetIQ SSPR (PBKDF2WithHmacSHA1),v7.0.0,2025-08-01,yes,2023-05-16,yes,v7.1.2
hashcat,32060,,NetIQ SSPR (PBKDF2WithHmacSHA256),v7.0.0,2025-08-01,yes,2023-05-16,yes,v7.1.2
hashcat,32070,,NetIQ SSPR (PBKDF2WithHmacSHA512),v7.0.0,2025-08-01,yes,2023-05-16,yes,v7.1.2
hashcat,32100,,"Kerberos 5, etype 17, AS-REP",v7.0.0,2025-08-01,yes,2023-05-23,yes,v7.1.2
hashcat,32200,,"Kerberos 5, etype 18, AS-REP",v7.0.0,2025-08-01,yes,2023-05-23,yes,v7.1.2
hashcat,32300,,Empire CMS (Admin password),v7.0.0,2025-08-01,yes,2023-06-03,yes,v7.1.2
hashcat,32410,,sha512(sha512($pass).$salt),v7.0.0,2025-08-01,yes,2023-06-14,yes,v7.1.2
hashcat,32420,,sha512(sha512_bin($pass).$salt),v7.0.0,2025-08-01,yes,2023-07-01,yes,v7.1.2
hashcat,32500,,Dogechain.info Wallet,v7.0.0,2025-08-01,yes,2023-07-07,yes,v7.1.2
hashcat,32600,,CubeCart (whirlpool($salt.$pass.$salt)),v7.0.0,2025-08-01,yes,2023-08-03,yes,v7.1.2
hashcat,32700,,Kremlin Encrypt 3.0 w/NewDES,v7.0.0,2025-08-01,yes,2023-08-15,yes,v7.1.2
hashcat,32800,,md5(sha1(md5($pass))),v7.0.0,2025-08-01,yes,2024-03-29,yes,v7.1.2
hashcat,32900,,PBKDF1-SHA1,v7.0.0,2025-08-01,yes,2024-10-17,yes,v7.1.2
hashcat,33000,,md5($salt1.$pass.$salt2),v7.0.0,2025-08-01,yes,2025-04-24,yes,v7.1.2
hashcat,33100,,md5($salt.md5($pass).$salt),v7.0.0,2025-08-01,yes,2025-04-25,yes,v7.1.2
hashcat,33300,,HMAC-BLAKE2S (key = $pass),v7.0.0,2025-08-01,yes,2025-04-11,yes,v7.1.2
hashcat,33400,,mega.nz password-protected link (PBKDF2-HMAC-SHA512),v7.0.0,2025-08-01,yes,2023-11-20,yes,v7.1.2
hashcat,33500,,RC4 40-bit DropN,v7.0.0,2025-08-01,yes,2025-05-18,yes,v7.1.2
hashcat,33501,,RC4 72-bit DropN,v7.0.0,2025-08-01,yes,2025-05-18,yes,v7.1.2
hashcat,33502,,RC4 104-bit DropN,v7.0.0,2025-08-01,yes,2025-05-18,yes,v7.1.2
hashcat,33600,,RIPEMD-320,v7.0.0,2025-08-01,yes,2025-05-26,yes,v7.1.2
hashcat,33650,,HMAC-RIPEMD320 (key = $pass),v7.0.0,2025-08-01,yes,2025-05-26,yes,v7.1.2
hashcat,33660,,HMAC-RIPEMD320 (key = $salt),v7.0.0,2025-08-01,yes,2025-05-26,yes,v7.1.2
hashcat,33700,,Microsoft Online Account (PBKDF2-HMAC-SHA256 + AES256),v7.0.0,2025-08-01,yes,2025-06-08,yes,v7.1.2
hashcat,33800,,WBB4 (Woltlab Burning Board) [bcrypt(bcrypt($pass))],v7.0.0,2025-08-01,yes,2025-06-13,yes,v7.1.2
hashcat,33900,,Citrix NetScaler (PBKDF2-HMAC-SHA256),v7.0.0,2025-08-01,yes,2025-07-14,yes,v7.1.2
hashcat,34000,,Argon2,v7.0.0,2025-08-01,yes,2025-07-02,yes,v7.1.2
hashcat,34100,,LUKS v2 argon2 + SHA-256 + AES,v7.0.0,2025-08-01,yes,2025-07-30,yes,v7.1.2
hashcat,34200,,MurmurHash64A,v7.0.0,2025-08-01,yes,2025-07-23,yes,v7.1.2
hashcat,34201,,MurmurHash64A (zero seed),v7.0.0,2025-08-01,yes,2025-07-23,yes,v7.1.2
hashcat,34211,,MurmurHash64A truncated (zero seed),v7.0.0,2025-08-01,yes,2025-07-23,yes,v7.1.2
hashcat,34300,,KeePass Argon2 (KDBX v4),v7.1.0,2025-08-16,yes,2025-08-07,yes,v7.1.2
hashcat,34301,,KeePass AESKDF (KDBX v4),,,,2025-09-02,no,v7.1.2
hashcat,34400,,sha224(sha224($pass)),v7.1.0,2025-08-16,yes,2025-08-10,yes,v7.1.2
hashcat,34500,,sha224(sha1($pass)),v7.1.0,2025-08-16,yes,2025-08-10,yes,v7.1.2
hashcat,34600,,MD6 (256),v7.1.0,2025-08-16,yes,2025-08-11,yes,v7.1.2
hashcat,34700,,"Blockchain, My Wallet, Legacy Wallets",v7.1.0,2025-08-16,yes,2025-08-12,yes,v7.1.2
hashcat,34800,,BLAKE2b-256,v7.1.0,2025-08-16,yes,2025-08-16,yes,v7.1.2
hashcat,34810,,BLAKE2b-256($pass.$salt),v7.1.0,2025-08-16,yes,2025-08-16,yes,v7.1.2
hashcat,34820,,BLAKE2b-256($salt.$pass),v7.1.0,2025-08-16,yes,2025-08-16,yes,v7.1.2
hashcat,35000,,SAP CODVN H (PWDSALTEDHASH) isSHA512,v7.1.0,2025-08-16,yes,2025-08-02,yes,v7.1.2
hashcat,35100,,"sm3crypt $sm3$, SM3 (Unix)",v7.1.0,2025-08-16,yes,2025-08-02,yes,v7.1.2
hashcat,35200,,AS/400 SSHA1,v7.1.0,2025-08-16,yes,2025-08-04,yes,v7.1.2
hashcat,35300,,"Kerberos 5, etype 23, TGS-REP (NT)",,,,2025-09-21,no,v7.1.2
hashcat,35400,,"Kerberos 5, etype 23, AS-REP (NT)",,,,2025-09-21,no,v7.1.2
hashcat,35500,,Wordpress bcrypt(hmac-sha384($pass)),,,,2025-09-26,no,v7.1.2
hashcat,35600,,gost12512crypt [$gost12512hash$] (Unix),,,,2025-09-29,no,v7.1.2
hashcat,35700,,phpass(md5($pass)),,,,2025-09-30,no,v7.1.2
hashcat,35800,,Symfony Legacy SHA256,,,,2025-10-28,no,v7.1.2
hashcat,36100,,yescrypt,,,,2026-08-09,no,v7.1.2
hashcat,36200,,gost-yescrypt,,,,2026-08-09,no,v7.1.2
hashcat,36300,,"scryptcrypt, scrypt (Unix)",,,,2026-08-09,no,v7.1.2
hashcat,36400,,"KDE KWallet 4.13+ (PBKDF2-HMAC-SHA512, Blowfish)",,,,2026-09-04,no,v7.1.2
hashcat,36410,,"KDE KWallet < 4.13 (SHA-1, Blowfish)",,,,2026-09-04,no,v7.1.2
hashcat,36500,,NTLM(NTLM_bin($pass)),,,,2026-09-15,no,v7.1.2
hashcat,36800,,OpenSSH Private Keys (bcrypt-pbkdf),,,,2026-08-10,no,v7.1.2
hashcat,37700,,Cardano Eternl Wallet (PBKDF2-HMAC-SHA512-ChaCha20Poly1305),,,,2026-09-24,no,v7.1.2
hashcat,38000,,Mikrotik RouterOS EC-SRP5 (Curve25519),,,,2026-09-20,no,v7.1.2
hashcat,70000,,Argon2id [Bridged: reference implementation + tunings],v7.0.0,2025-08-01,yes,2025-05-30,yes,v7.1.2
hashcat,70100,,scrypt [Bridged: Scrypt-Jane SMix],v7.0.0,2025-08-01,yes,2025-05-31,yes,v7.1.2
hashcat,70200,,scrypt [Bridged: Scrypt-Yescrypt],v7.0.0,2025-08-01,yes,2025-06-01,yes,v7.1.2
hashcat,72000,,Generic Hash [Bridged: Python Interpreter free-threading],v7.0.0,2025-08-01,yes,2025-06-02,yes,v7.1.2
hashcat,73000,,Generic Hash [Bridged: Python Interpreter with GIL],v7.0.0,2025-08-01,yes,2025-06-02,yes,v7.1.2
hashcat,74000,,Generic Hash [Bridged: Rust],v7.1.2,2025-08-23,yes,2025-08-20,yes,v7.1.2
hashcat,99999,,Plaintext,v6.0.0,2020-06-16,no,2019-01-26,yes,v7.1.2
hashpipe,MD5,e1,MD5,v1.17,2026-03-02,no,2026-03-02,yes,v1.210
hashpipe,MD5UC,e2,MD5UC,v1.17,2026-03-02,no,2026-03-02,yes,v1.210
hashpipe,MD4,e3,MD4,v1.17,2026-03-02,no,2026-03-02,yes,v1.210
hashpipe,MD2,e4,MD2,v1.17,2026-03-02,no,2026-03-02,yes,v1.210
hashpipe,WRL,e5,WRL,v1.17,2026-03-02,no,2026-03-02,yes,v1.210
hashpipe,HAV128,e6,HAV128,v1.17,2026-03-02,no,2026-03-02,yes,v1.210
hashpipe,SHA0,e7,SHA0,v1.17,2026-03-02,no,2026-03-02,yes,v1.210
hashpipe,SHA1,e8,SHA1,v1.17,2026-03-02,no,2026-03-02,yes,v1.210
hashpipe,SHA224,e9,SHA224,v1.17,2026-03-02,no,2026-03-02,yes,v1.210
hashpipe,SHA256,e10,SHA256,v1.17,2026-03-02,no,2026-03-02,yes,v1.210
hashpipe,SHA384,e11,SHA384,v1.17,2026-03-02,no,2026-03-02,yes,v1.210
hashpipe,SHA512,e12,SHA512,v1.17,2026-03-02,no,2026-03-02,yes,v1.210
hashpipe,GOST,e13,GOST,v1.17,2026-03-02,no,2026-03-02,yes,v1.210
hashpipe,GOST-CRYPTO,e14,GOST-CRYPTO,v1.17,2026-03-02,no,2026-03-02,yes,v1.210
hashpipe,HAV256,e15,HAV256,v1.17,2026-03-02,no,2026-03-02,yes,v1.210
hashpipe,RMD128,e16,RMD128,v1.17,2026-03-02,no,2026-03-02,yes,v1.210
hashpipe,RMD160,e17,RMD160,v1.17,2026-03-02,no,2026-03-02,yes,v1.210
hashpipe,TIGER,e18,TIGER,v1.17,2026-03-02,no,2026-03-02,yes,v1.210
hashpipe,TTH,e19,TTH,v1.17,2026-03-02,no,2026-03-02,yes,v1.210
hashpipe,ED2K,e20,ED2K,v1.17,2026-03-02,no,2026-03-02,yes,v1.210
hashpipe,AICH,e21,AICH,v1.17,2026-03-02,no,2026-03-02,yes,v1.210
hashpipe,HAS160,e22,HAS160,v1.17,2026-03-02,no,2026-03-02,yes,v1.210
hashpipe,EDON256,e23,EDON256,v1.17,2026-03-02,no,2026-03-02,yes,v1.210
hashpipe,EDON512,e24,EDON512,v1.17,2026-03-02,no,2026-03-02,yes,v1.210
hashpipe,SNE128,e25,SNE128,v1.17,2026-03-02,no,2026-03-02,yes,v1.210
hashpipe,SNE256,e26,SNE256,v1.17,2026-03-02,no,2026-03-02,yes,v1.210
hashpipe,MD6,e27,MD6,v1.17,2026-03-02,no,2026-03-02,yes,v1.210
hashpipe,MD6128,e28,MD6128,v1.17,2026-03-02,no,2026-03-02,yes,v1.210
hashpipe,MD6256,e29,MD6256,v1.17,2026-03-02,no,2026-03-02,yes,v1.210
hashpipe,MD6512,e30,MD6512,v1.17,2026-03-02,no,2026-03-02,yes,v1.210
hashpipe,MD5SALT,e31,MD5SALT,v1.17,2026-03-02,no,2026-03-02,yes,v1.210
hashpipe,MDC2,e32,MDC2,v1.17,2026-03-02,no,2026-03-02,yes,v1.210
hashpipe,MD5RAW,e33,MD5RAW,v1.17,2026-03-02,no,2026-03-02,yes,v1.210
hashpipe,SHA1RAW,e34,SHA1RAW,v1.17,2026-03-02,no,2026-03-02,yes,v1.210
hashpipe,SHA224RAW,e35,SHA224RAW,v1.17,2026-03-02,no,2026-03-02,yes,v1.210
hashpipe,SHA256RAW,e36,SHA256RAW,v1.17,2026-03-02,no,2026-03-02,yes,v1.210
hashpipe,SHA384RAW,e37,SHA384RAW,v1.17,2026-03-02,no,2026-03-02,yes,v1.210
hashpipe,SHA512RAW,e38,SHA512RAW,v1.17,2026-03-02,no,2026-03-02,yes,v1.210
hashpipe,HAV128-4,e39,HAV128-4,v1.17,2026-03-02,no,2026-03-02,yes,v1.210
hashpipe,HAV128-5,e40,HAV128-5,v1.17,2026-03-02,no,2026-03-02,yes,v1.210
hashpipe,HAV160-3,e41,HAV160-3,v1.17,2026-03-02,no,2026-03-02,yes,v1.210
hashpipe,HAV160-4,e42,HAV160-4,v1.17,2026-03-02,no,2026-03-02,yes,v1.210
hashpipe,HAV160-5,e43,HAV160-5,v1.17,2026-03-02,no,2026-03-02,yes,v1.210
hashpipe,HAV192-3,e44,HAV192-3,v1.17,2026-03-02,no,2026-03-02,yes,v1.210
hashpipe,HAV192-4,e45,HAV192-4,v1.17,2026-03-02,no,2026-03-02,yes,v1.210
hashpipe,HAV192-5,e46,HAV192-5,v1.17,2026-03-02,no,2026-03-02,yes,v1.210
hashpipe,HAV224-3,e47,HAV224-3,v1.17,2026-03-02,no,2026-03-02,yes,v1.210
hashpipe,HAV224-4,e48,HAV224-4,v1.17,2026-03-02,no,2026-03-02,yes,v1.210
hashpipe,HAV224-5,e49,HAV224-5,v1.17,2026-03-02,no,2026-03-02,yes,v1.210
hashpipe,HAV256-4,e50,HAV256-4,v1.17,2026-03-02,no,2026-03-02,yes,v1.210
hashpipe,HAV256-5,e51,HAV256-5,v1.17,2026-03-02,no,2026-03-02,yes,v1.210
hashpipe,BLAKE224,e52,BLAKE224,v1.17,2026-03-02,no,2026-03-02,yes,v1.210
hashpipe,BLAKE256,e53,BLAKE256,v1.17,2026-03-02,no,2026-03-02,yes,v1.210
hashpipe,BLAKE384,e54,BLAKE384,v1.17,2026-03-02,no,2026-03-02,yes,v1.210
hashpipe,BLAKE512,e55,BLAKE512,v1.17,2026-03-02,no,2026-03-02,yes,v1.210
hashpipe,BMW224,e56,BMW224,v1.17,2026-03-02,no,2026-03-02,yes,v1.210
hashpipe,BMW256,e57,BMW256,v1.17,2026-03-02,no,2026-03-02,yes,v1.210
hashpipe,BMW384,e58,BMW384,v1.17,2026-03-02,no,2026-03-02,yes,v1.210
hashpipe,BMW512,e59,BMW512,v1.17,2026-03-02,no,2026-03-02,yes,v1.210
hashpipe,CUBE224,e60,CUBE224,v1.17,2026-03-02,no,2026-03-02,yes,v1.210
hashpipe,CUBE256,e61,CUBE256,v1.17,2026-03-02,no,2026-03-02,yes,v1.210
hashpipe,CUBE384,e62,CUBE384,v1.17,2026-03-02,no,2026-03-02,yes,v1.210
hashpipe,CUBE512,e63,CUBE512,v1.17,2026-03-02,no,2026-03-02,yes,v1.210
hashpipe,ECHO224,e64,ECHO224,v1.17,2026-03-02,no,2026-03-02,yes,v1.210
hashpipe,ECHO256,e65,ECHO256,v1.17,2026-03-02,no,2026-03-02,yes,v1.210
hashpipe,ECHO384,e66,ECHO384,v1.17,2026-03-02,no,2026-03-02,yes,v1.210
hashpipe,ECHO512,e67,ECHO512,v1.17,2026-03-02,no,2026-03-02,yes,v1.210
hashpipe,FUGUE224,e68,FUGUE224,v1.17,2026-03-02,no,2026-03-02,yes,v1.210
hashpipe,FUGUE256,e69,FUGUE256,v1.17,2026-03-02,no,2026-03-02,yes,v1.210
hashpipe,FUGUE384,e70,FUGUE384,v1.17,2026-03-02,no,2026-03-02,yes,v1.210
hashpipe,FUGUE512,e71,FUGUE512,v1.17,2026-03-02,no,2026-03-02,yes,v1.210
hashpipe,GROESTL224,e72,GROESTL224,v1.17,2026-03-02,no,2026-03-02,yes,v1.210
hashpipe,GROESTL256,e73,GROESTL256,v1.17,2026-03-02,no,2026-03-02,yes,v1.210
hashpipe,GROESTL384,e74,GROESTL384,v1.17,2026-03-02,no,2026-03-02,yes,v1.210
hashpipe,GROESTL512,e75,GROESTL512,v1.17,2026-03-02,no,2026-03-02,yes,v1.210
hashpipe,HAMSI224,e76,HAMSI224,v1.17,2026-03-02,no,2026-03-02,yes,v1.210
hashpipe,HAMSI256,e77,HAMSI256,v1.17,2026-03-02,no,2026-03-02,yes,v1.210
hashpipe,HAMSI384,e78,HAMSI384,v1.17,2026-03-02,no,2026-03-02,yes,v1.210
hashpipe,HAMSI512,e79,HAMSI512,v1.17,2026-03-02,no,2026-03-02,yes,v1.210
hashpipe,JH224,e80,JH224,v1.17,2026-03-02,no,2026-03-02,yes,v1.210
hashpipe,JH256,e81,JH256,v1.17,2026-03-02,no,2026-03-02,yes,v1.210
hashpipe,JH384,e82,JH384,v1.17,2026-03-02,no,2026-03-02,yes,v1.210
hashpipe,JH512,e83,JH512,v1.17,2026-03-02,no,2026-03-02,yes,v1.210
hashpipe,KECCAK224,e84,KECCAK224,v1.17,2026-03-02,no,2026-03-02,yes,v1.210
hashpipe,KECCAK256,e85,KECCAK256,v1.17,2026-03-02,no,2026-03-02,yes,v1.210
hashpipe,KECCAK384,e86,KECCAK384,v1.17,2026-03-02,no,2026-03-02,yes,v1.210
hashpipe,KECCAK512,e87,KECCAK512,v1.17,2026-03-02,no,2026-03-02,yes,v1.210
hashpipe,SHA3-224,e88,SHA3-224,v1.17,2026-03-02,no,2026-03-02,yes,v1.210
hashpipe,SHA3-256,e89,SHA3-256,v1.17,2026-03-02,no,2026-03-02,yes,v1.210
hashpipe,SHA3-384,e90,SHA3-384,v1.17,2026-03-02,no,2026-03-02,yes,v1.210
hashpipe,SHA3-512,e91,SHA3-512,v1.17,2026-03-02,no,2026-03-02,yes,v1.210
hashpipe,LUFFA224,e92,LUFFA224,v1.17,2026-03-02,no,2026-03-02,yes,v1.210
hashpipe,LUFFA256,e93,LUFFA256,v1.17,2026-03-02,no,2026-03-02,yes,v1.210
hashpipe,LUFFA384,e94,LUFFA384,v1.17,2026-03-02,no,2026-03-02,yes,v1.210
hashpipe,LUFFA512,e95,LUFFA512,v1.17,2026-03-02,no,2026-03-02,yes,v1.210
hashpipe,PANAMA,e96,PANAMA,v1.17,2026-03-02,no,2026-03-02,yes,v1.210
hashpipe,RADIOGATUN32,e97,RADIOGATUN32,v1.17,2026-03-02,no,2026-03-02,yes,v1.210
hashpipe,RADIOGATUN64,e98,RADIOGATUN64,v1.17,2026-03-02,no,2026-03-02,yes,v1.210
hashpipe,SHABAL224,e99,SHABAL224,v1.17,2026-03-02,no,2026-03-02,yes,v1.210
hashpipe,SHABAL256,e100,SHABAL256,v1.17,2026-03-02,no,2026-03-02,yes,v1.210
hashpipe,SHABAL384,e101,SHABAL384,v1.17,2026-03-02,no,2026-03-02,yes,v1.210
hashpipe,SHABAL512,e102,SHABAL512,v1.17,2026-03-02,no,2026-03-02,yes,v1.210
hashpipe,SHAVITE224,e103,SHAVITE224,v1.17,2026-03-02,no,2026-03-02,yes,v1.210
hashpipe,SHAVITE256,e104,SHAVITE256,v1.17,2026-03-02,no,2026-03-02,yes,v1.210
hashpipe,SHAVITE384,e105,SHAVITE384,v1.17,2026-03-02,no,2026-03-02,yes,v1.210
hashpipe,SHAVITE512,e106,SHAVITE512,v1.17,2026-03-02,no,2026-03-02,yes,v1.210
hashpipe,SIMD224,e107,SIMD224,v1.17,2026-03-02,no,2026-03-02,yes,v1.210
hashpipe,SIMD256,e108,SIMD256,v1.17,2026-03-02,no,2026-03-02,yes,v1.210
hashpipe,SIMD384,e109,SIMD384,v1.17,2026-03-02,no,2026-03-02,yes,v1.210
hashpipe,SIMD512,e110,SIMD512,v1.17,2026-03-02,no,2026-03-02,yes,v1.210
hashpipe,SKEIN224,e111,SKEIN224,v1.17,2026-03-02,no,2026-03-02,yes,v1.210
hashpipe,SKEIN256,e112,SKEIN256,v1.17,2026-03-02,no,2026-03-02,yes,v1.210
hashpipe,SKEIN384,e113,SKEIN384,v1.17,2026-03-02,no,2026-03-02,yes,v1.210
hashpipe,SKEIN512,e114,SKEIN512,v1.17,2026-03-02,no,2026-03-02,yes,v1.210
hashpipe,TIGER2,e115,TIGER2,v1.17,2026-03-02,no,2026-03-02,yes,v1.210
hashpipe,WRL0,e116,WRL0,v1.17,2026-03-02,no,2026-03-02,yes,v1.210
hashpipe,WRL1,e117,WRL1,v1.17,2026-03-02,no,2026-03-02,yes,v1.210
hashpipe,RIPEMD,e118,RIPEMD,v1.17,2026-03-02,no,2026-03-02,yes,v1.210
hashpipe,MD2MD5,e119,MD2MD5,v1.17,2026-03-02,no,2026-03-02,yes,v1.210
hashpipe,MD2MD5PASS,e120,MD2MD5PASS,v1.17,2026-03-02,no,2026-03-02,yes,v1.210
hashpipe,MD4MD5,e121,MD4MD5,v1.17,2026-03-02,no,2026-03-02,yes,v1.210
hashpipe,MD4MD5PASS,e122,MD4MD5PASS,v1.17,2026-03-02,no,2026-03-02,yes,v1.210
hashpipe,MD5MD5PASS,e123,MD5MD5PASS,v1.17,2026-03-02,no,2026-03-02,yes,v1.210
hashpipe,GOSTMD5,e124,GOSTMD5,v1.17,2026-03-02,no,2026-03-02,yes,v1.210
hashpipe,GOSTMD5PASS,e125,GOSTMD5PASS,v1.17,2026-03-02,no,2026-03-02,yes,v1.210
hashpipe,HAV128MD5,e126,HAV128MD5,v1.17,2026-03-02,no,2026-03-02,yes,v1.210
hashpipe,HAV128MD5PASS,e127,HAV128MD5PASS,v1.17,2026-03-02,no,2026-03-02,yes,v1.210
hashpipe,HAV128-4MD5,e128,HAV128-4MD5,v1.17,2026-03-02,no,2026-03-02,yes,v1.210
hashpipe,HAV128-4MD5PASS,e129,HAV128-4MD5PASS,v1.17,2026-03-02,no,2026-03-02,yes,v1.210
hashpipe,HAV128-5MD5,e130,HAV128-5MD5,v1.17,2026-03-02,no,2026-03-02,yes,v1.210
hashpipe,HAV128-5MD5PASS,e131,HAV128-5MD5PASS,v1.17,2026-03-02,no,2026-03-02,yes,v1.210
hashpipe,HAV160-3MD5,e132,HAV160-3MD5,v1.17,2026-03-02,no,2026-03-02,yes,v1.210
hashpipe,HAV160-3MD5PASS,e133,HAV160-3MD5PASS,v1.17,2026-03-02,no,2026-03-02,yes,v1.210
hashpipe,HAV160-4MD5,e134,HAV160-4MD5,v1.17,2026-03-02,no,2026-03-02,yes,v1.210
hashpipe,HAV160-4MD5PASS,e135,HAV160-4MD5PASS,v1.17,2026-03-02,no,2026-03-02,yes,v1.210
hashpipe,HAV160-5MD5,e136,HAV160-5MD5,v1.17,2026-03-02,no,2026-03-02,yes,v1.210
hashpipe,HAV160-5MD5PASS,e137,HAV160-5MD5PASS,v1.17,2026-03-02,no,2026-03-02,yes,v1.210
hashpipe,HAV192-3MD5,e138,HAV192-3MD5,v1.17,2026-03-02,no,2026-03-02,yes,v1.210
hashpipe,HAV192-3MD5PASS,e139,HAV192-3MD5PASS,v1.17,2026-03-02,no,2026-03-02,yes,v1.210
hashpipe,HAV192-4MD5,e140,HAV192-4MD5,v1.17,2026-03-02,no,2026-03-02,yes,v1.210
hashpipe,HAV192-4MD5PASS,e141,HAV192-4MD5PASS,v1.17,2026-03-02,no,2026-03-02,yes,v1.210
hashpipe,HAV192-5MD5,e142,HAV192-5MD5,v1.17,2026-03-02,no,2026-03-02,yes,v1.210
hashpipe,HAV192-5MD5PASS,e143,HAV192-5MD5PASS,v1.17,2026-03-02,no,2026-03-02,yes,v1.210
hashpipe,HAV224-3MD5,e144,HAV224-3MD5,v1.17,2026-03-02,no,2026-03-02,yes,v1.210
hashpipe,HAV224-3MD5PASS,e145,HAV224-3MD5PASS,v1.17,2026-03-02,no,2026-03-02,yes,v1.210
hashpipe,HAV224-4MD5,e146,HAV224-4MD5,v1.17,2026-03-02,no,2026-03-02,yes,v1.210
hashpipe,HAV224-4MD5PASS,e147,HAV224-4MD5PASS,v1.17,2026-03-02,no,2026-03-02,yes,v1.210
hashpipe,HAV224-5MD5,e148,HAV224-5MD5,v1.17,2026-03-02,no,2026-03-02,yes,v1.210
hashpipe,HAV224-5MD5PASS,e149,HAV224-5MD5PASS,v1.17,2026-03-02,no,2026-03-02,yes,v1.210
hashpipe,HAV256MD5,e150,HAV256MD5,v1.17,2026-03-02,no,2026-03-02,yes,v1.210
hashpipe,HAV256MD5PASS,e151,HAV256MD5PASS,v1.17,2026-03-02,no,2026-03-02,yes,v1.210
hashpipe,HAV256-4MD5,e152,HAV256-4MD5,v1.17,2026-03-02,no,2026-03-02,yes,v1.210
hashpipe,HAV256-4MD5PASS,e153,HAV256-4MD5PASS,v1.17,2026-03-02,no,2026-03-02,yes,v1.210
hashpipe,HAV256-5MD5,e154,HAV256-5MD5,v1.17,2026-03-02,no,2026-03-02,yes,v1.210
hashpipe,HAV256-5MD5PASS,e155,HAV256-5MD5PASS,v1.17,2026-03-02,no,2026-03-02,yes,v1.210
hashpipe,RMD128MD5,e156,RMD128MD5,v1.17,2026-03-02,no,2026-03-02,yes,v1.210
hashpipe,RMD128MD5PASS,e157,RMD128MD5PASS,v1.17,2026-03-02,no,2026-03-02,yes,v1.210
hashpipe,RMD160MD5,e158,RMD160MD5,v1.17,2026-03-02,no,2026-03-02,yes,v1.210
hashpipe,RMD160MD5PASS,e159,RMD160MD5PASS,v1.17,2026-03-02,no,2026-03-02,yes,v1.210
hashpipe,SHA1MD5,e160,SHA1MD5,v1.17,2026-03-02,no,2026-03-02,yes,v1.210
hashpipe,SHA1MD5PASS,e161,SHA1MD5PASS,v1.17,2026-03-02,no,2026-03-02,yes,v1.210
hashpipe,SHA224MD5,e162,SHA224MD5,v1.17,2026-03-02,no,2026-03-02,yes,v1.210
hashpipe,SHA224MD5PASS,e163,SHA224MD5PASS,v1.17,2026-03-02,no,2026-03-02,yes,v1.210
hashpipe,SHA256MD5,e164,SHA256MD5,v1.17,2026-03-02,no,2026-03-02,yes,v1.210
hashpipe,SHA256MD5PASS,e165,SHA256MD5PASS,v1.17,2026-03-02,no,2026-03-02,yes,v1.210
hashpipe,SHA384MD5,e166,SHA384MD5,v1.17,2026-03-02,no,2026-03-02,yes,v1.210
hashpipe,SHA384MD5PASS,e167,SHA384MD5PASS,v1.17,2026-03-02,no,2026-03-02,yes,v1.210
hashpipe,SHA512MD5,e168,SHA512MD5,v1.17,2026-03-02,no,2026-03-02,yes,v1.210
hashpipe,SHA512MD5PASS,e169,SHA512MD5PASS,v1.17,2026-03-02,no,2026-03-02,yes,v1.210
hashpipe,TIGERMD5,e170,TIGERMD5,v1.17,2026-03-02,no,2026-03-02,yes,v1.210
hashpipe,TIGERMD5PASS,e171,TIGERMD5PASS,v1.17,2026-03-02,no,2026-03-02,yes,v1.210
hashpipe,WRLMD5,e172,WRLMD5,v1.17,2026-03-02,no,2026-03-02,yes,v1.210
hashpipe,WRLMD5PASS,e173,WRLMD5PASS,v1.17,2026-03-02,no,2026-03-02,yes,v1.210
hashpipe,SNE128MD5,e174,SNE128MD5,v1.17,2026-03-02,no,2026-03-02,yes,v1.210
hashpipe,SNE128MD5PASS,e175,SNE128MD5PASS,v1.17,2026-03-02,no,2026-03-02,yes,v1.210
hashpipe,SNE256MD5,e176,SNE256MD5,v1.17,2026-03-02,no,2026-03-02,yes,v1.210
hashpipe,SNE256MD5PASS,e177,SNE256MD5PASS,v1.17,2026-03-02,no,2026-03-02,yes,v1.210
hashpipe,MD5SHA1,e178,MD5SHA1,v1.17,2026-03-02,no,2026-03-02,yes,v1.210
hashpipe,MD5SHA256,e179,MD5SHA256,v1.17,2026-03-02,no,2026-03-02,yes,v1.210
hashpipe,MD5SHA512,e180,MD5SHA512,v1.17,2026-03-02,no,2026-03-02,yes,v1.210
hashpipe,SHA1PASSSHA1,e181,SHA1PASSSHA1,v1.17,2026-03-02,no,2026-03-02,yes,v1.210
hashpipe,SHA1UC,e182,SHA1UC,v1.17,2026-03-02,no,2026-03-02,yes,v1.210
hashpipe,MD5HEXSALT,e183,MD5HEXSALT,v1.17,2026-03-02,no,2026-03-02,yes,v1.210
hashpipe,SHA1HEXSALT,e184,SHA1HEXSALT,v1.17,2026-03-02,no,2026-03-02,yes,v1.210
hashpipe,SHA256HEXSALT,e185,SHA256HEXSALT,v1.17,2026-03-02,no,2026-03-02,yes,v1.210
hashpipe,GOSTHEXSALT,e186,GOSTHEXSALT,v1.17,2026-03-02,no,2026-03-02,yes,v1.210
hashpipe,HAV128HEXSALT,e187,HAV128HEXSALT,v1.17,2026-03-02,no,2026-03-02,yes,v1.210
hashpipe,MD5SHA1MD5,e188,MD5SHA1MD5,v1.17,2026-03-02,no,2026-03-02,yes,v1.210
hashpipe,MD5SHA1MD5SHA1,e189,MD5SHA1MD5SHA1,v1.17,2026-03-02,no,2026-03-02,yes,v1.210
hashpipe,MD5SHA1MD5SHA1SHA1,e190,MD5SHA1MD5SHA1SHA1,v1.17,2026-03-02,no,2026-03-02,yes,v1.210
hashpipe,SHA1MD5SHA1,e191,SHA1MD5SHA1,v1.17,2026-03-02,no,2026-03-02,yes,v1.210
hashpipe,SHA1MD5SHA1MD5,e192,SHA1MD5SHA1MD5,v1.17,2026-03-02,no,2026-03-02,yes,v1.210
hashpipe,MD5HAV160-3,e193,MD5HAV160-3,v1.17,2026-03-02,no,2026-03-02,yes,v1.210
hashpipe,MD5SHA1HAV160-4,e194,MD5SHA1HAV160-4,v1.17,2026-03-02,no,2026-03-02,yes,v1.210
hashpipe,MD5SHA1MD5SHA1MD5,e195,MD5SHA1MD5SHA1MD5,v1.17,2026-03-02,no,2026-03-02,yes,v1.210
hashpipe,MD5RMD160,e196,MD5RMD160,v1.17,2026-03-02,no,2026-03-02,yes,v1.210
hashpipe,MD5SHA1SHA256,e197,MD5SHA1SHA256,v1.17,2026-03-02,no,2026-03-02,yes,v1.210
hashpipe,SHA256SHA512,e198,SHA256SHA512,v1.17,2026-03-02,no,2026-03-02,yes,v1.210
hashpipe,MD5WRL,e199,MD5WRL,v1.17,2026-03-02,no,2026-03-02,yes,v1.210
hashpipe,MD5SHA1SHA1RAW,e200,MD5SHA1SHA1RAW,v1.17,2026-03-02,no,2026-03-02,yes,v1.210
hashpipe,MD5PASSMD5,e201,MD5PASSMD5,v1.17,2026-03-02,no,2026-03-02,yes,v1.210
hashpipe,MD5-DBL-PASS,e202,MD5-DBL-PASS,v1.17,2026-03-02,no,2026-03-02,yes,v1.210
hashpipe,SHA1MD5UC,e203,SHA1MD5UC,v1.17,2026-03-02,no,2026-03-02,yes,v1.210
hashpipe,SHA1MD5SHA1MD5SHA1MD5,e204,SHA1MD5SHA1MD5SHA1MD5,v1.17,2026-03-02,no,2026-03-02,yes,v1.210
hashpipe,MD5SQL5,e205,MD5SQL5,v1.17,2026-03-02,no,2026-03-02,yes,v1.210
hashpipe,SHA1SQL5,e206,SHA1SQL5,v1.17,2026-03-02,no,2026-03-02,yes,v1.210
hashpipe,MD5MD5UCMD5,e207,MD5MD5UCMD5,v1.17,2026-03-02,no,2026-03-02,yes,v1.210
hashpipe,HMAC-MD2,e208,HMAC-MD2,v1.17,2026-03-02,no,2026-03-02,yes,v1.210
hashpipe,HMAC-MD4,e209,HMAC-MD4,v1.17,2026-03-02,no,2026-03-02,yes,v1.210
hashpipe,HMAC-RMD128,e210,HMAC-RMD128,v1.17,2026-03-02,no,2026-03-02,yes,v1.210
hashpipe,HMAC-RMD160,e211,HMAC-RMD160,v1.17,2026-03-02,no,2026-03-02,yes,v1.210
hashpipe,HMAC-RMD256,e212,HMAC-RMD256,v1.17,2026-03-02,no,2026-03-02,yes,v1.210
hashpipe,HMAC-RMD320,e213,HMAC-RMD320,v1.17,2026-03-02,no,2026-03-02,yes,v1.210
hashpipe,HMAC-MD5,e214,HMAC-MD5,v1.17,2026-03-02,no,2026-03-02,yes,v1.210
hashpipe,HMAC-SHA1,e215,HMAC-SHA1,v1.17,2026-03-02,no,2026-03-02,yes,v1.210
hashpipe,HMAC-SHA224,e216,HMAC-SHA224,v1.17,2026-03-02,no,2026-03-02,yes,v1.210
hashpipe,HMAC-SHA256,e217,HMAC-SHA256,v1.17,2026-03-02,no,2026-03-02,yes,v1.210
hashpipe,HMAC-SHA512,e218,HMAC-SHA512,v1.17,2026-03-02,no,2026-03-02,yes,v1.210
hashpipe,HMAC-HAV128,e219,HMAC-HAV128,v1.17,2026-03-02,no,2026-03-02,yes,v1.210
hashpipe,HMAC-HAV160,e220,HMAC-HAV160,v1.17,2026-03-02,no,2026-03-02,yes,v1.210
hashpipe,HMAC-HAV192,e221,HMAC-HAV192,v1.17,2026-03-02,no,2026-03-02,yes,v1.210
hashpipe,HMAC-HAV224,e222,HMAC-HAV224,v1.17,2026-03-02,no,2026-03-02,yes,v1.210
hashpipe,HMAC-HAV256,e223,HMAC-HAV256,v1.17,2026-03-02,no,2026-03-02,yes,v1.210
hashpipe,HMAC-TIGER128,e224,HMAC-TIGER128,v1.17,2026-03-02,no,2026-03-02,yes,v1.210
hashpipe,HMAC-TIGER160,e225,HMAC-TIGER160,v1.17,2026-03-02,no,2026-03-02,yes,v1.210
hashpipe,HMAC-TIGER192,e226,HMAC-TIGER192,v1.17,2026-03-02,no,2026-03-02,yes,v1.210
hashpipe,HMAC-GOST,e227,HMAC-GOST,v1.17,2026-03-02,no,2026-03-02,yes,v1.210
hashpipe,HMAC-WRL,e228,HMAC-WRL,v1.17,2026-03-02,no,2026-03-02,yes,v1.210
hashpipe,HMAC-SNE128,e229,HMAC-SNE128,v1.17,2026-03-02,no,2026-03-02,yes,v1.210
hashpipe,HMAC-SNE256,e230,HMAC-SNE256,v1.17,2026-03-02,no,2026-03-02,yes,v1.210
hashpipe,RMD128MD5MD5,e231,RMD128MD5MD5,v1.17,2026-03-02,no,2026-03-02,yes,v1.210
hashpipe,MD5BASE64,e232,MD5BASE64,v1.17,2026-03-02,no,2026-03-02,yes,v1.210
hashpipe,MD5BASE64MD5,e233,MD5BASE64MD5,v1.17,2026-03-02,no,2026-03-02,yes,v1.210
hashpipe,MD5SHA1BASE64,e234,MD5SHA1BASE64,v1.17,2026-03-02,no,2026-03-02,yes,v1.210
hashpipe,MD5SHA1MD5BASE64,e235,MD5SHA1MD5BASE64,v1.17,2026-03-02,no,2026-03-02,yes,v1.210
hashpipe,SHA1BASE64,e236,SHA1BASE64,v1.17,2026-03-02,no,2026-03-02,yes,v1.210
hashpipe,MD5BASE64MD5RAW,e237,MD5BASE64MD5RAW,v1.17,2026-03-02,no,2026-03-02,yes,v1.210
hashpipe,MD5BASE64SHA1RAW,e238,MD5BASE64SHA1RAW,v1.17,2026-03-02,no,2026-03-02,yes,v1.210
hashpipe,SHA1BASE64MD5RAW,e239,SHA1BASE64MD5RAW,v1.17,2026-03-02,no,2026-03-02,yes,v1.210
hashpipe,SHA1BASE64SHA1RAW,e240,SHA1BASE64SHA1RAW,v1.17,2026-03-02,no,2026-03-02,yes,v1.210
hashpipe,MD5BASE64SHA1RAWMD5,e241,MD5BASE64SHA1RAWMD5,v1.17,2026-03-02,no,2026-03-02,yes,v1.210
hashpipe,MD5BASE64MD5RAWSHA1,e242,MD5BASE64MD5RAWSHA1,v1.17,2026-03-02,no,2026-03-02,yes,v1.210
hashpipe,MD5BASE64MD5RAWMD5,e243,MD5BASE64MD5RAWMD5,v1.17,2026-03-02,no,2026-03-02,yes,v1.210
hashpipe,MD5BASE64MD5RAWMD5MD5,e244,MD5BASE64MD5RAWMD5MD5,v1.17,2026-03-02,no,2026-03-02,yes,v1.210
hashpipe,MD5BASE64SHA1RAWBASE64SHA1RAW,e245,MD5BASE64SHA1RAWBASE64SHA1RAW,v1.17,2026-03-02,no,2026-03-02,yes,v1.210
hashpipe,MD5SHA1UC,e246,MD5SHA1UC,v1.17,2026-03-02,no,2026-03-02,yes,v1.210
hashpipe,MD5SHA1UCMD5,e247,MD5SHA1UCMD5,v1.17,2026-03-02,no,2026-03-02,yes,v1.210
hashpipe,MD5SHA1UCMD5UC,e248,MD5SHA1UCMD5UC,v1.17,2026-03-02,no,2026-03-02,yes,v1.210
hashpipe,SHA1SHA1u32,e249,SHA1SHA1u32,v1.17,2026-03-02,no,2026-03-02,yes,v1.210
hashpipe,MD5SHA1u32,e250,MD5SHA1u32,v1.17,2026-03-02,no,2026-03-02,yes,v1.210
hashpipe,SHA256SHA1,e251,SHA256SHA1,v1.17,2026-03-02,no,2026-03-02,yes,v1.210
hashpipe,MD5BASE64revMD5,e252,MD5BASE64revMD5,v1.17,2026-03-02,no,2026-03-02,yes,v1.210
hashpipe,MD5revMD5,e253,MD5revMD5,v1.17,2026-03-02,no,2026-03-02,yes,v1.210
hashpipe,MD5revMD5MD5,e254,MD5revMD5MD5,v1.17,2026-03-02,no,2026-03-02,yes,v1.210
hashpipe,MD5BASE64MD5MD5,e255,MD5BASE64MD5MD5,v1.17,2026-03-02,no,2026-03-02,yes,v1.210
hashpipe,MD5SQL5-40,e256,MD5SQL5-40,v1.17,2026-03-02,no,2026-03-02,yes,v1.210
hashpipe,SHA1SQL5-40,e257,SHA1SQL5-40,v1.17,2026-03-02,no,2026-03-02,yes,v1.210
hashpipe,MD5revSHA1,e258,MD5revSHA1,v1.17,2026-03-02,no,2026-03-02,yes,v1.210
hashpipe,SQL5,e259,SQL5,v1.17,2026-03-02,no,2026-03-02,yes,v1.210
hashpipe,MD5USERIDMD5,e260,MD5USERIDMD5,v1.17,2026-03-02,no,2026-03-02,yes,v1.210
hashpipe,MD5USERIDMD5MD5,e261,MD5USERIDMD5MD5,v1.17,2026-03-02,no,2026-03-02,yes,v1.210
hashpipe,MD5MD5UC,e262,MD5MD5UC,v1.17,2026-03-02,no,2026-03-02,yes,v1.210
hashpipe,MD5USERnulPASS,e263,MD5USERnulPASS,v1.17,2026-03-02,no,2026-03-02,yes,v1.210
hashpipe,RADMIN2,e264,RADMIN2,v1.17,2026-03-02,no,2026-03-02,yes,v1.210
hashpipe,MD5RADMIN2,e265,MD5RADMIN2,v1.17,2026-03-02,no,2026-03-02,yes,v1.210
hashpipe,MD5RADMIN2SHA1,e266,MD5RADMIN2SHA1,v1.17,2026-03-02,no,2026-03-02,yes,v1.210
hashpipe,RADMIN2MD5,e267,RADMIN2MD5,v1.17,2026-03-02,no,2026-03-02,yes,v1.210
hashpipe,RADMIN2MD5MD5,e268,RADMIN2MD5MD5,v1.17,2026-03-02,no,2026-03-02,yes,v1.210
hashpipe,RADMIN2MD5UC,e269,RADMIN2MD5UC,v1.17,2026-03-02,no,2026-03-02,yes,v1.210
hashpipe,RADMIN2MD5SHA1,e270,RADMIN2MD5SHA1,v1.17,2026-03-02,no,2026-03-02,yes,v1.210
hashpipe,RADMIN2SHA1,e271,RADMIN2SHA1,v1.17,2026-03-02,no,2026-03-02,yes,v1.210
hashpipe,RADMIN2SQL5-40,e272,RADMIN2SQL5-40,v1.17,2026-03-02,no,2026-03-02,yes,v1.210
hashpipe,RADMIN2BASE64,e273,RADMIN2BASE64,v1.17,2026-03-02,no,2026-03-02,yes,v1.210
hashpipe,RADMIN2SHA1MD5,e274,RADMIN2SHA1MD5,v1.17,2026-03-02,no,2026-03-02,yes,v1.210
hashpipe,RADMIN2SQL3,e275,RADMIN2SQL3,v1.17,2026-03-02,no,2026-03-02,yes,v1.210
hashpipe,RADMIN2MD5MD5MD5,e276,RADMIN2MD5MD5MD5,v1.17,2026-03-02,no,2026-03-02,yes,v1.210
hashpipe,MD5RADMIN2MD5,e277,MD5RADMIN2MD5,v1.17,2026-03-02,no,2026-03-02,yes,v1.210
hashpipe,MD51SALTMD5,e278,MD51SALTMD5,v1.17,2026-03-02,no,2026-03-02,yes,v1.210
hashpipe,SHA1RADMIN2,e279,SHA1RADMIN2,v1.17,2026-03-02,no,2026-03-02,yes,v1.210
hashpipe,SHA1RADMIN2MD5,e280,SHA1RADMIN2MD5,v1.17,2026-03-02,no,2026-03-02,yes,v1.210
hashpipe,SHA1RADMIN2BASE64,e281,SHA1RADMIN2BASE64,v1.17,2026-03-02,no,2026-03-02,yes,v1.210
hashpipe,MD5-MULTISALT,e282,MD5-MULTISALT,v1.17,2026-03-02,no,2026-03-02,yes,v1.210
hashpipe,MD52SALTMD5,e283,MD52SALTMD5,v1.17,2026-03-02,no,2026-03-02,yes,v1.210
hashpipe,MD51SALTMD5UC,e284,MD51SALTMD5UC,v1.17,2026-03-02,no,2026-03-02,yes,v1.210
hashpipe,MD51SALTMD5MD5,e285,MD51SALTMD5MD5,v1.17,2026-03-02,no,2026-03-02,yes,v1.210
hashpipe,MD5MD5USER,e286,MD5MD5USER,v1.17,2026-03-02,no,2026-03-02,yes,v1.210
hashpipe,SHA1MD5MD5,e287,SHA1MD5MD5,v1.17,2026-03-02,no,2026-03-02,yes,v1.210
hashpipe,SHA1SHA1RAWMD5,e288,SHA1SHA1RAWMD5,v1.17,2026-03-02,no,2026-03-02,yes,v1.210
hashpipe,SHA1MD5MD5MD5,e289,SHA1MD5MD5MD5,v1.17,2026-03-02,no,2026-03-02,yes,v1.210
hashpipe,SHA1MD5MD5SHA1MD5,e290,SHA1MD5MD5SHA1MD5,v1.17,2026-03-02,no,2026-03-02,yes,v1.210
hashpipe,SHA1MD5MD5SHA1,e291,SHA1MD5MD5SHA1,v1.17,2026-03-02,no,2026-03-02,yes,v1.210
hashpipe,SHA1MD5MD5MD5SHA1,e292,SHA1MD5MD5MD5SHA1,v1.17,2026-03-02,no,2026-03-02,yes,v1.210
hashpipe,SHA1MD5MD5MD5MD5,e293,SHA1MD5MD5MD5MD5,v1.17,2026-03-02,no,2026-03-02,yes,v1.210
hashpipe,SHA1MD5MD5MD5MD5MD5,e294,SHA1MD5MD5MD5MD5MD5,v1.17,2026-03-02,no,2026-03-02,yes,v1.210
hashpipe,SHA1SHA1RAWMD5MD5,e295,SHA1SHA1RAWMD5MD5,v1.17,2026-03-02,no,2026-03-02,yes,v1.210
hashpipe,SHA1SHA1RAWMD5MD5MD5,e296,SHA1SHA1RAWMD5MD5MD5,v1.17,2026-03-02,no,2026-03-02,yes,v1.210
hashpipe,SHA1MD51SALTMD5,e297,SHA1MD51SALTMD5,v1.17,2026-03-02,no,2026-03-02,yes,v1.210
hashpipe,SHA1MD5x,e298,SHA1MD5x,v1.17,2026-03-02,no,2026-03-02,yes,v1.210
hashpipe,MD5SHA1SHA1MD5,e299,MD5SHA1SHA1MD5,v1.17,2026-03-02,no,2026-03-02,yes,v1.210
hashpipe,MD5SHA1SHA1,e300,MD5SHA1SHA1,v1.17,2026-03-02,no,2026-03-02,yes,v1.210
hashpipe,MD5SQL5MD5,e301,MD5SQL5MD5,v1.17,2026-03-02,no,2026-03-02,yes,v1.210
hashpipe,MD5SQL5-chop40,e302,MD5SQL5-chop40,v1.17,2026-03-02,no,2026-03-02,yes,v1.210
hashpipe,MD5-2xMD5,e303,MD5-2xMD5,v1.17,2026-03-02,no,2026-03-02,yes,v1.210
hashpipe,MD5-2xMD5-MD5,e304,MD5-2xMD5-MD5,v1.17,2026-03-02,no,2026-03-02,yes,v1.210
hashpipe,MD5-2xMD5-SHA1,e305,MD5-2xMD5-SHA1,v1.17,2026-03-02,no,2026-03-02,yes,v1.210
hashpipe,MD5-2xMD5-MD5MD5,e306,MD5-2xMD5-MD5MD5,v1.17,2026-03-02,no,2026-03-02,yes,v1.210
hashpipe,MD5-2xMD5-MD5MD5MD5,e307,MD5-2xMD5-MD5MD5MD5,v1.17,2026-03-02,no,2026-03-02,yes,v1.210
hashpipe,SHA1MD5USER,e308,SHA1MD5USER,v1.17,2026-03-02,no,2026-03-02,yes,v1.210
hashpipe,SHA1MD5RADMIN2,e309,SHA1MD5RADMIN2,v1.17,2026-03-02,no,2026-03-02,yes,v1.210
hashpipe,SHA1SHA1USER,e310,SHA1SHA1USER,v1.17,2026-03-02,no,2026-03-02,yes,v1.210
hashpipe,SHA11SALTMD5,e311,SHA11SALTMD5,v1.17,2026-03-02,no,2026-03-02,yes,v1.210
hashpipe,MD5-3xMD5,e312,MD5-3xMD5,v1.17,2026-03-02,no,2026-03-02,yes,v1.210
hashpipe,MD5-3xMD5-MD5,e313,MD5-3xMD5-MD5,v1.17,2026-03-02,no,2026-03-02,yes,v1.210
hashpipe,MD5-3xMD5-SHA1,e314,MD5-3xMD5-SHA1,v1.17,2026-03-02,no,2026-03-02,yes,v1.210
hashpipe,MD5-3xMD5-MD5MD5,e315,MD5-3xMD5-MD5MD5,v1.17,2026-03-02,no,2026-03-02,yes,v1.210
hashpipe,MD5-3xMD5-MD5MD5MD5,e316,MD5-3xMD5-MD5MD5MD5,v1.17,2026-03-02,no,2026-03-02,yes,v1.210
hashpipe,SHA1-2xSHA1,e317,SHA1-2xSHA1,v1.17,2026-03-02,no,2026-03-02,yes,v1.210
hashpipe,SHA1-2xSHA1-MD5,e318,SHA1-2xSHA1-MD5,v1.17,2026-03-02,no,2026-03-02,yes,v1.210
hashpipe,SHA1-2xSHA1-SHA1,e319,SHA1-2xSHA1-SHA1,v1.17,2026-03-02,no,2026-03-02,yes,v1.210
hashpipe,SHA1-2xSHA1-MD5MD5,e320,SHA1-2xSHA1-MD5MD5,v1.17,2026-03-02,no,2026-03-02,yes,v1.210
hashpipe,SHA1-2xSHA1-MD5MD5MD5,e321,SHA1-2xSHA1-MD5MD5MD5,v1.17,2026-03-02,no,2026-03-02,yes,v1.210
hashpipe,MD5-1xMD5SHA1,e322,MD5-1xMD5SHA1,v1.17,2026-03-02,no,2026-03-02,yes,v1.210
hashpipe,MD5-1xSHA1MD5,e323,MD5-1xSHA1MD5,v1.17,2026-03-02,no,2026-03-02,yes,v1.210
hashpipe,SHA1-1xSHA1MD5,e324,SHA1-1xSHA1MD5,v1.17,2026-03-02,no,2026-03-02,yes,v1.210
hashpipe,SHA1-1xMD5SHA1,e325,SHA1-1xMD5SHA1,v1.17,2026-03-02,no,2026-03-02,yes,v1.210
hashpipe,MD5-1xMD5SHA1-MD5,e326,MD5-1xMD5SHA1-MD5,v1.17,2026-03-02,no,2026-03-02,yes,v1.210
hashpipe,MD5-1xSHA1MD5-MD5,e327,MD5-1xSHA1MD5-MD5,v1.17,2026-03-02,no,2026-03-02,yes,v1.210
hashpipe,MD5-1xMD5SHA1-MD5MD5,e328,MD5-1xMD5SHA1-MD5MD5,v1.17,2026-03-02,no,2026-03-02,yes,v1.210
hashpipe,MD5-1xSHA1MD5-MD5MD5,e329,MD5-1xSHA1MD5-MD5MD5,v1.17,2026-03-02,no,2026-03-02,yes,v1.210
hashpipe,MD5-1xSHA1MD5pSHA1p,e330,MD5-1xSHA1MD5pSHA1p,v1.17,2026-03-02,no,2026-03-02,yes,v1.210
hashpipe,SHA1-1xSHA1MD5pSHA1p,e331,SHA1-1xSHA1MD5pSHA1p,v1.17,2026-03-02,no,2026-03-02,yes,v1.210
hashpipe,MD5SHA1-1xSHA1MD5pSHA1p,e332,MD5SHA1-1xSHA1MD5pSHA1p,v1.17,2026-03-02,no,2026-03-02,yes,v1.210
hashpipe,SHA1-1xSHA1psubp,e333,SHA1-1xSHA1psubp,v1.17,2026-03-02,no,2026-03-02,yes,v1.210
hashpipe,SHA1revp,e334,SHA1revp,v1.17,2026-03-02,no,2026-03-02,yes,v1.210
hashpipe,MD5revp,e335,MD5revp,v1.17,2026-03-02,no,2026-03-02,yes,v1.210
hashpipe,MD5TIGER2,e336,MD5TIGER2,v1.17,2026-03-02,no,2026-03-02,yes,v1.210
hashpipe,MD5SHA1MD5MD5,e337,MD5SHA1MD5MD5,v1.17,2026-03-02,no,2026-03-02,yes,v1.210
hashpipe,MD5SHA1MD5RADMIN2,e338,MD5SHA1MD5RADMIN2,v1.17,2026-03-02,no,2026-03-02,yes,v1.210
hashpipe,MD5SHA1MD5MD5MD5SHA1,e339,MD5SHA1MD5MD5MD5SHA1,v1.17,2026-03-02,no,2026-03-02,yes,v1.210
hashpipe,MD5SHA1RAW,e340,MD5SHA1RAW,v1.17,2026-03-02,no,2026-03-02,yes,v1.210
hashpipe,MD5SHA1MD5MD5MD5,e341,MD5SHA1MD5MD5MD5,v1.17,2026-03-02,no,2026-03-02,yes,v1.210
hashpipe,MD5SQL5-32,e342,MD5SQL5-32,v1.17,2026-03-02,no,2026-03-02,yes,v1.210
hashpipe,MD51SALTMD5MD5MD5,e343,MD51SALTMD5MD5MD5,v1.17,2026-03-02,no,2026-03-02,yes,v1.210
hashpipe,MD51SALTMD5MD5MD5MD5,e344,MD51SALTMD5MD5MD5MD5,v1.17,2026-03-02,no,2026-03-02,yes,v1.210
hashpipe,MD51SALTMD5MD5MD5MD5MD5,e345,MD51SALTMD5MD5MD5MD5MD5,v1.17,2026-03-02,no,2026-03-02,yes,v1.210
hashpipe,MD5BASE64ROT13,e346,MD5BASE64ROT13,v1.17,2026-03-02,no,2026-03-02,yes,v1.210
hashpipe,MD5MD5SALT,e347,MD5MD5SALT,v1.17,2026-03-02,no,2026-03-02,yes,v1.210
hashpipe,MD52SALTMD5MD5,e348,MD52SALTMD5MD5,v1.17,2026-03-02,no,2026-03-02,yes,v1.210
hashpipe,MD52SALTMD5MD5MD5,e349,MD52SALTMD5MD5MD5,v1.17,2026-03-02,no,2026-03-02,yes,v1.210
hashpipe,MD5UCSALT,e350,MD5UCSALT,v1.17,2026-03-02,no,2026-03-02,yes,v1.210
hashpipe,MD5TIGER,e351,MD5TIGER,v1.17,2026-03-02,no,2026-03-02,yes,v1.210
hashpipe,MD5SHA1MD5PASS,e352,MD5SHA1MD5PASS,v1.17,2026-03-02,no,2026-03-02,yes,v1.210
hashpipe,MD5CAP,e353,MD5CAP,v1.17,2026-03-02,no,2026-03-02,yes,v1.210
hashpipe,MD5CAPMD5USER,e354,MD5CAPMD5USER,v1.17,2026-03-02,no,2026-03-02,yes,v1.210
hashpipe,MD5CAPMD5MD5USER,e355,MD5CAPMD5MD5USER,v1.17,2026-03-02,no,2026-03-02,yes,v1.210
hashpipe,MD5MD5MD5USER,e356,MD5MD5MD5USER,v1.17,2026-03-02,no,2026-03-02,yes,v1.210
hashpipe,MD5MD5SALT-SALT,e357,MD5MD5SALT-SALT,v1.17,2026-03-02,no,2026-03-02,yes,v1.210
hashpipe,MD5CAPSHA1,e358,MD5CAPSHA1,v1.17,2026-03-02,no,2026-03-02,yes,v1.210
hashpipe,MD5SHA1MD5x,e359,MD5SHA1MD5x,v1.17,2026-03-02,no,2026-03-02,yes,v1.210
hashpipe,MD5SHA1BASE64MD5RAW,e360,MD5SHA1BASE64MD5RAW,v1.17,2026-03-02,no,2026-03-02,yes,v1.210
hashpipe,MD5SHA1MD5MD5SHA1,e361,MD5SHA1MD5MD5SHA1,v1.17,2026-03-02,no,2026-03-02,yes,v1.210
hashpipe,MD5SHA1MD5UC,e362,MD5SHA1MD5UC,v1.17,2026-03-02,no,2026-03-02,yes,v1.210
hashpipe,MD5MD5HUM,e363,MD5MD5HUM,v1.17,2026-03-02,no,2026-03-02,yes,v1.210
hashpipe,SHA1MD5HUM,e364,SHA1MD5HUM,v1.17,2026-03-02,no,2026-03-02,yes,v1.210
hashpipe,SHA1SHA1HUM,e365,SHA1SHA1HUM,v1.17,2026-03-02,no,2026-03-02,yes,v1.210
hashpipe,MD5SHA1HUM,e366,MD5SHA1HUM,v1.17,2026-03-02,no,2026-03-02,yes,v1.210
hashpipe,MD5-MD5SALTMD5PASS,e367,MD5-MD5SALTMD5PASS,v1.17,2026-03-02,no,2026-03-02,yes,v1.210
hashpipe,MD5NTLM,e368,MD5NTLM,v1.17,2026-03-02,no,2026-03-02,yes,v1.210
hashpipe,NTLM,e369,NTLM,v1.17,2026-03-02,no,2026-03-02,yes,v1.210
hashpipe,MD5MD4,e370,MD5MD4,v1.17,2026-03-02,no,2026-03-02,yes,v1.210
hashpipe,MD5NTLMUC,e371,MD5NTLMUC,v1.17,2026-03-02,no,2026-03-02,yes,v1.210
hashpipe,MD5USERPASS,e372,MD5USERPASS,v1.17,2026-03-02,no,2026-03-02,yes,v1.210
hashpipe,MD5PASSSALT,e373,MD5PASSSALT,v1.17,2026-03-02,no,2026-03-02,yes,v1.210
hashpipe,MD5SHA1RADMIN2MD5,e374,MD5SHA1RADMIN2MD5,v1.17,2026-03-02,no,2026-03-02,yes,v1.210
hashpipe,MD5UCBASE64MD5RAW,e375,MD5UCBASE64MD5RAW,v1.17,2026-03-02,no,2026-03-02,yes,v1.210
hashpipe,MD5UCBASE64SHA1RAW,e376,MD5UCBASE64SHA1RAW,v1.17,2026-03-02,no,2026-03-02,yes,v1.210
hashpipe,MD5SHA1MD5MD5UC,e377,MD5SHA1MD5MD5UC,v1.17,2026-03-02,no,2026-03-02,yes,v1.210
hashpipe,MD5SHA1MD5HUM,e378,MD5SHA1MD5HUM,v1.17,2026-03-02,no,2026-03-02,yes,v1.210
hashpipe,LM,e379,LM,v1.17,2026-03-02,no,2026-03-02,yes,v1.210
hashpipe,MD5LM,e380,MD5LM,v1.17,2026-03-02,no,2026-03-02,yes,v1.210
hashpipe,MD5LMUC,e381,MD5LMUC,v1.17,2026-03-02,no,2026-03-02,yes,v1.210
hashpipe,SHA256SHA256SALT,e382,SHA256SHA256SALT,v1.17,2026-03-02,no,2026-03-02,yes,v1.210
hashpipe,MD5RAWUC,e383,MD5RAWUC,v1.17,2026-03-02,no,2026-03-02,yes,v1.210
hashpipe,MD5SHA1UCu32,e384,MD5SHA1UCu32,v1.17,2026-03-02,no,2026-03-02,yes,v1.210
hashpipe,SHA1SALTPASS,e385,SHA1SALTPASS,v1.17,2026-03-02,no,2026-03-02,yes,v1.210
hashpipe,SHA512PASSSALT,e386,SHA512PASSSALT,v1.17,2026-03-02,no,2026-03-02,yes,v1.210
hashpipe,SHA512SHA512SALT,e387,SHA512SHA512SALT,v1.17,2026-03-02,no,2026-03-02,yes,v1.210
hashpipe,SHA512SALTPASS,e388,SHA512SALTPASS,v1.17,2026-03-02,no,2026-03-02,yes,v1.210
hashpipe,SHA512SALTSHA512,e389,SHA512SALTSHA512,v1.17,2026-03-02,no,2026-03-02,yes,v1.210
hashpipe,WRLPASSSALT,e390,WRLPASSSALT,v1.17,2026-03-02,no,2026-03-02,yes,v1.210
hashpipe,WRLWRLSALT,e391,WRLWRLSALT,v1.17,2026-03-02,no,2026-03-02,yes,v1.210
hashpipe,WRLSALTPASS,e392,WRLSALTPASS,v1.17,2026-03-02,no,2026-03-02,yes,v1.210
hashpipe,WRLSALTWRL,e393,WRLSALTWRL,v1.17,2026-03-02,no,2026-03-02,yes,v1.210
hashpipe,MD5SALTPASS,e394,MD5SALTPASS,v1.17,2026-03-02,no,2026-03-02,yes,v1.210
hashpipe,SHA1SALTPASSSALT,e395,SHA1SALTPASSSALT,v1.17,2026-03-02,no,2026-03-02,yes,v1.210
hashpipe,MD5MD5UCSHA1MD5MD5,e396,MD5MD5UCSHA1MD5MD5,v1.17,2026-03-02,no,2026-03-02,yes,v1.210
hashpipe,MD5SHA256MD5,e397,MD5SHA256MD5,v1.17,2026-03-02,no,2026-03-02,yes,v1.210
hashpipe,SHA1lsb32,e398,SHA1lsb32,v1.17,2026-03-02,no,2026-03-02,yes,v1.210
hashpipe,MD5-2xMD5UC,e399,MD5-2xMD5UC,v1.17,2026-03-02,no,2026-03-02,yes,v1.210
hashpipe,MD5-4xMD5,e400,MD5-4xMD5,v1.17,2026-03-02,no,2026-03-02,yes,v1.210
hashpipe,MD5-SHA1numSHA1,e401,MD5-SHA1numSHA1,v1.17,2026-03-02,no,2026-03-02,yes,v1.210
hashpipe,MD5-2xSHA1,e402,MD5-2xSHA1,v1.17,2026-03-02,no,2026-03-02,yes,v1.210
hashpipe,SHA1-2xMD5,e403,SHA1-2xMD5,v1.17,2026-03-02,no,2026-03-02,yes,v1.210
hashpipe,SHA1DRU,e404,SHA1DRU,v1.17,2026-03-02,no,2026-03-02,yes,v1.210
hashpipe,SHA1PASSSALT,e405,SHA1PASSSALT,v1.17,2026-03-02,no,2026-03-02,yes,v1.210
hashpipe,SHA256MD5SALTPASS,e406,SHA256MD5SALTPASS,v1.17,2026-03-02,no,2026-03-02,yes,v1.210
hashpipe,MD5padMD5,e407,MD5padMD5,v1.17,2026-03-02,no,2026-03-02,yes,v1.210
hashpipe,MD5DSALT,e408,MD5DSALT,v1.17,2026-03-02,no,2026-03-02,yes,v1.210
hashpipe,SHA1lsb35,e409,SHA1lsb35,v1.17,2026-03-02,no,2026-03-02,yes,v1.210
hashpipe,MD4SQL3,e410,MD4SQL3,v1.17,2026-03-02,no,2026-03-02,yes,v1.210
hashpipe,MD5SALTPASSSALT,e411,MD5SALTPASSSALT,v1.17,2026-03-02,no,2026-03-02,yes,v1.210
hashpipe,SHA256SALTPASS,e412,SHA256SALTPASS,v1.17,2026-03-02,no,2026-03-02,yes,v1.210
hashpipe,SHA256PASSSALT,e413,SHA256PASSSALT,v1.17,2026-03-02,no,2026-03-02,yes,v1.210
hashpipe,SMF,e414,SMF,v1.17,2026-03-02,no,2026-03-02,yes,v1.210
hashpipe,MD5-MD5SHA1MD5SHA1MD5SHA1p,e415,MD5-MD5SHA1MD5SHA1MD5SHA1p,v1.17,2026-03-02,no,2026-03-02,yes,v1.210
hashpipe,MD5MD5UCSQL3p,e416,MD5MD5UCSQL3p,v1.17,2026-03-02,no,2026-03-02,yes,v1.210
hashpipe,MD5MD5UCp,e417,MD5MD5UCp,v1.17,2026-03-02,no,2026-03-02,yes,v1.210
hashpipe,MD5NTLMp,e418,MD5NTLMp,v1.17,2026-03-02,no,2026-03-02,yes,v1.210
hashpipe,MD5-MD5USERSHA1MD5PASS,e419,MD5-MD5USERSHA1MD5PASS,v1.17,2026-03-02,no,2026-03-02,yes,v1.210
hashpipe,MD5SHA1u32SALT,e420,MD5SHA1u32SALT,v1.17,2026-03-02,no,2026-03-02,yes,v1.210
hashpipe,MD5-LMNTLM,e421,MD5-LMNTLM,v1.17,2026-03-02,no,2026-03-02,yes,v1.210
hashpipe,MD5-MD5psSHA1MD5psp,e422,MD5-MD5psSHA1MD5psp,v1.17,2026-03-02,no,2026-03-02,yes,v1.210
hashpipe,MD5-MD5puSHA1MD5pup,e423,MD5-MD5puSHA1MD5pup,v1.17,2026-03-02,no,2026-03-02,yes,v1.210
hashpipe,MD5WRLMD5,e424,MD5WRLMD5,v1.17,2026-03-02,no,2026-03-02,yes,v1.210
hashpipe,NULL,e425,NULL,v1.17,2026-03-02,no,2026-03-02,yes,v1.210
hashpipe,GOST2012-32,e427,GOST2012-32,v1.17,2026-03-02,no,2026-03-02,yes,v1.210
hashpipe,GOST2012-64,e428,GOST2012-64,v1.17,2026-03-02,no,2026-03-02,yes,v1.210
hashpipe,POMELO,e429,POMELO,v1.17,2026-03-02,no,2026-03-02,yes,v1.210
hashpipe,STREEBOG-32,e430,STREEBOG-32,v1.17,2026-03-02,no,2026-03-02,yes,v1.210
hashpipe,STREEBOG-64,e431,STREEBOG-64,v1.17,2026-03-02,no,2026-03-02,yes,v1.210
hashpipe,MD5AM,e432,MD5AM,v1.17,2026-03-02,no,2026-03-02,yes,v1.210
hashpipe,MD5AM2,e433,MD5AM2,v1.17,2026-03-02,no,2026-03-02,yes,v1.210
hashpipe,MD5SWAP,e434,MD5SWAP,v1.17,2026-03-02,no,2026-03-02,yes,v1.210
hashpipe,MD5SPECAM,e435,MD5SPECAM,v1.17,2026-03-02,no,2026-03-02,yes,v1.210
hashpipe,SHA1HESK,e436,SHA1HESK,v1.17,2026-03-02,no,2026-03-02,yes,v1.210
hashpipe,MD5HESK,e437,MD5HESK,v1.17,2026-03-02,no,2026-03-02,yes,v1.210
hashpipe,SHA1SALTSHA1SALTSHA1PASS,e438,SHA1SALTSHA1SALTSHA1PASS,v1.17,2026-03-02,no,2026-03-02,yes,v1.210
hashpipe,MSCACHE,e439,MSCACHE,v1.17,2026-03-02,no,2026-03-02,yes,v1.210
hashpipe,MD5SHA1SALTMD5PASS,e440,MD5SHA1SALTMD5PASS,v1.17,2026-03-02,no,2026-03-02,yes,v1.210
hashpipe,MD5SALTMD5PASS,e441,MD5SALTMD5PASS,v1.17,2026-03-02,no,2026-03-02,yes,v1.210
hashpipe,MD5SHA1PASSMD5PASSSHA1PASS,e442,MD5SHA1PASSMD5PASSSHA1PASS,v1.17,2026-03-02,no,2026-03-02,yes,v1.210
hashpipe,MD5SHA1PASSSALT,e443,MD5SHA1PASSSALT,v1.17,2026-03-02,no,2026-03-02,yes,v1.210
hashpipe,LEET-SHA512-WRL-USER,e444,LEET-SHA512-WRL-USER,v1.17,2026-03-02,no,2026-03-02,yes,v1.210
hashpipe,SHA1-SALT-SPECIAL,e445,SHA1-SALT-SPECIAL,v1.17,2026-03-02,no,2026-03-02,yes,v1.210
hashpipe,SHA1-SALT-UTF16-PEPPER,e446,SHA1-SALT-UTF16-PEPPER,v1.17,2026-03-02,no,2026-03-02,yes,v1.210
hashpipe,SHA256RAWSALTPASS,e447,SHA256RAWSALTPASS,v1.17,2026-03-02,no,2026-03-02,yes,v1.210
hashpipe,SHA512-CUSTOM1,e448,SHA512-CUSTOM1,v1.17,2026-03-02,no,2026-03-02,yes,v1.210
hashpipe,MD5SQL3,e449,MD5SQL3,v1.17,2026-03-02,no,2026-03-02,yes,v1.210
hashpipe,BCRYPT,e450,BCRYPT,v1.17,2026-03-02,no,2026-03-02,yes,v1.210
hashpipe,BCRYPTMD5,e451,BCRYPTMD5,v1.17,2026-03-02,no,2026-03-02,yes,v1.210
hashpipe,BCRYPTSHA1,e452,BCRYPTSHA1,v1.17,2026-03-02,no,2026-03-02,yes,v1.210
hashpipe,MD5sub8-24MD5,e453,MD5sub8-24MD5,v1.17,2026-03-02,no,2026-03-02,yes,v1.210
hashpipe,MD5sub8-24MD5sub8-24MD5,e454,MD5sub8-24MD5sub8-24MD5,v1.17,2026-03-02,no,2026-03-02,yes,v1.210
hashpipe,PHPBB3,e455,PHPBB3,v1.17,2026-03-02,no,2026-03-02,yes,v1.210
hashpipe,MYSQL3,e456,MYSQL3,v1.17,2026-03-02,no,2026-03-02,yes,v1.210
hashpipe,APACHE-SHA,e457,APACHE-SHA,v1.17,2026-03-02,no,2026-03-02,yes,v1.210
hashpipe,MD5-MD5PASSMD5SALT,e458,MD5-MD5PASSMD5SALT,v1.17,2026-03-02,no,2026-03-02,yes,v1.210
hashpipe,YAF-SHA1,e459,YAF-SHA1,v1.17,2026-03-02,no,2026-03-02,yes,v1.210
hashpipe,MD5revMD5SHA1,e460,MD5revMD5SHA1,v1.17,2026-03-02,no,2026-03-02,yes,v1.210
hashpipe,APR1,e461,APR1,v1.17,2026-03-02,no,2026-03-02,yes,v1.210
hashpipe,MD5SHA1BASE64SHA1MD5,e462,MD5SHA1BASE64SHA1MD5,v1.17,2026-03-02,no,2026-03-02,yes,v1.210
hashpipe,SHA1-8TRACK,e463,SHA1-8TRACK,v1.17,2026-03-02,no,2026-03-02,yes,v1.210
hashpipe,SHA1WRL,e464,SHA1WRL,v1.17,2026-03-02,no,2026-03-02,yes,v1.210
hashpipe,SHA1revMD5,e465,SHA1revMD5,v1.17,2026-03-02,no,2026-03-02,yes,v1.210
hashpipe,SHA1-MD5SALT,e466,SHA1-MD5SALT,v1.17,2026-03-02,no,2026-03-02,yes,v1.210
hashpipe,SHA1-revMD5SALT,e467,SHA1-revMD5SALT,v1.17,2026-03-02,no,2026-03-02,yes,v1.210
hashpipe,SHA1revMD5PASSSALT,e468,SHA1revMD5PASSSALT,v1.17,2026-03-02,no,2026-03-02,yes,v1.210
hashpipe,SHA1MD5PASSSALT,e469,SHA1MD5PASSSALT,v1.17,2026-03-02,no,2026-03-02,yes,v1.210
hashpipe,SHA1-MD5MD5SALT,e470,SHA1-MD5MD5SALT,v1.17,2026-03-02,no,2026-03-02,yes,v1.210
hashpipe,SHA1MD5PASS-SALT,e471,SHA1MD5PASS-SALT,v1.17,2026-03-02,no,2026-03-02,yes,v1.210
hashpipe,SHA1SALTMD5PASS,e472,SHA1SALTMD5PASS,v1.17,2026-03-02,no,2026-03-02,yes,v1.210
hashpipe,SHA1SALTrevMD5PASS,e473,SHA1SALTrevMD5PASS,v1.17,2026-03-02,no,2026-03-02,yes,v1.210
hashpipe,SHA1USERSQL3,e474,SHA1USERSQL3,v1.17,2026-03-02,no,2026-03-02,yes,v1.210
hashpipe,SHA1SHA256,e475,SHA1SHA256,v1.17,2026-03-02,no,2026-03-02,yes,v1.210
hashpipe,SHA1SHA384,e476,SHA1SHA384,v1.17,2026-03-02,no,2026-03-02,yes,v1.210
hashpipe,SHA1SHA512,e477,SHA1SHA512,v1.17,2026-03-02,no,2026-03-02,yes,v1.210
hashpipe,SHA1SQL3,e478,SHA1SQL3,v1.17,2026-03-02,no,2026-03-02,yes,v1.210
hashpipe,SHA1UCWRL,e479,SHA1UCWRL,v1.17,2026-03-02,no,2026-03-02,yes,v1.210
hashpipe,SHA1WRLMD5,e480,SHA1WRLMD5,v1.17,2026-03-02,no,2026-03-02,yes,v1.210
hashpipe,SHA1MD5SHA1MD5SHA1MD5SHA1,e481,SHA1MD5SHA1MD5SHA1MD5SHA1,v1.17,2026-03-02,no,2026-03-02,yes,v1.210
hashpipe,WRLSHA512,e482,WRLSHA512,v1.17,2026-03-02,no,2026-03-02,yes,v1.210
hashpipe,MD5GOST,e483,MD5GOST,v1.17,2026-03-02,no,2026-03-02,yes,v1.210
hashpipe,MD5GOSTMD5,e484,MD5GOSTMD5,v1.17,2026-03-02,no,2026-03-02,yes,v1.210
hashpipe,MD5GOSTMD5UC,e485,MD5GOSTMD5UC,v1.17,2026-03-02,no,2026-03-02,yes,v1.210
hashpipe,MD5WRLRAW,e486,MD5WRLRAW,v1.17,2026-03-02,no,2026-03-02,yes,v1.210
hashpipe,MD5-4xMD5-SALT,e487,MD5-4xMD5-SALT,v1.17,2026-03-02,no,2026-03-02,yes,v1.210
hashpipe,SHA256UC,e488,SHA256UC,v1.17,2026-03-02,no,2026-03-02,yes,v1.210
hashpipe,MD4SHA1MD5,e489,MD4SHA1MD5,v1.17,2026-03-02,no,2026-03-02,yes,v1.210
hashpipe,MD5RAWMD5RAW,e490,MD5RAWMD5RAW,v1.17,2026-03-02,no,2026-03-02,yes,v1.210
hashpipe,MD5SHA1BASE64SHA1RAW,e491,MD5SHA1BASE64SHA1RAW,v1.17,2026-03-02,no,2026-03-02,yes,v1.210
hashpipe,MD5revMD5SHA1SHA1,e492,MD5revMD5SHA1SHA1,v1.17,2026-03-02,no,2026-03-02,yes,v1.210
hashpipe,MD5MD2,e493,MD5MD2,v1.17,2026-03-02,no,2026-03-02,yes,v1.210
hashpipe,MD5MD2RAW,e494,MD5MD2RAW,v1.17,2026-03-02,no,2026-03-02,yes,v1.210
hashpipe,MD5BASE64SHA256RAW,e495,MD5BASE64SHA256RAW,v1.17,2026-03-02,no,2026-03-02,yes,v1.210
hashpipe,MD4UTF16,e496,MD4UTF16,v1.17,2026-03-02,no,2026-03-02,yes,v1.210
hashpipe,MD4UTF16MD5,e497,MD4UTF16MD5,v1.17,2026-03-02,no,2026-03-02,yes,v1.210
hashpipe,RMD128MD4,e498,RMD128MD4,v1.17,2026-03-02,no,2026-03-02,yes,v1.210
hashpipe,MD5SHA0,e499,MD5SHA0,v1.17,2026-03-02,no,2026-03-02,yes,v1.210
hashpipe,DESCRYPT,e500,DESCRYPT,v1.17,2026-03-02,no,2026-03-02,yes,v1.210
hashpipe,MD5DESCRYPT,e501,MD5DESCRYPT,v1.17,2026-03-02,no,2026-03-02,yes,v1.210
hashpipe,MD4DESCRYPT,e502,MD4DESCRYPT,v1.17,2026-03-02,no,2026-03-02,yes,v1.210
hashpipe,MD5PASSSHA1MD5,e503,MD5PASSSHA1MD5,v1.17,2026-03-02,no,2026-03-02,yes,v1.210
hashpipe,MD5PASSMD5MD5PASS,e504,MD5PASSMD5MD5PASS,v1.17,2026-03-02,no,2026-03-02,yes,v1.210
hashpipe,MD5PASSMD5MD5MD5,e505,MD5PASSMD5MD5MD5,v1.17,2026-03-02,no,2026-03-02,yes,v1.210
hashpipe,MD5-MD5PASSMD5,e506,MD5-MD5PASSMD5,v1.17,2026-03-02,no,2026-03-02,yes,v1.210
hashpipe,MD5PASSSHA1,e507,MD5PASSSHA1,v1.17,2026-03-02,no,2026-03-02,yes,v1.210
hashpipe,MD5MD5PASSSHA1,e508,MD5MD5PASSSHA1,v1.17,2026-03-02,no,2026-03-02,yes,v1.210
hashpipe,SHA1MD5MD5SHA1MD5SHA1SHA1MD5,e509,SHA1MD5MD5SHA1MD5SHA1SHA1MD5,v1.17,2026-03-02,no,2026-03-02,yes,v1.210
hashpipe,SHA512SHA512RAWUSER,e510,SHA512SHA512RAWUSER,v1.17,2026-03-02,no,2026-03-02,yes,v1.210
hashpipe,MD5CRYPT,e511,MD5CRYPT,v1.17,2026-03-02,no,2026-03-02,yes,v1.210
hashpipe,SHA256CRYPT,e512,SHA256CRYPT,v1.17,2026-03-02,no,2026-03-02,yes,v1.210
hashpipe,SHA512CRYPT,e513,SHA512CRYPT,v1.17,2026-03-02,no,2026-03-02,yes,v1.210
hashpipe,SHA512SALTMD5,e514,SHA512SALTMD5,v1.17,2026-03-02,no,2026-03-02,yes,v1.210
hashpipe,MD5-SALTMD5PASSSALT,e515,MD5-SALTMD5PASSSALT,v1.17,2026-03-02,no,2026-03-02,yes,v1.210
hashpipe,MD5-SALTMD5SALTPASS,e516,MD5-SALTMD5SALTPASS,v1.17,2026-03-02,no,2026-03-02,yes,v1.210
hashpipe,MD5-MD5PASS-SALT,e517,MD5-MD5PASS-SALT,v1.17,2026-03-02,no,2026-03-02,yes,v1.210
hashpipe,MD5-MD5SALT-PASS,e518,MD5-MD5SALT-PASS,v1.17,2026-03-02,no,2026-03-02,yes,v1.210
hashpipe,MD5-PASS-MD5SALT,e519,MD5-PASS-MD5SALT,v1.17,2026-03-02,no,2026-03-02,yes,v1.210
hashpipe,SHA1SALTSHA1PASS,e520,SHA1SALTSHA1PASS,v1.17,2026-03-02,no,2026-03-02,yes,v1.210
hashpipe,SHA1SALTCX,e521,SHA1SALTCX,v1.17,2026-03-02,no,2026-03-02,yes,v1.210
hashpipe,MD5SHA1MD5SHA1MD5SHA1MD5SHA1MD5SHA1MD5SHA1,e522,MD5SHA1MD5SHA1MD5SHA1MD5SHA1MD5SHA1MD5SHA1,v1.17,2026-03-02,no,2026-03-02,yes,v1.210
hashpipe,SHA256SALTSHA256PASS,e523,SHA256SALTSHA256PASS,v1.17,2026-03-02,no,2026-03-02,yes,v1.210
hashpipe,MD5dcab,e524,MD5dcab,v1.17,2026-03-02,no,2026-03-02,yes,v1.210
hashpipe,MD5bcad,e525,MD5bcad,v1.17,2026-03-02,no,2026-03-02,yes,v1.210
hashpipe,MD5BASE64BASE64,e526,MD5BASE64BASE64,v1.17,2026-03-02,no,2026-03-02,yes,v1.210
hashpipe,MD5BASE64BASE64BASE64,e527,MD5BASE64BASE64BASE64,v1.17,2026-03-02,no,2026-03-02,yes,v1.210
hashpipe,MD5-SALTSHA1SALTPASS,e528,MD5-SALTSHA1SALTPASS,v1.17,2026-03-02,no,2026-03-02,yes,v1.210
hashpipe,CISCO8,e529,CISCO8,v1.17,2026-03-02,no,2026-03-02,yes,v1.210
hashpipe,PBKDF2-SHA256,e530,PBKDF2-SHA256,v1.17,2026-03-02,no,2026-03-02,yes,v1.210
hashpipe,PBKDF2-MD5,e531,PBKDF2-MD5,v1.17,2026-03-02,no,2026-03-02,yes,v1.210
hashpipe,PBKDF2-SHA1,e532,PBKDF2-SHA1,v1.17,2026-03-02,no,2026-03-02,yes,v1.210
hashpipe,PBKDF2-SHA512,e533,PBKDF2-SHA512,v1.17,2026-03-02,no,2026-03-02,yes,v1.210
hashpipe,PKCS5S2,e534,PKCS5S2,v1.17,2026-03-02,no,2026-03-02,yes,v1.210
hashpipe,SHA1-CUSTOMUSERSALT,e535,SHA1-CUSTOMUSERSALT,v1.17,2026-03-02,no,2026-03-02,yes,v1.210
hashpipe,PROGRESSENCODE,e536,PROGRESSENCODE,v1.17,2026-03-02,no,2026-03-02,yes,v1.210
hashpipe,PHPBB3MD5,e537,PHPBB3MD5,v1.17,2026-03-02,no,2026-03-02,yes,v1.210
hashpipe,SHA512CRYPTMD5,e538,SHA512CRYPTMD5,v1.17,2026-03-02,no,2026-03-02,yes,v1.210
hashpipe,MYSQL5MD5,e539,MYSQL5MD5,v1.17,2026-03-02,no,2026-03-02,yes,v1.210
hashpipe,MANGOS,e540,MANGOS,v1.17,2026-03-02,no,2026-03-02,yes,v1.210
hashpipe,MD5revMD5SALT,e541,MD5revMD5SALT,v1.17,2026-03-02,no,2026-03-02,yes,v1.210
hashpipe,MD5sub8-24SALT,e542,MD5sub8-24SALT,v1.17,2026-03-02,no,2026-03-02,yes,v1.210
hashpipe,HMAC-SHA384,e543,HMAC-SHA384,v1.17,2026-03-02,no,2026-03-02,yes,v1.210
hashpipe,CRYPTEXT,e544,CRYPTEXT,v1.17,2026-03-02,no,2026-03-02,yes,v1.210
hashpipe,MD5SHA1lsb35,e545,MD5SHA1lsb35,v1.17,2026-03-02,no,2026-03-02,yes,v1.210
hashpipe,MD5sub1-20MD5,e546,MD5sub1-20MD5,v1.17,2026-03-02,no,2026-03-02,yes,v1.210
hashpipe,MD5sub1-20MD5MD5,e547,MD5sub1-20MD5MD5,v1.17,2026-03-02,no,2026-03-02,yes,v1.210
hashpipe,MD5SQL3SQL5MD5MD5,e548,MD5SQL3SQL5MD5MD5,v1.17,2026-03-02,no,2026-03-02,yes,v1.210
hashpipe,SHA1MD5SHA256,e549,SHA1MD5SHA256,v1.17,2026-03-02,no,2026-03-02,yes,v1.210
hashpipe,SHA1SHA256MD5,e550,SHA1SHA256MD5,v1.17,2026-03-02,no,2026-03-02,yes,v1.210
hashpipe,MD4UTF16MD5MD5,e551,MD4UTF16MD5MD5,v1.17,2026-03-02,no,2026-03-02,yes,v1.210
hashpipe,MD5-2xSHA1MD5,e552,MD5-2xSHA1MD5,v1.17,2026-03-02,no,2026-03-02,yes,v1.210
hashpipe,MD5-6xMD5,e553,MD5-6xMD5,v1.17,2026-03-02,no,2026-03-02,yes,v1.210
hashpipe,MD5-5xMD5,e554,MD5-5xMD5,v1.17,2026-03-02,no,2026-03-02,yes,v1.210
hashpipe,MD5SHA1SALT,e555,MD5SHA1SALT,v1.17,2026-03-02,no,2026-03-02,yes,v1.210
hashpipe,MD5SHA1u39,e556,MD5SHA1u39,v1.17,2026-03-02,no,2026-03-02,yes,v1.210
hashpipe,MD5-MD5SHA1PASSSHA1MD5SALT,e557,MD5-MD5SHA1PASSSHA1MD5SALT,v1.17,2026-03-02,no,2026-03-02,yes,v1.210
hashpipe,MD5UCMD5,e558,MD5UCMD5,v1.17,2026-03-02,no,2026-03-02,yes,v1.210
hashpipe,MD4UTF16MD5UC,e559,MD4UTF16MD5UC,v1.17,2026-03-02,no,2026-03-02,yes,v1.210
hashpipe,MD4UTF16MD5MD5MD5,e560,MD4UTF16MD5MD5MD5,v1.17,2026-03-02,no,2026-03-02,yes,v1.210
hashpipe,MD4UTF16SHA1,e561,MD4UTF16SHA1,v1.17,2026-03-02,no,2026-03-02,yes,v1.210
hashpipe,MD4UTF16SHA1SHA1,e562,MD4UTF16SHA1SHA1,v1.17,2026-03-02,no,2026-03-02,yes,v1.210
hashpipe,MD4UTF16SHA256,e563,MD4UTF16SHA256,v1.17,2026-03-02,no,2026-03-02,yes,v1.210
hashpipe,MD4UTF16SHA256SHA256,e564,MD4UTF16SHA256SHA256,v1.17,2026-03-02,no,2026-03-02,yes,v1.210
hashpipe,MD4UTF16SHA256SHA256SHA256,e565,MD4UTF16SHA256SHA256SHA256,v1.17,2026-03-02,no,2026-03-02,yes,v1.210
hashpipe,MD4UTF16SHA256SHA256SHA256SHA256,e566,MD4UTF16SHA256SHA256SHA256SHA256,v1.17,2026-03-02,no,2026-03-02,yes,v1.210
hashpipe,MD4UTF16SHA1MD5,e567,MD4UTF16SHA1MD5,v1.17,2026-03-02,no,2026-03-02,yes,v1.210
hashpipe,MD4UTF16MD5SHA1,e568,MD4UTF16MD5SHA1,v1.17,2026-03-02,no,2026-03-02,yes,v1.210
hashpipe,MD4UTF16SHA256UC,e569,MD4UTF16SHA256UC,v1.17,2026-03-02,no,2026-03-02,yes,v1.210
hashpipe,MD4UTF16UC,e570,MD4UTF16UC,v1.17,2026-03-02,no,2026-03-02,yes,v1.210
hashpipe,SHA1SHA256UC,e571,SHA1SHA256UC,v1.17,2026-03-02,no,2026-03-02,yes,v1.210
hashpipe,MD5BASE64SHA1MD5,e572,MD5BASE64SHA1MD5,v1.17,2026-03-02,no,2026-03-02,yes,v1.210
hashpipe,SHA1DESCRYPT,e573,SHA1DESCRYPT,v1.17,2026-03-02,no,2026-03-02,yes,v1.210
hashpipe,MD4UTF16DESCRYPT,e574,MD4UTF16DESCRYPT,v1.17,2026-03-02,no,2026-03-02,yes,v1.210
hashpipe,MD4UTF16MD5HUM,e575,MD4UTF16MD5HUM,v1.17,2026-03-02,no,2026-03-02,yes,v1.210
hashpipe,MD4UTF16SHA1HUM,e576,MD4UTF16SHA1HUM,v1.17,2026-03-02,no,2026-03-02,yes,v1.210
hashpipe,BCRYPT256,e577,BCRYPT256,v1.17,2026-03-02,no,2026-03-02,yes,v1.210
hashpipe,SHA1-MD5PASSSALT,e578,SHA1-MD5PASSSALT,v1.17,2026-03-02,no,2026-03-02,yes,v1.210
hashpipe,SHA1SHA1PASSSALT,e579,SHA1SHA1PASSSALT,v1.17,2026-03-02,no,2026-03-02,yes,v1.210
hashpipe,SHA1SHA256x,e580,SHA1SHA256x,v1.17,2026-03-02,no,2026-03-02,yes,v1.210
hashpipe,SHA1SHA256UCx,e581,SHA1SHA256UCx,v1.17,2026-03-02,no,2026-03-02,yes,v1.210
hashpipe,SHA1SHA256UCxSHA256,e582,SHA1SHA256UCxSHA256,v1.17,2026-03-02,no,2026-03-02,yes,v1.210
hashpipe,SHA1SHA256UCSHA256,e583,SHA1SHA256UCSHA256,v1.17,2026-03-02,no,2026-03-02,yes,v1.210
hashpipe,SHA1SHA256UCSHA256SHA256,e584,SHA1SHA256UCSHA256SHA256,v1.17,2026-03-02,no,2026-03-02,yes,v1.210
hashpipe,SHA1SHA256SHA512,e585,SHA1SHA256SHA512,v1.17,2026-03-02,no,2026-03-02,yes,v1.210
hashpipe,SHA1MD5MD5SALT,e586,SHA1MD5MD5SALT,v1.17,2026-03-02,no,2026-03-02,yes,v1.210
hashpipe,SHA1MD5SALT,e587,SHA1MD5SALT,v1.17,2026-03-02,no,2026-03-02,yes,v1.210
hashpipe,SHA1-MD5-MD5SALTMD5PASS,e588,SHA1-MD5-MD5SALTMD5PASS,v1.17,2026-03-02,no,2026-03-02,yes,v1.210
hashpipe,SHA1-MD5UC-MD5SALT,e589,SHA1-MD5UC-MD5SALT,v1.17,2026-03-02,no,2026-03-02,yes,v1.210
hashpipe,SHA1MD5DSALT,e590,SHA1MD5DSALT,v1.17,2026-03-02,no,2026-03-02,yes,v1.210
hashpipe,SHA1MD5MD5DSALT,e591,SHA1MD5MD5DSALT,v1.17,2026-03-02,no,2026-03-02,yes,v1.210
hashpipe,SHA1-MD5-MD5SALTMD5PASS-SALT,e592,SHA1-MD5-MD5SALTMD5PASS-SALT,v1.17,2026-03-02,no,2026-03-02,yes,v1.210
hashpipe,SHA1MD5MD5SHA1SHA1MD5,e593,SHA1MD5MD5SHA1SHA1MD5,v1.17,2026-03-02,no,2026-03-02,yes,v1.210
hashpipe,SHA1SHA1MD5PASSSALT,e594,SHA1SHA1MD5PASSSALT,v1.17,2026-03-02,no,2026-03-02,yes,v1.210
hashpipe,SHA1MD5UCMD5,e595,SHA1MD5UCMD5,v1.17,2026-03-02,no,2026-03-02,yes,v1.210
hashpipe,SHA1-MD5PEPPER-MD5SALTMD5PASS,e596,SHA1-MD5PEPPER-MD5SALTMD5PASS,v1.17,2026-03-02,no,2026-03-02,yes,v1.210
hashpipe,SHA1-MD5PEPPER-MD5SALT,e597,SHA1-MD5PEPPER-MD5SALT,v1.17,2026-03-02,no,2026-03-02,yes,v1.210
hashpipe,SHA1MD5-PASSMD5SALT,e598,SHA1MD5-PASSMD5SALT,v1.17,2026-03-02,no,2026-03-02,yes,v1.210
hashpipe,SHA1SHA256SHA1,e599,SHA1SHA256SHA1,v1.17,2026-03-02,no,2026-03-02,yes,v1.210
hashpipe,SHA1MD5-SHA1PASSPASS,e600,SHA1MD5-SHA1PASSPASS,v1.17,2026-03-02,no,2026-03-02,yes,v1.210
hashpipe,SHA1PASS-TRUNC,e601,SHA1PASS-TRUNC,v1.17,2026-03-02,no,2026-03-02,yes,v1.210
hashpipe,SHA1SALTMD5PASSPEPPER,e602,SHA1SALTMD5PASSPEPPER,v1.17,2026-03-02,no,2026-03-02,yes,v1.210
hashpipe,SHA1MD5SALTMD5PASS,e603,SHA1MD5SALTMD5PASS,v1.17,2026-03-02,no,2026-03-02,yes,v1.210
hashpipe,SHA1SHA1u34,e604,SHA1SHA1u34,v1.17,2026-03-02,no,2026-03-02,yes,v1.210
hashpipe,SHA1SHA1u36,e605,SHA1SHA1u36,v1.17,2026-03-02,no,2026-03-02,yes,v1.210
hashpipe,SHA1SHA1u38,e606,SHA1SHA1u38,v1.17,2026-03-02,no,2026-03-02,yes,v1.210
hashpipe,SHA1MD5SALTPASSPEPPER,e607,SHA1MD5SALTPASSPEPPER,v1.17,2026-03-02,no,2026-03-02,yes,v1.210
hashpipe,SHA1SHA256u32,e608,SHA1SHA256u32,v1.17,2026-03-02,no,2026-03-02,yes,v1.210
hashpipe,SHA1SHA256u40,e609,SHA1SHA256u40,v1.17,2026-03-02,no,2026-03-02,yes,v1.210
hashpipe,SHA1SHA256u34,e610,SHA1SHA256u34,v1.17,2026-03-02,no,2026-03-02,yes,v1.210
hashpipe,SHA1-MD5PEPPER-MD5MD5SALT,e611,SHA1-MD5PEPPER-MD5MD5SALT,v1.17,2026-03-02,no,2026-03-02,yes,v1.210
hashpipe,SHA1SHA256u42,e612,SHA1SHA256u42,v1.17,2026-03-02,no,2026-03-02,yes,v1.210
hashpipe,SHA1SHA256SHA256,e613,SHA1SHA256SHA256,v1.17,2026-03-02,no,2026-03-02,yes,v1.210
hashpipe,SHA1SHA256SHA256SHA256,e614,SHA1SHA256SHA256SHA256,v1.17,2026-03-02,no,2026-03-02,yes,v1.210
hashpipe,SHA1SHA256u38,e615,SHA1SHA256u38,v1.17,2026-03-02,no,2026-03-02,yes,v1.210
hashpipe,SHA1SHA256u36,e616,SHA1SHA256u36,v1.17,2026-03-02,no,2026-03-02,yes,v1.210
hashpipe,SHA1NTLM,e617,SHA1NTLM,v1.17,2026-03-02,no,2026-03-02,yes,v1.210
hashpipe,SHA1MD5SHA1MD5SHA1,e618,SHA1MD5SHA1MD5SHA1,v1.17,2026-03-02,no,2026-03-02,yes,v1.210
hashpipe,SHA1SALTSHA256,e619,SHA1SALTSHA256,v1.17,2026-03-02,no,2026-03-02,yes,v1.210
hashpipe,SHA1SHA1u35,e620,SHA1SHA1u35,v1.17,2026-03-02,no,2026-03-02,yes,v1.210
hashpipe,SHA1SHA256u37,e621,SHA1SHA256u37,v1.17,2026-03-02,no,2026-03-02,yes,v1.210
hashpipe,SHA1SHA256TRUNC,e622,SHA1SHA256TRUNC,v1.17,2026-03-02,no,2026-03-02,yes,v1.210
hashpipe,SHA1SHA256TRUNCMD5,e623,SHA1SHA256TRUNCMD5,v1.17,2026-03-02,no,2026-03-02,yes,v1.210
hashpipe,SHA1SHA1u39,e624,SHA1SHA1u39,v1.17,2026-03-02,no,2026-03-02,yes,v1.210
hashpipe,SHA1SHA1u37,e625,SHA1SHA1u37,v1.17,2026-03-02,no,2026-03-02,yes,v1.210
hashpipe,SHA1SHA1TRUNC,e626,SHA1SHA1TRUNC,v1.17,2026-03-02,no,2026-03-02,yes,v1.210
hashpipe,SHA1-MD5SHA1PASSSHA1MD5SALT,e627,SHA1-MD5SHA1PASSSHA1MD5SALT,v1.17,2026-03-02,no,2026-03-02,yes,v1.210
hashpipe,SHA1MD5CAP,e628,SHA1MD5CAP,v1.17,2026-03-02,no,2026-03-02,yes,v1.210
hashpipe,SHA1MD5CAPMD5,e629,SHA1MD5CAPMD5,v1.17,2026-03-02,no,2026-03-02,yes,v1.210
hashpipe,SHA1SHA256UCTRUNC,e630,SHA1SHA256UCTRUNC,v1.17,2026-03-02,no,2026-03-02,yes,v1.210
hashpipe,SHA1MD5MD5UCx,e631,SHA1MD5MD5UCx,v1.17,2026-03-02,no,2026-03-02,yes,v1.210
hashpipe,SHA1SHA256CAP,e632,SHA1SHA256CAP,v1.17,2026-03-02,no,2026-03-02,yes,v1.210
hashpipe,SHA1MD5SHA1-SALT,e633,SHA1MD5SHA1-SALT,v1.17,2026-03-02,no,2026-03-02,yes,v1.210
hashpipe,SHA1SHA224,e634,SHA1SHA224,v1.17,2026-03-02,no,2026-03-02,yes,v1.210
hashpipe,SHA1WRLTRUNC,e635,SHA1WRLTRUNC,v1.17,2026-03-02,no,2026-03-02,yes,v1.210
hashpipe,SHA1SHA512TRUNC,e636,SHA1SHA512TRUNC,v1.17,2026-03-02,no,2026-03-02,yes,v1.210
hashpipe,SHA1-SHA512PASSSHA512SALT,e637,SHA1-SHA512PASSSHA512SALT,v1.17,2026-03-02,no,2026-03-02,yes,v1.210
hashpipe,SHA1SHA512TRUNC1SALT,e638,SHA1SHA512TRUNC1SALT,v1.17,2026-03-02,no,2026-03-02,yes,v1.210
hashpipe,SHA1SHA1PASS-TRUNC1SALT,e639,SHA1SHA1PASS-TRUNC1SALT,v1.17,2026-03-02,no,2026-03-02,yes,v1.210
hashpipe,SHA1HAV128,e640,SHA1HAV128,v1.17,2026-03-02,no,2026-03-02,yes,v1.210
hashpipe,SHA1MD5RAW,e641,SHA1MD5RAW,v1.17,2026-03-02,no,2026-03-02,yes,v1.210
hashpipe,SHA1MD2,e642,SHA1MD2,v1.17,2026-03-02,no,2026-03-02,yes,v1.210
hashpipe,SHA1MD5BASE64,e643,SHA1MD5BASE64,v1.17,2026-03-02,no,2026-03-02,yes,v1.210
hashpipe,SHA1MD6TRUNC,e644,SHA1MD6TRUNC,v1.17,2026-03-02,no,2026-03-02,yes,v1.210
hashpipe,SHA1NTLMUC,e645,SHA1NTLMUC,v1.17,2026-03-02,no,2026-03-02,yes,v1.210
hashpipe,SHA1MD5SHA512,e646,SHA1MD5SHA512,v1.17,2026-03-02,no,2026-03-02,yes,v1.210
hashpipe,SHA1MD5WRLSHA1,e647,SHA1MD5WRLSHA1,v1.17,2026-03-02,no,2026-03-02,yes,v1.210
hashpipe,MD5WRLSHA1,e648,MD5WRLSHA1,v1.17,2026-03-02,no,2026-03-02,yes,v1.210
hashpipe,SHA1MD5BASE641SALT,e649,SHA1MD5BASE641SALT,v1.17,2026-03-02,no,2026-03-02,yes,v1.210
hashpipe,SHA1-MD5PASSMD5MD5SALT,e650,SHA1-MD5PASSMD5MD5SALT,v1.17,2026-03-02,no,2026-03-02,yes,v1.210
hashpipe,SHA1SALTMD5UCPASSPEPPER,e651,SHA1SALTMD5UCPASSPEPPER,v1.17,2026-03-02,no,2026-03-02,yes,v1.210
hashpipe,SHA1MD5UCSALT,e652,SHA1MD5UCSALT,v1.17,2026-03-02,no,2026-03-02,yes,v1.210
hashpipe,SHA1WRLUCTRUNC,e653,SHA1WRLUCTRUNC,v1.17,2026-03-02,no,2026-03-02,yes,v1.210
hashpipe,SHA1-MD5CAPPEPPER-MD5SALT,e654,SHA1-MD5CAPPEPPER-MD5SALT,v1.17,2026-03-02,no,2026-03-02,yes,v1.210
hashpipe,SHA1-MD5CAPSALT,e655,SHA1-MD5CAPSALT,v1.17,2026-03-02,no,2026-03-02,yes,v1.210
hashpipe,SHA1SHA1CAPTRUNC,e656,SHA1SHA1CAPTRUNC,v1.17,2026-03-02,no,2026-03-02,yes,v1.210
hashpipe,SHA1MD6CAPTRUNC,e657,SHA1MD6CAPTRUNC,v1.17,2026-03-02,no,2026-03-02,yes,v1.210
hashpipe,SHA1MD5UCMD5UC,e658,SHA1MD5UCMD5UC,v1.17,2026-03-02,no,2026-03-02,yes,v1.210
hashpipe,SHA1MD5CAPSALT,e659,SHA1MD5CAPSALT,v1.17,2026-03-02,no,2026-03-02,yes,v1.210
hashpipe,SHA1SQL5-32,e660,SHA1SQL5-32,v1.17,2026-03-02,no,2026-03-02,yes,v1.210
hashpipe,SHA1SHA1UCTRUNC,e661,SHA1SHA1UCTRUNC,v1.17,2026-03-02,no,2026-03-02,yes,v1.210
hashpipe,SHA1-MD5UCMD5UCPASSMD5UCSALT,e662,SHA1-MD5UCMD5UCPASSMD5UCSALT,v1.17,2026-03-02,no,2026-03-02,yes,v1.210
hashpipe,SHA1MD5MD5PASS,e663,SHA1MD5MD5PASS,v1.17,2026-03-02,no,2026-03-02,yes,v1.210
hashpipe,SHA1MD51CAP,e664,SHA1MD51CAP,v1.17,2026-03-02,no,2026-03-02,yes,v1.210
hashpipe,SHA1SALTMD5UC,e665,SHA1SALTMD5UC,v1.17,2026-03-02,no,2026-03-02,yes,v1.210
hashpipe,SHA1SHA1CAPSALT,e666,SHA1SHA1CAPSALT,v1.17,2026-03-02,no,2026-03-02,yes,v1.210
hashpipe,SHA1MD5UCMD5UCMD5UC,e667,SHA1MD5UCMD5UCMD5UC,v1.17,2026-03-02,no,2026-03-02,yes,v1.210
hashpipe,SHA1MD5UCMD5UCMD5UCMD5UC,e668,SHA1MD5UCMD5UCMD5UCMD5UC,v1.17,2026-03-02,no,2026-03-02,yes,v1.210
hashpipe,SHA1MD51CAPSALT,e669,SHA1MD51CAPSALT,v1.17,2026-03-02,no,2026-03-02,yes,v1.210
hashpipe,SHA1-MD5CAPMD5SALT,e670,SHA1-MD5CAPMD5SALT,v1.17,2026-03-02,no,2026-03-02,yes,v1.210
hashpipe,SHA1SHA512UC,e671,SHA1SHA512UC,v1.17,2026-03-02,no,2026-03-02,yes,v1.210
hashpipe,SHA1WRLUCTRUNCSALT,e672,SHA1WRLUCTRUNCSALT,v1.17,2026-03-02,no,2026-03-02,yes,v1.210
hashpipe,SHA1-MD5SHA256SALT,e673,SHA1-MD5SHA256SALT,v1.17,2026-03-02,no,2026-03-02,yes,v1.210
hashpipe,SHA256MD5SHA256MD5,e674,SHA256MD5SHA256MD5,v1.17,2026-03-02,no,2026-03-02,yes,v1.210
hashpipe,SHA1SHA256MD5SHA256MD5,e675,SHA1SHA256MD5SHA256MD5,v1.17,2026-03-02,no,2026-03-02,yes,v1.210
hashpipe,SHA1-MD5sub8-24SALT,e676,SHA1-MD5sub8-24SALT,v1.17,2026-03-02,no,2026-03-02,yes,v1.210
hashpipe,SHA1-PEPPER-MD5SALT,e677,SHA1-PEPPER-MD5SALT,v1.17,2026-03-02,no,2026-03-02,yes,v1.210
hashpipe,SHA1SHA256TRUNCSALT,e678,SHA1SHA256TRUNCSALT,v1.17,2026-03-02,no,2026-03-02,yes,v1.210
hashpipe,SHA1SHA256TRUNCMD5SALT,e679,SHA1SHA256TRUNCMD5SALT,v1.17,2026-03-02,no,2026-03-02,yes,v1.210
hashpipe,SHA1-HMAC-MD5,e680,SHA1-HMAC-MD5,v1.17,2026-03-02,no,2026-03-02,yes,v1.210
hashpipe,SHA1SALTSHA1PASSPEPPER,e681,SHA1SALTSHA1PASSPEPPER,v1.17,2026-03-02,no,2026-03-02,yes,v1.210
hashpipe,SHA1SALTMD5MD5PASS,e682,SHA1SALTMD5MD5PASS,v1.17,2026-03-02,no,2026-03-02,yes,v1.210
hashpipe,SHA1MD5TRUNCSALT,e683,SHA1MD5TRUNCSALT,v1.17,2026-03-02,no,2026-03-02,yes,v1.210
hashpipe,SHA1SHA1TRUNC-SHA1PASS-3,e684,SHA1SHA1TRUNC-SHA1PASS-3,v1.17,2026-03-02,no,2026-03-02,yes,v1.210
hashpipe,SHA1MD5-SALTMD5PASS,e685,SHA1MD5-SALTMD5PASS,v1.17,2026-03-02,no,2026-03-02,yes,v1.210
hashpipe,SHA1MD5-2xMD5-MD5,e686,SHA1MD5-2xMD5-MD5,v1.17,2026-03-02,no,2026-03-02,yes,v1.210
hashpipe,SHA1SHA1MD5MD5PASS1SALT,e687,SHA1SHA1MD5MD5PASS1SALT,v1.17,2026-03-02,no,2026-03-02,yes,v1.210
hashpipe,SHA1MD5sub1-20MD5,e688,SHA1MD5sub1-20MD5,v1.17,2026-03-02,no,2026-03-02,yes,v1.210
hashpipe,SHA1SHA512UCTRUNC,e689,SHA1SHA512UCTRUNC,v1.17,2026-03-02,no,2026-03-02,yes,v1.210
hashpipe,SHA1SALTSHA512UCTRUNC,e690,SHA1SALTSHA512UCTRUNC,v1.17,2026-03-02,no,2026-03-02,yes,v1.210
hashpipe,SHA1SALTSHA256UCTRUNC,e691,SHA1SALTSHA256UCTRUNC,v1.17,2026-03-02,no,2026-03-02,yes,v1.210
hashpipe,SHA1MD5UC-MD5UCSALT,e692,SHA1MD5UC-MD5UCSALT,v1.17,2026-03-02,no,2026-03-02,yes,v1.210
hashpipe,SHA1MD5PASSMD5,e693,SHA1MD5PASSMD5,v1.17,2026-03-02,no,2026-03-02,yes,v1.210
hashpipe,MD5DECBASE64,e694,MD5DECBASE64,v1.17,2026-03-02,no,2026-03-02,yes,v1.210
hashpipe,SHA1DECBASE64,e695,SHA1DECBASE64,v1.17,2026-03-02,no,2026-03-02,yes,v1.210
hashpipe,SHA1MD5UCSHA1BASE64,e696,SHA1MD5UCSHA1BASE64,v1.17,2026-03-02,no,2026-03-02,yes,v1.210
hashpipe,SHA1MD5SHA1MD5MD5SHA1MD5,e697,SHA1MD5SHA1MD5MD5SHA1MD5,v1.17,2026-03-02,no,2026-03-02,yes,v1.210
hashpipe,MD5SHA1MD5MD5SHA1MD5,e698,MD5SHA1MD5MD5SHA1MD5,v1.17,2026-03-02,no,2026-03-02,yes,v1.210
hashpipe,SHA1MD5UCSHA1UCMD5UC,e699,SHA1MD5UCSHA1UCMD5UC,v1.17,2026-03-02,no,2026-03-02,yes,v1.210
hashpipe,MD5MD5SHA1SALT,e700,MD5MD5SHA1SALT,v1.17,2026-03-02,no,2026-03-02,yes,v1.210
hashpipe,MD5MD5SHA256SALT,e701,MD5MD5SHA256SALT,v1.17,2026-03-02,no,2026-03-02,yes,v1.210
hashpipe,MD5SHA1x,e702,MD5SHA1x,v1.17,2026-03-02,no,2026-03-02,yes,v1.210
hashpipe,MD5DECBASE64MD5,e703,MD5DECBASE64MD5,v1.17,2026-03-02,no,2026-03-02,yes,v1.210
hashpipe,SHA1SALTMD5PASSMD5,e704,SHA1SALTMD5PASSMD5,v1.17,2026-03-02,no,2026-03-02,yes,v1.210
hashpipe,SHA1MD5sub8-24MD5,e705,SHA1MD5sub8-24MD5,v1.17,2026-03-02,no,2026-03-02,yes,v1.210
hashpipe,SHA1GOST,e706,SHA1GOST,v1.17,2026-03-02,no,2026-03-02,yes,v1.210
hashpipe,MD4UTF16SHA256x,e707,MD4UTF16SHA256x,v1.17,2026-03-02,no,2026-03-02,yes,v1.210
hashpipe,MD4UTF16SHA256SHA256SHA256SHA256SHA256,e708,MD4UTF16SHA256SHA256SHA256SHA256SHA256,v1.17,2026-03-02,no,2026-03-02,yes,v1.210
hashpipe,SHA1MD5RAWUCMD5RAW,e709,SHA1MD5RAWUCMD5RAW,v1.17,2026-03-02,no,2026-03-02,yes,v1.210
hashpipe,SHA1SHA3-256TRUNC,e710,SHA1SHA3-256TRUNC,v1.17,2026-03-02,no,2026-03-02,yes,v1.210
hashpipe,SHA1SHA3-256,e711,SHA1SHA3-256,v1.17,2026-03-02,no,2026-03-02,yes,v1.210
hashpipe,SHA1MD5SQL5,e712,SHA1MD5SQL5,v1.17,2026-03-02,no,2026-03-02,yes,v1.210
hashpipe,SHA1MD5MD5SQL5,e713,SHA1MD5MD5SQL5,v1.17,2026-03-02,no,2026-03-02,yes,v1.210
hashpipe,SHA1RMD128,e714,SHA1RMD128,v1.17,2026-03-02,no,2026-03-02,yes,v1.210
hashpipe,SHA1-SHA1SALTSHA1PASS,e715,SHA1-SHA1SALTSHA1PASS,v1.17,2026-03-02,no,2026-03-02,yes,v1.210
hashpipe,SHA1MD5MD5UC,e716,SHA1MD5MD5UC,v1.17,2026-03-02,no,2026-03-02,yes,v1.210
hashpipe,SHA1MD5MD5UCMD5UC,e717,SHA1MD5MD5UCMD5UC,v1.17,2026-03-02,no,2026-03-02,yes,v1.210
hashpipe,SHA11SALTMD5UC,e718,SHA11SALTMD5UC,v1.17,2026-03-02,no,2026-03-02,yes,v1.210
hashpipe,SHA1SALTMD5MD5PASSPEPPER,e719,SHA1SALTMD5MD5PASSPEPPER,v1.17,2026-03-02,no,2026-03-02,yes,v1.210
hashpipe,SHA1SHA1UCPASSSALT,e720,SHA1SHA1UCPASSSALT,v1.17,2026-03-02,no,2026-03-02,yes,v1.210
hashpipe,SHA1MD5sub1-20MD5MD5,e721,SHA1MD5sub1-20MD5MD5,v1.17,2026-03-02,no,2026-03-02,yes,v1.210
hashpipe,SHA1MD4UTF16UCMD4UTF16UC,e722,SHA1MD4UTF16UCMD4UTF16UC,v1.17,2026-03-02,no,2026-03-02,yes,v1.210
hashpipe,SHA1SHA512TRUNCMD5,e723,SHA1SHA512TRUNCMD5,v1.17,2026-03-02,no,2026-03-02,yes,v1.210
hashpipe,SHA1MD5UCx,e724,SHA1MD5UCx,v1.17,2026-03-02,no,2026-03-02,yes,v1.210
hashpipe,SHA1SALTSHA256TRUNC,e725,SHA1SALTSHA256TRUNC,v1.17,2026-03-02,no,2026-03-02,yes,v1.210
hashpipe,SHA1SALTSHA256TRUNCMD5,e726,SHA1SALTSHA256TRUNCMD5,v1.17,2026-03-02,no,2026-03-02,yes,v1.210
hashpipe,SHA1UTF16LE,e727,SHA1UTF16LE,v1.17,2026-03-02,no,2026-03-02,yes,v1.210
hashpipe,SHA1UTF16BEZ,e728,SHA1UTF16BEZ,v1.17,2026-03-02,no,2026-03-02,yes,v1.210
hashpipe,SHA1ZUTF16LE,e729,SHA1ZUTF16LE,v1.17,2026-03-02,no,2026-03-02,yes,v1.210
hashpipe,SHA1UCUTF16LE,e730,SHA1UCUTF16LE,v1.17,2026-03-02,no,2026-03-02,yes,v1.210
hashpipe,SHA1MD5UC1LC,e731,SHA1MD5UC1LC,v1.17,2026-03-02,no,2026-03-02,yes,v1.210
hashpipe,SHA1UTF7,e732,SHA1UTF7,v1.17,2026-03-02,no,2026-03-02,yes,v1.210
hashpipe,SHA1MD51CAPMD5,e733,SHA1MD51CAPMD5,v1.17,2026-03-02,no,2026-03-02,yes,v1.210
hashpipe,SHA1BASE64MD5,e734,SHA1BASE64MD5,v1.17,2026-03-02,no,2026-03-02,yes,v1.210
hashpipe,SHA1SALTSHA1UCPASS,e735,SHA1SALTSHA1UCPASS,v1.17,2026-03-02,no,2026-03-02,yes,v1.210
hashpipe,SHA1MD5xSALT,e736,SHA1MD5xSALT,v1.17,2026-03-02,no,2026-03-02,yes,v1.210
hashpipe,SHA1SHA11CAP,e737,SHA1SHA11CAP,v1.17,2026-03-02,no,2026-03-02,yes,v1.210
hashpipe,SHA1SALTMD5SHA1PASS,e738,SHA1SALTMD5SHA1PASS,v1.17,2026-03-02,no,2026-03-02,yes,v1.210
hashpipe,SHA1SHA1TRUNCSALT,e739,SHA1SHA1TRUNCSALT,v1.17,2026-03-02,no,2026-03-02,yes,v1.210
hashpipe,SHA1-MD5SALT-CR,e740,SHA1-MD5SALT-CR,v1.17,2026-03-02,no,2026-03-02,yes,v1.210
hashpipe,SHA1-MD5MD5SALT-CR,e741,SHA1-MD5MD5SALT-CR,v1.17,2026-03-02,no,2026-03-02,yes,v1.210
hashpipe,SHA1SALTMD5SHA1PASSPEPPER,e742,SHA1SALTMD5SHA1PASSPEPPER,v1.17,2026-03-02,no,2026-03-02,yes,v1.210
hashpipe,SHA1MD5CAPMD5SALT,e743,SHA1MD5CAPMD5SALT,v1.17,2026-03-02,no,2026-03-02,yes,v1.210
hashpipe,SHA1SALTSHA1CAP,e744,SHA1SALTSHA1CAP,v1.17,2026-03-02,no,2026-03-02,yes,v1.210
hashpipe,SHA1SHA384TRUNC,e745,SHA1SHA384TRUNC,v1.17,2026-03-02,no,2026-03-02,yes,v1.210
hashpipe,SHA1RMD160TRUNC,e746,SHA1RMD160TRUNC,v1.17,2026-03-02,no,2026-03-02,yes,v1.210
hashpipe,SHA1BASE64MD5UC,e747,SHA1BASE64MD5UC,v1.17,2026-03-02,no,2026-03-02,yes,v1.210
hashpipe,SHA1MD5CAPSHA1SALT,e748,SHA1MD5CAPSHA1SALT,v1.17,2026-03-02,no,2026-03-02,yes,v1.210
hashpipe,SHA1MD5x1CAP,e749,SHA1MD5x1CAP,v1.17,2026-03-02,no,2026-03-02,yes,v1.210
hashpipe,SHA1SHA1SHA1TRUNC,e750,SHA1SHA1SHA1TRUNC,v1.17,2026-03-02,no,2026-03-02,yes,v1.210
hashpipe,SHA1SALTSHA1MD5,e751,SHA1SALTSHA1MD5,v1.17,2026-03-02,no,2026-03-02,yes,v1.210
hashpipe,SHA1UTF16BE,e752,SHA1UTF16BE,v1.17,2026-03-02,no,2026-03-02,yes,v1.210
hashpipe,SHA1SHA0,e753,SHA1SHA0,v1.17,2026-03-02,no,2026-03-02,yes,v1.210
hashpipe,SHA1MD4,e754,SHA1MD4,v1.17,2026-03-02,no,2026-03-02,yes,v1.210
hashpipe,SHA1SHA1TRUNCMD5,e755,SHA1SHA1TRUNCMD5,v1.17,2026-03-02,no,2026-03-02,yes,v1.210
hashpipe,SHA1MD5MD5UCMD5MD5UC,e756,SHA1MD5MD5UCMD5MD5UC,v1.17,2026-03-02,no,2026-03-02,yes,v1.210
hashpipe,SHA1SALTMD5UCMD5UC,e757,SHA1SALTMD5UCMD5UC,v1.17,2026-03-02,no,2026-03-02,yes,v1.210
hashpipe,SHA1MD51CAPMD5MD5,e758,SHA1MD51CAPMD5MD5,v1.17,2026-03-02,no,2026-03-02,yes,v1.210
hashpipe,SHA1MD5SHA1PASSSALT,e759,SHA1MD5SHA1PASSSALT,v1.17,2026-03-02,no,2026-03-02,yes,v1.210
hashpipe,SHA1SQL5MD5,e760,SHA1SQL5MD5,v1.17,2026-03-02,no,2026-03-02,yes,v1.210
hashpipe,SHA1SQL5MD5MD5,e761,SHA1SQL5MD5MD5,v1.17,2026-03-02,no,2026-03-02,yes,v1.210
hashpipe,SHA1revSHA1,e762,SHA1revSHA1,v1.17,2026-03-02,no,2026-03-02,yes,v1.210
hashpipe,SHA11SALTMD5SHA256,e763,SHA11SALTMD5SHA256,v1.17,2026-03-02,no,2026-03-02,yes,v1.210
hashpipe,SHA1SHA256MD5MD5,e764,SHA1SHA256MD5MD5,v1.17,2026-03-02,no,2026-03-02,yes,v1.210
hashpipe,SHA1MD5SALTPASS,e765,SHA1MD5SALTPASS,v1.17,2026-03-02,no,2026-03-02,yes,v1.210
hashpipe,SHA224SHA1,e766,SHA224SHA1,v1.17,2026-03-02,no,2026-03-02,yes,v1.210
hashpipe,MD5DECBASE64MD5BASE64MD5,e767,MD5DECBASE64MD5BASE64MD5,v1.17,2026-03-02,no,2026-03-02,yes,v1.210
hashpipe,SHA1revBASE64,e768,SHA1revBASE64,v1.17,2026-03-02,no,2026-03-02,yes,v1.210
hashpipe,SHA1revBASE64x,e769,SHA1revBASE64x,v1.17,2026-03-02,no,2026-03-02,yes,v1.210
hashpipe,SHA1BASE64CUSTBASE64MD5,e770,SHA1BASE64CUSTBASE64MD5,v1.17,2026-03-02,no,2026-03-02,yes,v1.210
hashpipe,SHA1MD5sub1-16,e771,SHA1MD5sub1-16,v1.17,2026-03-02,no,2026-03-02,yes,v1.210
hashpipe,SHA1MD5sub1-16MD5,e772,SHA1MD5sub1-16MD5,v1.17,2026-03-02,no,2026-03-02,yes,v1.210
hashpipe,SHA1MD5sub1-16MD5MD5,e773,SHA1MD5sub1-16MD5MD5,v1.17,2026-03-02,no,2026-03-02,yes,v1.210
hashpipe,SHA1SHA1sub1-16,e774,SHA1SHA1sub1-16,v1.17,2026-03-02,no,2026-03-02,yes,v1.210
hashpipe,MD4UTF16MD5MD5MD5MD5,e775,MD4UTF16MD5MD5MD5MD5,v1.17,2026-03-02,no,2026-03-02,yes,v1.210
hashpipe,MD4UTF16SHA1UC,e776,MD4UTF16SHA1UC,v1.17,2026-03-02,no,2026-03-02,yes,v1.210
hashpipe,MD4UTF16MD5x,e777,MD4UTF16MD5x,v1.17,2026-03-02,no,2026-03-02,yes,v1.210
hashpipe,MD4UTF16SHA1x,e778,MD4UTF16SHA1x,v1.17,2026-03-02,no,2026-03-02,yes,v1.210
hashpipe,MD4UTF16SHA256MD5,e779,MD4UTF16SHA256MD5,v1.17,2026-03-02,no,2026-03-02,yes,v1.210
hashpipe,MD4UTF16SHA256SHA1,e780,MD4UTF16SHA256SHA1,v1.17,2026-03-02,no,2026-03-02,yes,v1.210
hashpipe,MD4UTF16-2xMD5,e781,MD4UTF16-2xMD5,v1.17,2026-03-02,no,2026-03-02,yes,v1.210
hashpipe,MD4UTF16MD5PASSMD5SHA1PASS,e782,MD4UTF16MD5PASSMD5SHA1PASS,v1.17,2026-03-02,no,2026-03-02,yes,v1.210
hashpipe,MD4UTF16MD5PASSMD5SALT,e783,MD4UTF16MD5PASSMD5SALT,v1.17,2026-03-02,no,2026-03-02,yes,v1.210
hashpipe,MD4UTF16MD5MD5PASSMD5SALT,e784,MD4UTF16MD5MD5PASSMD5SALT,v1.17,2026-03-02,no,2026-03-02,yes,v1.210
hashpipe,MD4UTF16MD5PASSMD5SHA1SALT,e785,MD4UTF16MD5PASSMD5SHA1SALT,v1.17,2026-03-02,no,2026-03-02,yes,v1.210
hashpipe,NTLMH,e786,NTLMH,v1.17,2026-03-02,no,2026-03-02,yes,v1.210
hashpipe,MD4UTF16SQL3,e787,MD4UTF16SQL3,v1.17,2026-03-02,no,2026-03-02,yes,v1.210
hashpipe,MD4UTF16BASE64,e788,MD4UTF16BASE64,v1.17,2026-03-02,no,2026-03-02,yes,v1.210
hashpipe,MD4UTF16revBASE64x,e789,MD4UTF16revBASE64x,v1.17,2026-03-02,no,2026-03-02,yes,v1.210
hashpipe,SHA1BASE64SHA256,e790,SHA1BASE64SHA256,v1.17,2026-03-02,no,2026-03-02,yes,v1.210
hashpipe,MD4UTF16BASE64SHA256,e791,MD4UTF16BASE64SHA256,v1.17,2026-03-02,no,2026-03-02,yes,v1.210
hashpipe,HMAC-MD5-KPASS,e792,HMAC-MD5-KPASS,v1.17,2026-03-02,no,2026-03-02,yes,v1.210
hashpipe,HMAC-SHA1-KPASS,e793,HMAC-SHA1-KPASS,v1.17,2026-03-02,no,2026-03-02,yes,v1.210
hashpipe,HMAC-SHA224-KPASS,e794,HMAC-SHA224-KPASS,v1.17,2026-03-02,no,2026-03-02,yes,v1.210
hashpipe,HMAC-SHA256-KPASS,e795,HMAC-SHA256-KPASS,v1.17,2026-03-02,no,2026-03-02,yes,v1.210
hashpipe,HMAC-SHA384-KPASS,e796,HMAC-SHA384-KPASS,v1.17,2026-03-02,no,2026-03-02,yes,v1.210
hashpipe,HMAC-SHA512-KPASS,e797,HMAC-SHA512-KPASS,v1.17,2026-03-02,no,2026-03-02,yes,v1.210
hashpipe,HMAC-RMD160-KPASS,e798,HMAC-RMD160-KPASS,v1.17,2026-03-02,no,2026-03-02,yes,v1.210
hashpipe,HMAC-RMD320-KPASS,e799,HMAC-RMD320-KPASS,v1.17,2026-03-02,no,2026-03-02,yes,v1.210
hashpipe,MD5UTF16LE,e800,MD5UTF16LE,v1.17,2026-03-02,no,2026-03-02,yes,v1.210
hashpipe,MD5UTF16LEPASSSALT,e801,MD5UTF16LEPASSSALT,v1.17,2026-03-02,no,2026-03-02,yes,v1.210
hashpipe,MD5UTF16LESALTPASS,e802,MD5UTF16LESALTPASS,v1.17,2026-03-02,no,2026-03-02,yes,v1.210
hashpipe,SHA1UTF16LEPASSSALT,e803,SHA1UTF16LEPASSSALT,v1.17,2026-03-02,no,2026-03-02,yes,v1.210
hashpipe,SHA1UTF16LESALTPASS,e804,SHA1UTF16LESALTPASS,v1.17,2026-03-02,no,2026-03-02,yes,v1.210
hashpipe,SHA256UTF16LE,e805,SHA256UTF16LE,v1.17,2026-03-02,no,2026-03-02,yes,v1.210
hashpipe,SHA256UTF16LEPASSSALT,e806,SHA256UTF16LEPASSSALT,v1.17,2026-03-02,no,2026-03-02,yes,v1.210
hashpipe,SHA256UTF16LESALTPASS,e807,SHA256UTF16LESALTPASS,v1.17,2026-03-02,no,2026-03-02,yes,v1.210
hashpipe,SHA512UTF16LE,e808,SHA512UTF16LE,v1.17,2026-03-02,no,2026-03-02,yes,v1.210
hashpipe,SHA512UTF16LEPASSSALT,e809,SHA512UTF16LEPASSSALT,v1.17,2026-03-02,no,2026-03-02,yes,v1.210
hashpipe,SHA512UTF16LESALTPASS,e810,SHA512UTF16LESALTPASS,v1.17,2026-03-02,no,2026-03-02,yes,v1.210
hashpipe,SHA384PASSSALT,e811,SHA384PASSSALT,v1.17,2026-03-02,no,2026-03-02,yes,v1.210
hashpipe,SHA384SALTPASS,e812,SHA384SALTPASS,v1.17,2026-03-02,no,2026-03-02,yes,v1.210
hashpipe,SHA384UTF16LE,e813,SHA384UTF16LE,v1.17,2026-03-02,no,2026-03-02,yes,v1.210
hashpipe,SHA384UTF16LEPASSSALT,e814,SHA384UTF16LEPASSSALT,v1.17,2026-03-02,no,2026-03-02,yes,v1.210
hashpipe,SHA384UTF16LESALTPASS,e815,SHA384UTF16LESALTPASS,v1.17,2026-03-02,no,2026-03-02,yes,v1.210
hashpipe,RMD320,e816,RMD320,v1.17,2026-03-02,no,2026-03-02,yes,v1.210
hashpipe,MD5-SHA1SALTPASS,e817,MD5-SHA1SALTPASS,v1.17,2026-03-02,no,2026-03-02,yes,v1.210
hashpipe,MD5-SALTMD5PASS-SALT,e818,MD5-SALTMD5PASS-SALT,v1.17,2026-03-02,no,2026-03-02,yes,v1.210
hashpipe,MD5-MD5MD5PASSSALT-PEP,e819,MD5-MD5MD5PASSSALT-PEP,v1.17,2026-03-02,no,2026-03-02,yes,v1.210
hashpipe,MD5-MD5SALT-MD5MD5PASS,e820,MD5-MD5SALT-MD5MD5PASS,v1.17,2026-03-02,no,2026-03-02,yes,v1.210
hashpipe,MD5-MD5MD5PASSSALT-PEP2,e821,MD5-MD5MD5PASSSALT-PEP2,v1.17,2026-03-02,no,2026-03-02,yes,v1.210
hashpipe,MD5-SALT-SHA1PEPPASS,e822,MD5-SALT-SHA1PEPPASS,v1.17,2026-03-02,no,2026-03-02,yes,v1.210
hashpipe,SHA1-SALTSHA1PASSSALT,e823,SHA1-SALTSHA1PASSSALT,v1.17,2026-03-02,no,2026-03-02,yes,v1.210
hashpipe,SHA1-SALTSHA1U16,e824,SHA1-SALTSHA1U16,v1.17,2026-03-02,no,2026-03-02,yes,v1.210
hashpipe,SHA256SALTPASSSALT,e825,SHA256SALTPASSSALT,v1.17,2026-03-02,no,2026-03-02,yes,v1.210
hashpipe,SHA256-SALTSHA256RAW,e826,SHA256-SALTSHA256RAW,v1.17,2026-03-02,no,2026-03-02,yes,v1.210
hashpipe,WRLSALTPASSSALT,e827,WRLSALTPASSSALT,v1.17,2026-03-02,no,2026-03-02,yes,v1.210
hashpipe,HMAC-BLAKE2S,e828,HMAC-BLAKE2S,v1.17,2026-03-02,no,2026-03-02,yes,v1.210
hashpipe,MURMUR64A,e829,MURMUR64A,v1.17,2026-03-02,no,2026-03-02,yes,v1.210
hashpipe,MURMUR64AZERO,e830,MURMUR64AZERO,v1.17,2026-03-02,no,2026-03-02,yes,v1.210
hashpipe,SHA224PASSSALT,e831,SHA224PASSSALT,v1.17,2026-03-02,no,2026-03-02,yes,v1.210
hashpipe,SHA224SALTPASS,e832,SHA224SALTPASS,v1.17,2026-03-02,no,2026-03-02,yes,v1.210
hashpipe,SSHA1BASE64,e833,SSHA1BASE64,v1.17,2026-03-02,no,2026-03-02,yes,v1.210
hashpipe,SHA1PASSHEXSALT,e834,SHA1PASSHEXSALT,v1.17,2026-03-02,no,2026-03-02,yes,v1.210
hashpipe,SSHA256BASE64,e835,SSHA256BASE64,v1.17,2026-03-02,no,2026-03-02,yes,v1.210
hashpipe,SSHA512BASE64,e836,SSHA512BASE64,v1.17,2026-03-02,no,2026-03-02,yes,v1.210
hashpipe,HMAC-STREEBOG256-KPASS,e837,HMAC-STREEBOG256-KPASS,v1.17,2026-03-02,no,2026-03-02,yes,v1.210
hashpipe,HMAC-STREEBOG256,e838,HMAC-STREEBOG256,v1.17,2026-03-02,no,2026-03-02,yes,v1.210
hashpipe,HMAC-STREEBOG512-KPASS,e839,HMAC-STREEBOG512-KPASS,v1.17,2026-03-02,no,2026-03-02,yes,v1.210
hashpipe,HMAC-STREEBOG512,e840,HMAC-STREEBOG512,v1.17,2026-03-02,no,2026-03-02,yes,v1.210
hashpipe,BLAKE2B512,e841,BLAKE2B512,v1.17,2026-03-02,no,2026-03-02,yes,v1.210
hashpipe,BLAKE2B512PASSSALT,e842,BLAKE2B512PASSSALT,v1.17,2026-03-02,no,2026-03-02,yes,v1.210
hashpipe,BLAKE2B512SALTPASS,e843,BLAKE2B512SALTPASS,v1.17,2026-03-02,no,2026-03-02,yes,v1.210
hashpipe,BLAKE2S256,e844,BLAKE2S256,v1.17,2026-03-02,no,2026-03-02,yes,v1.210
hashpipe,BLAKE2B256,e845,BLAKE2B256,v1.17,2026-03-02,no,2026-03-02,yes,v1.210
hashpipe,BLAKE2B256PASSSALT,e846,BLAKE2B256PASSSALT,v1.17,2026-03-02,no,2026-03-02,yes,v1.210
hashpipe,BLAKE2B256SALTPASS,e847,BLAKE2B256SALTPASS,v1.17,2026-03-02,no,2026-03-02,yes,v1.210
hashpipe,DESENCRYPT,e848,DESENCRYPT,v1.17,2026-03-02,no,2026-03-02,yes,v1.210
hashpipe,DES3ENCRYPT,e849,DES3ENCRYPT,v1.17,2026-03-02,no,2026-03-02,yes,v1.210
hashpipe,MSSQL2000,e850,MSSQL2000,v1.17,2026-03-02,no,2026-03-02,yes,v1.210
hashpipe,MSSQL2005,e851,MSSQL2005,v1.17,2026-03-02,no,2026-03-02,yes,v1.210
hashpipe,MSSQL2012,e852,MSSQL2012,v1.17,2026-03-02,no,2026-03-02,yes,v1.210
hashpipe,MACOSX,e853,MACOSX,v1.17,2026-03-02,no,2026-03-02,yes,v1.210
hashpipe,MACOSX7,e854,MACOSX7,v1.17,2026-03-02,no,2026-03-02,yes,v1.210
hashpipe,POSTGRESQL,e855,POSTGRESQL,v1.17,2026-03-02,no,2026-03-02,yes,v1.210
hashpipe,JUNIPERSSG,e856,JUNIPERSSG,v1.17,2026-03-02,no,2026-03-02,yes,v1.210
hashpipe,SKYPE,e857,SKYPE,v1.17,2026-03-02,no,2026-03-02,yes,v1.210
hashpipe,PEOPLESOFT,e858,PEOPLESOFT,v1.17,2026-03-02,no,2026-03-02,yes,v1.210
hashpipe,EPISERVER,e859,EPISERVER,v1.17,2026-03-02,no,2026-03-02,yes,v1.210
hashpipe,HMAILSERVER,e860,HMAILSERVER,v1.17,2026-03-02,no,2026-03-02,yes,v1.210
hashpipe,CISCOPIX,e861,CISCOPIX,v1.17,2026-03-02,no,2026-03-02,yes,v1.210
hashpipe,CISCOASA,e862,CISCOASA,v1.17,2026-03-02,no,2026-03-02,yes,v1.210
hashpipe,MEDIAWIKI,e863,MEDIAWIKI,v1.17,2026-03-02,no,2026-03-02,yes,v1.210
hashpipe,DAHUA,e864,DAHUA,v1.17,2026-03-02,no,2026-03-02,yes,v1.210
hashpipe,CISCO4,e865,CISCO4,v1.17,2026-03-02,no,2026-03-02,yes,v1.210
hashpipe,CISCOISE,e866,CISCOISE,v1.17,2026-03-02,no,2026-03-02,yes,v1.210
hashpipe,SAMSUNGSHA1,e867,SAMSUNGSHA1,v1.17,2026-03-02,no,2026-03-02,yes,v1.210
hashpipe,AIX-MD5,e868,AIX-MD5,v1.17,2026-03-02,no,2026-03-02,yes,v1.210
hashpipe,AIX-SHA1,e869,AIX-SHA1,v1.17,2026-03-02,no,2026-03-02,yes,v1.210
hashpipe,AIX-SHA256,e870,AIX-SHA256,v1.17,2026-03-02,no,2026-03-02,yes,v1.210
hashpipe,AIX-SHA512,e871,AIX-SHA512,v1.17,2026-03-02,no,2026-03-02,yes,v1.210
hashpipe,IPMI2-SHA1,e872,IPMI2-SHA1,v1.17,2026-03-02,no,2026-03-02,yes,v1.210
hashpipe,IPMI2-MD5,e873,IPMI2-MD5,v1.17,2026-03-02,no,2026-03-02,yes,v1.210
hashpipe,KRB5PA23,e874,KRB5PA23,v1.17,2026-03-02,no,2026-03-02,yes,v1.210
hashpipe,MYSQL-SHA256CRYPT,e875,MYSQL-SHA256CRYPT,v1.17,2026-03-02,no,2026-03-02,yes,v1.210
hashpipe,DRUPAL7,e876,DRUPAL7,v1.17,2026-03-02,no,2026-03-02,yes,v1.210
hashpipe,SYBASE-ASE,e877,SYBASE-ASE,v1.17,2026-03-02,no,2026-03-02,yes,v1.210
hashpipe,NETSCALER,e878,NETSCALER,v1.17,2026-03-02,no,2026-03-02,yes,v1.210
hashpipe,NSEC3,e879,NSEC3,v1.17,2026-03-02,no,2026-03-02,yes,v1.210
hashpipe,WBB3,e880,WBB3,v1.17,2026-03-02,no,2026-03-02,yes,v1.210
hashpipe,RACF,e881,RACF,v1.17,2026-03-02,no,2026-03-02,yes,v1.210
hashpipe,DOMINO5,e882,DOMINO5,v1.17,2026-03-02,no,2026-03-02,yes,v1.210
hashpipe,DOMINO6,e883,DOMINO6,v1.17,2026-03-02,no,2026-03-02,yes,v1.210
hashpipe,SCRYPT,e884,SCRYPT,v1.17,2026-03-02,no,2026-03-02,yes,v1.210
hashpipe,JUNIPERIVE,e885,JUNIPERIVE,v1.17,2026-03-02,no,2026-03-02,yes,v1.210
hashpipe,PHPS,e886,PHPS,v1.17,2026-03-02,no,2026-03-02,yes,v1.210
hashpipe,ARUBAOS,e887,ARUBAOS,v1.45,2026-03-06,yes,2026-03-06,yes,v1.210
hashpipe,ISCSI-CHAP,e888,ISCSI-CHAP,v1.45,2026-03-06,yes,2026-03-06,yes,v1.210
hashpipe,WERKZEUG-MD5,e889,WERKZEUG-MD5,v1.48,2026-03-07,yes,2026-03-07,yes,v1.210
hashpipe,WERKZEUG-SHA256,e890,WERKZEUG-SHA256,v1.48,2026-03-07,yes,2026-03-07,yes,v1.210
hashpipe,AUTHME,e891,AUTHME,v1.48,2026-03-07,yes,2026-03-07,yes,v1.210
hashpipe,NETWITNESS,e892,NETWITNESS,v1.48,2026-03-07,yes,2026-03-07,yes,v1.210
hashpipe,NETSCALER-SHA512,e893,NETSCALER-SHA512,v1.48,2026-03-07,yes,2026-03-07,yes,v1.210
hashpipe,SHA1SHA1SALTPASSSALT,e894,SHA1SHA1SALTPASSSALT,v1.48,2026-03-07,yes,2026-03-07,yes,v1.210
hashpipe,NETSCALER-PBKDF2,e895,NETSCALER-PBKDF2,v1.48,2026-03-07,yes,2026-03-07,yes,v1.210
hashpipe,ORACLE7,e896,ORACLE7,v1.64,2026-03-08,yes,2026-03-08,yes,v1.210
hashpipe,NETNTLMV1,e897,NETNTLMV1,v1.64,2026-03-08,yes,2026-03-08,yes,v1.210
hashpipe,NETNTLMV2,e898,NETNTLMV2,v1.64,2026-03-08,yes,2026-03-08,yes,v1.210
hashpipe,LASTPASS,e899,LASTPASS,v1.64,2026-03-08,yes,2026-03-08,yes,v1.210
hashpipe,FORTIGATE,e900,FORTIGATE,v1.64,2026-03-08,yes,2026-03-08,yes,v1.210
hashpipe,DOMINO8,e901,DOMINO8,v1.64,2026-03-08,yes,2026-03-08,yes,v1.210
hashpipe,SIPHASH,e902,SIPHASH,v1.64,2026-03-08,yes,2026-03-08,yes,v1.210
hashpipe,CRAMMD5,e903,CRAMMD5,v1.64,2026-03-08,yes,2026-03-08,yes,v1.210
hashpipe,SAPCODVNH,e904,SAPCODVNH,v1.64,2026-03-08,yes,2026-03-08,yes,v1.210
hashpipe,REDHAT389DS,e905,REDHAT389DS,v1.64,2026-03-08,yes,2026-03-08,yes,v1.210
hashpipe,POSTGRESCRAM,e906,POSTGRESCRAM,v1.64,2026-03-08,yes,2026-03-08,yes,v1.210
hashpipe,MYSQLCRAM,e907,MYSQLCRAM,v1.64,2026-03-08,yes,2026-03-08,yes,v1.210
hashpipe,SHIRO1,e908,SHIRO1,v1.64,2026-03-08,yes,2026-03-08,yes,v1.210
hashpipe,ECRYPTFS,e909,ECRYPTFS,v1.64,2026-03-08,yes,2026-03-08,yes,v1.210
hashpipe,ORACLE12,e910,ORACLE12,v1.64,2026-03-08,yes,2026-03-08,yes,v1.210
hashpipe,COLDFUSION10,e911,COLDFUSION10,v1.64,2026-03-08,yes,2026-03-08,yes,v1.210
hashpipe,AZURESYNC,e912,AZURESYNC,v1.64,2026-03-08,yes,2026-03-08,yes,v1.210
hashpipe,ANDROIDFDE,e913,ANDROIDFDE,v1.64,2026-03-08,yes,2026-03-08,yes,v1.210
hashpipe,KRB5TGS23,e914,KRB5TGS23,v1.64,2026-03-08,yes,2026-03-08,yes,v1.210
hashpipe,AXCRYPT,e915,AXCRYPT,v1.64,2026-03-08,yes,2026-03-08,yes,v1.210
hashpipe,AXCRYPTSHA1,e916,AXCRYPTSHA1,v1.64,2026-03-08,yes,2026-03-08,yes,v1.210
hashpipe,CISCO9,e917,CISCO9,v1.64,2026-03-08,yes,2026-03-08,yes,v1.210
hashpipe,DCC2,e918,DCC2,v1.64,2026-03-08,yes,2026-03-08,yes,v1.210
hashpipe,PWSAFE3,e919,PWSAFE3,v1.64,2026-03-08,yes,2026-03-08,yes,v1.210
hashpipe,IKEPSK-MD5,e920,IKEPSK-MD5,v1.76,2026-03-15,yes,2026-03-15,yes,v1.210
hashpipe,IKEPSK-SHA1,e921,IKEPSK-SHA1,v1.76,2026-03-15,yes,2026-03-15,yes,v1.210
hashpipe,SAP-BCODE,e922,SAP-BCODE,v1.64,2026-03-08,yes,2026-03-08,yes,v1.210
hashpipe,SAP-BCODE4,e923,SAP-BCODE4,v1.64,2026-03-08,yes,2026-03-08,yes,v1.210
hashpipe,SAP-PASSCODE,e924,SAP-PASSCODE,v1.64,2026-03-08,yes,2026-03-08,yes,v1.210
hashpipe,SAP-PASSCODE5,e925,SAP-PASSCODE5,v1.64,2026-03-08,yes,2026-03-08,yes,v1.210
hashpipe,AS400-DES,e926,AS400-DES,v1.64,2026-03-08,yes,2026-03-08,yes,v1.210
hashpipe,PS-TOKEN,e927,PS-TOKEN,v1.76,2026-03-15,yes,2026-03-15,yes,v1.210
hashpipe,WINPHONE,e928,WINPHONE,v1.64,2026-03-08,yes,2026-03-08,yes,v1.210
hashpipe,RACF-KDFAES,e929,RACF-KDFAES,v1.64,2026-03-08,yes,2026-03-08,yes,v1.210
hashpipe,TACACS,e930,TACACS,v1.68,2026-03-09,yes,2026-03-09,yes,v1.210
hashpipe,APPLE-SECURE-NOTES,e931,APPLE-SECURE-NOTES,v1.68,2026-03-09,yes,2026-03-09,yes,v1.210
hashpipe,CRAMMD5-DOVECOT,e932,CRAMMD5-DOVECOT,v1.68,2026-03-09,yes,2026-03-09,yes,v1.210
hashpipe,JWT,e933,JWT,v1.68,2026-03-09,yes,2026-03-09,yes,v1.210
hashpipe,QNX-MD5,e934,QNX-MD5,v1.68,2026-03-09,yes,2026-03-09,yes,v1.210
hashpipe,QNX-SHA256,e935,QNX-SHA256,v1.68,2026-03-09,yes,2026-03-09,yes,v1.210
hashpipe,QNX-SHA512,e936,QNX-SHA512,v1.68,2026-03-09,yes,2026-03-09,yes,v1.210
hashpipe,QNX7-SHA512,e937,QNX7-SHA512,v1.68,2026-03-09,yes,2026-03-09,yes,v1.210
hashpipe,SHA1-S1PS2,e938,SHA1-S1PS2,v1.68,2026-03-09,yes,2026-03-09,yes,v1.210
hashpipe,RAILS-RESTFUL,e939,RAILS-RESTFUL,v1.68,2026-03-09,yes,2026-03-09,yes,v1.210
hashpipe,KRB5PA-17,e940,KRB5PA-17,v1.68,2026-03-09,yes,2026-03-09,yes,v1.210
hashpipe,KRB5PA-18,e941,KRB5PA-18,v1.68,2026-03-09,yes,2026-03-09,yes,v1.210
hashpipe,WPA-PMKID,e942,WPA-PMKID,v1.68,2026-03-09,yes,2026-03-09,yes,v1.210
hashpipe,WPA-EAPOL,e943,WPA-EAPOL,v1.68,2026-03-09,yes,2026-03-09,yes,v1.210
hashpipe,ANSIBLE-VAULT,e944,ANSIBLE-VAULT,v1.68,2026-03-09,yes,2026-03-09,yes,v1.210
hashpipe,APFS,e945,APFS,v1.68,2026-03-09,yes,2026-03-09,yes,v1.210
hashpipe,OTM-SHA256,e946,OTM-SHA256,v1.68,2026-03-09,yes,2026-03-09,yes,v1.210
hashpipe,TELEGRAM-SHA256,e947,TELEGRAM-SHA256,v1.68,2026-03-09,yes,2026-03-09,yes,v1.210
hashpipe,WEB2PY-SHA512,e948,WEB2PY-SHA512,v1.68,2026-03-09,yes,2026-03-09,yes,v1.210
hashpipe,SOLARWINDS,e949,SOLARWINDS,v1.68,2026-03-09,yes,2026-03-09,yes,v1.210
hashpipe,SOLARWINDS2,e950,SOLARWINDS2,v1.68,2026-03-09,yes,2026-03-09,yes,v1.210
hashpipe,SIMPLACMS,e951,SIMPLACMS,v1.68,2026-03-09,yes,2026-03-09,yes,v1.210
hashpipe,APPLE-KEYCHAIN,e952,APPLE-KEYCHAIN,v1.68,2026-03-09,yes,2026-03-09,yes,v1.210
hashpipe,APPLE-IWORK,e953,APPLE-IWORK,v1.68,2026-03-09,yes,2026-03-09,yes,v1.210
hashpipe,BITWARDEN,e954,BITWARDEN,v1.68,2026-03-09,yes,2026-03-09,yes,v1.210
hashpipe,MONGODB-SHA1,e955,MONGODB-SHA1,v1.68,2026-03-09,yes,2026-03-09,yes,v1.210
hashpipe,MONGODB-SHA256,e956,MONGODB-SHA256,v1.68,2026-03-09,yes,2026-03-09,yes,v1.210
hashpipe,FORTIGATE256,e957,FORTIGATE256,v1.68,2026-03-09,yes,2026-03-09,yes,v1.210
hashpipe,UMBRACO,e958,UMBRACO,v1.68,2026-03-09,yes,2026-03-09,yes,v1.210
hashpipe,DAHUA-AUTH,e959,DAHUA-AUTH,v1.68,2026-03-09,yes,2026-03-09,yes,v1.210
hashpipe,BESDER-AUTH,e960,BESDER-AUTH,v1.68,2026-03-09,yes,2026-03-09,yes,v1.210
hashpipe,SQLCIPHER,e961,SQLCIPHER,v1.68,2026-03-09,yes,2026-03-09,yes,v1.210
hashpipe,RORAILS-SHA1,e962,RORAILS-SHA1,v1.68,2026-03-09,yes,2026-03-09,yes,v1.210
hashpipe,AES128-NOKDF,e963,AES128-NOKDF,v1.68,2026-03-09,yes,2026-03-09,yes,v1.210
hashpipe,AES192-NOKDF,e964,AES192-NOKDF,v1.68,2026-03-09,yes,2026-03-09,yes,v1.210
hashpipe,AES256-NOKDF,e965,AES256-NOKDF,v1.68,2026-03-09,yes,2026-03-09,yes,v1.210
hashpipe,VMWARE-VMX,e966,VMWARE-VMX,v1.68,2026-03-09,yes,2026-03-09,yes,v1.210
hashpipe,BCRYPTSHA512,e967,BCRYPTSHA512,v1.68,2026-03-09,yes,2026-03-09,yes,v1.210
hashpipe,POSTGRESSCRAM256,e968,POSTGRESSCRAM256,v1.68,2026-03-09,yes,2026-03-09,yes,v1.210
hashpipe,AWSSIGV4,e969,AWSSIGV4,v1.68,2026-03-09,yes,2026-03-09,yes,v1.210
hashpipe,KRB5DB17,e970,KRB5DB17,v1.68,2026-03-09,yes,2026-03-09,yes,v1.210
hashpipe,KRB5DB18,e971,KRB5DB18,v1.68,2026-03-09,yes,2026-03-09,yes,v1.210
hashpipe,MURMUR3,e972,MURMUR3,v1.73,2026-03-10,yes,2026-03-10,yes,v1.210
hashpipe,VEEAM-VBK,e973,VEEAM-VBK,v1.73,2026-03-10,yes,2026-03-10,yes,v1.210
hashpipe,MSSNTP,e974,MSSNTP,v1.73,2026-03-10,yes,2026-03-10,yes,v1.210
hashpipe,SSPR-MD5,e975,SSPR-MD5,v1.73,2026-03-10,yes,2026-03-10,yes,v1.210
hashpipe,SSPR-SHA1,e976,SSPR-SHA1,v1.73,2026-03-10,yes,2026-03-10,yes,v1.210
hashpipe,SSPR-SHA1S,e977,SSPR-SHA1S,v1.73,2026-03-10,yes,2026-03-10,yes,v1.210
hashpipe,SSPR-SHA256,e978,SSPR-SHA256,v1.73,2026-03-10,yes,2026-03-10,yes,v1.210
hashpipe,SSPR-SHA512,e979,SSPR-SHA512,v1.73,2026-03-10,yes,2026-03-10,yes,v1.210
hashpipe,EMPIRECMS,e980,EMPIRECMS,v1.73,2026-03-10,yes,2026-03-10,yes,v1.210
hashpipe,PBKDF1-SHA1,e981,PBKDF1-SHA1,v1.73,2026-03-10,yes,2026-03-10,yes,v1.210
hashpipe,MSONLINE,e982,MSONLINE,v1.73,2026-03-10,yes,2026-03-10,yes,v1.210
hashpipe,WBB4,e983,WBB4,v1.73,2026-03-10,yes,2026-03-10,yes,v1.210
hashpipe,SAPCODVNH512,e984,SAPCODVNH512,v1.73,2026-03-10,yes,2026-03-10,yes,v1.210
hashpipe,SM3CRYPT,e985,SM3CRYPT,v1.73,2026-03-10,yes,2026-03-10,yes,v1.210
hashpipe,AS400SSHA1,e986,AS400SSHA1,v1.73,2026-03-10,yes,2026-03-10,yes,v1.210
hashpipe,ARGON2,e987,ARGON2,v1.73,2026-03-10,yes,2026-03-10,yes,v1.210
hashpipe,SM3,e988,SM3,v1.73,2026-03-10,yes,2026-03-10,yes,v1.210
hashpipe,BCRYPTHMACSHA256,e989,BCRYPTHMACSHA256,v1.73,2026-03-10,yes,2026-03-10,yes,v1.210
hashpipe,WPA-PMK,e990,WPA-PMK,v1.76,2026-03-15,yes,2026-03-15,yes,v1.210
hashpipe,MD5SALT1SALT2,e991,MD5SALT1SALT2,v1.73,2026-03-10,yes,2026-03-10,yes,v1.210
hashpipe,SYMFONY256,e992,SYMFONY256,v1.73,2026-03-10,yes,2026-03-10,yes,v1.210
hashpipe,WPBCRYPT,e993,WPBCRYPT,v1.73,2026-03-10,yes,2026-03-10,yes,v1.210
hashpipe,GOST12512CRYPT,e994,GOST12512CRYPT,v1.73,2026-03-10,yes,2026-03-10,yes,v1.210
hashpipe,YESCRYPT,e995,YESCRYPT,v1.85,2026-04-14,yes,2026-04-14,yes,v1.210
hashpipe,MD5SHA256SHA256,e996,MD5SHA256SHA256,v1.85,2026-04-14,yes,2026-04-14,yes,v1.210
hashpipe,BSDICRYPT,e997,BSDICRYPT,v1.98,2026-06-04,yes,2026-06-04,yes,v1.210
hashpipe,GOST-YESCRYPT,e998,GOST-YESCRYPT,v1.100,2026-08-09,yes,2026-08-09,yes,v1.210
hashpipe,SHA1CRYPT,e999,SHA1CRYPT,v1.100,2026-08-09,yes,2026-08-09,yes,v1.210
hashpipe,7ZIP,e1000,7ZIP,v1.100,2026-08-09,yes,2026-08-09,yes,v1.210
hashpipe,CMIYC,e1001,CMIYC,v1.100,2026-08-09,yes,2026-08-09,yes,v1.210
hashpipe,RMD256,e1002,RMD256,v1.116,2026-08-29,yes,2026-08-29,yes,v1.210
hashpipe,MD4SALTPASS,e1003,MD4SALTPASS,v1.189,2026-09-02,yes,2026-09-02,yes,v1.210
hashpipe,MD4PASSSALT,e1004,MD4PASSSALT,v1.189,2026-09-02,yes,2026-09-02,yes,v1.210
hashpipe,SHA1UCUSERPASS,e1005,SHA1UCUSERPASS,v1.189,2026-09-02,yes,2026-09-02,yes,v1.210
hashpipe,SHA1USERCOLONPASS,e1006,SHA1USERCOLONPASS,v1.189,2026-09-02,yes,2026-09-02,yes,v1.210
hashpipe,MD5PASSSALTMD5PASSSALT,e1007,MD5PASSSALTMD5PASSSALT,v1.189,2026-09-02,yes,2026-09-02,yes,v1.210
hashpipe,QAS-VASAUTH,e1008,QAS-VASAUTH,v1.189,2026-09-02,yes,2026-09-02,yes,v1.210
hashpipe,POSTOFFICE,e1009,POSTOFFICE,v1.189,2026-09-02,yes,2026-09-02,yes,v1.210
hashpipe,IPB2,e1010,IPB2,v1.189,2026-09-02,yes,2026-09-02,yes,v1.210
hashpipe,MD5USERMD5PASSSALT,e1011,MD5USERMD5PASSSALT,v1.189,2026-09-02,yes,2026-09-02,yes,v1.210
hashpipe,RVARY,e1012,RVARY,v1.189,2026-09-02,yes,2026-09-02,yes,v1.210
hashpipe,SHA512RAWPASSSALT,e1013,SHA512RAWPASSSALT,v1.189,2026-09-02,yes,2026-09-02,yes,v1.210
hashpipe,EPISERVER-SID,e1014,EPISERVER-SID,v1.189,2026-09-02,yes,2026-09-02,yes,v1.210
hashpipe,ORACLE11,e1015,ORACLE11,v1.189,2026-09-02,yes,2026-09-02,yes,v1.210
hashpipe,SAPCODVNH256,e1016,SAPCODVNH256,v1.189,2026-09-02,yes,2026-09-02,yes,v1.210
hashpipe,SAPCODVNH384,e1017,SAPCODVNH384,v1.189,2026-09-02,yes,2026-09-02,yes,v1.210
hashpipe,MONGODB,e1018,MONGODB,v1.189,2026-09-02,yes,2026-09-02,yes,v1.210
hashpipe,H3C,e1019,H3C,v1.189,2026-09-02,yes,2026-09-02,yes,v1.210
hashpipe,ARGON2MD5,e1020,ARGON2MD5,v1.189,2026-09-02,yes,2026-09-02,yes,v1.210
hashpipe,DRAGONFLY3-32,e1021,DRAGONFLY3-32,v1.189,2026-09-02,yes,2026-09-02,yes,v1.210
hashpipe,DRAGONFLY3-64,e1022,DRAGONFLY3-64,v1.189,2026-09-02,yes,2026-09-02,yes,v1.210
hashpipe,DRAGONFLY4-32,e1023,DRAGONFLY4-32,v1.189,2026-09-02,yes,2026-09-02,yes,v1.210
hashpipe,DRAGONFLY4-64,e1024,DRAGONFLY4-64,v1.189,2026-09-02,yes,2026-09-02,yes,v1.210
hashpipe,GOST12256CRYPT,e1025,GOST12256CRYPT,v1.189,2026-09-02,yes,2026-09-02,yes,v1.210
hashpipe,GOST94CRYPT,e1026,GOST94CRYPT,v1.189,2026-09-02,yes,2026-09-02,yes,v1.210
hashpipe,SUNMD5,e1027,SUNMD5,v1.189,2026-09-02,yes,2026-09-02,yes,v1.210
hashpipe,CRYPTOPPLEGACY,e1028,CRYPTOPPLEGACY,v1.200,2026-09-19,yes,2026-09-19,yes,v1.210
hashpipe,CRYPTOPPDEFAULT,e1029,CRYPTOPPDEFAULT,v1.200,2026-09-19,yes,2026-09-19,yes,v1.210
john,7z,,SHA256 512/512 AVX-512 16x AES,1.8.0-jumbo-1,2014-12-18,yes,2013-06-16,yes,1.9.0-Jumbo-1
john,7z-opencl,,SHA256 AES OpenCL,1.8.0-jumbo-1,2014-12-18,yes,2013-06-17,yes,1.9.0-Jumbo-1
john,AFS,,DES 48/64 4K,1.9.0-Jumbo-1,2019-05-14,no,,yes,1.9.0-Jumbo-1
john,AndroidBackup,,PBKDF2-SHA1 512/512 AVX-512 16x AES,1.9.0-Jumbo-1,2019-05-14,yes,2018-05-25,yes,1.9.0-Jumbo-1
john,AndroidBackup-opencl,,PBKDF2-SHA1 AES OpenCL,1.9.0-Jumbo-1,2019-05-14,yes,2018-05-26,yes,1.9.0-Jumbo-1
john,Argon2,,BlaMka 512/512 AVX512F,,,,2024-11-09,no,1.9.0-Jumbo-1
john,AxCrypt,,PBKDF2-SHA512/SHA1 AES 32/64,1.9.0-Jumbo-1,2019-05-14,yes,2016-01-07,yes,1.9.0-Jumbo-1
john,AzureAD,,PBKDF2-SHA256 512/512 AVX-512 16x,1.9.0-Jumbo-1,2019-05-14,yes,2015-11-02,yes,1.9.0-Jumbo-1
john,BKS,,PKCS#12 PBE (SHA1) 512/512 AVX-512 16x,1.9.0-Jumbo-1,2019-05-14,yes,2016-06-19,yes,1.9.0-Jumbo-1
john,BestCrypt,,PKCS#12 PBE (SHA1/SHA2) 32/64,1.9.0-Jumbo-1,2019-05-14,yes,2017-03-14,yes,1.9.0-Jumbo-1
john,BestCryptVE4,,"scrypt Salsa20/8 128/128 AVX512VL, AES/TwoFish/Serpent/Camellia",,,,2021-03-30,no,1.9.0-Jumbo-1
john,BitLocker,,SHA-256 AES 32/64,1.9.0-Jumbo-1,2019-05-14,yes,2017-03-14,yes,1.9.0-Jumbo-1
john,BitLocker-opencl,,SHA256 AES OpenCL,1.9.0-Jumbo-1,2019-05-14,yes,2017-05-18,yes,1.9.0-Jumbo-1
john,Bitcoin,,SHA512 AES 512/512 AVX-512 8x,1.8.0-jumbo-1,2014-12-18,no,,yes,1.9.0-Jumbo-1
john,Bitcoin-opencl,,SHA512 AES OpenCL,,,,2021-04-21,no,1.9.0-Jumbo-1
john,Bitwarden,,PBKDF2-SHA256 AES 512/512 AVX-512 16x,1.9.0-Jumbo-1,2019-05-14,yes,2018-01-07,yes,1.9.0-Jumbo-1
john,Blackberry-ES10,,SHA-512 512/512 AVX-512 8x,1.9.0-Jumbo-1,2019-05-14,no,,yes,1.9.0-Jumbo-1
john,Blockchain,,PBKDF2-SHA1 AES 512/512 AVX-512 16x,1.8.0-jumbo-1,2014-12-18,no,,yes,1.9.0-Jumbo-1
john,CRC32,,CRC32 32/64 CRC-32C AVX,1.8.0-jumbo-1,2014-12-18,no,,yes,1.9.0-Jumbo-1
john,Citrix_NS10,,SHA1 512/512 AVX-512 16x,1.8.0-jumbo-1,2014-12-18,yes,2013-11-07,yes,1.9.0-Jumbo-1
john,Clipperz,,SHA256 32/64 GMP-exp,1.8.0-jumbo-1,2014-12-18,no,,yes,1.9.0-Jumbo-1
john,DPAPImk,,SHA1/MD4 PBKDF2-(SHA1/SHA512)-DPAPI-variant 3DES/AES256 512/512 AVX-512 16x,1.9.0-Jumbo-1,2019-05-14,yes,2017-04-24,yes,1.9.0-Jumbo-1
john,Django,,PBKDF2-SHA256 512/512 AVX-512 16x,1.7.9-jumbo-6,2012-06-29,yes,2012-05-21,yes,1.9.0-Jumbo-1
john,Drupal7,,SHA512 512/512 AVX-512 8x,1.8.0-jumbo-1,2014-12-18,no,,yes,1.9.0-Jumbo-1
john,Drupal7-ztex,,SHA512 ZTEX,1.9.0-Jumbo-1,2019-05-14,yes,2018-07-22,yes,1.9.0-Jumbo-1
john,ENCDataVault-MD5,,"MD5, AES",,,,2022-02-20,no,1.9.0-Jumbo-1
john,ENCDataVault-PBKDF2,,PBKDF2-HMAC-SHA256 512/512 AVX-512 16x,,,,2022-02-20,no,1.9.0-Jumbo-1
john,EPI,,SHA1 32/64,1.8.0-jumbo-1,2014-12-18,no,,yes,1.9.0-Jumbo-1
john,EPiServer,,SHA1/SHA256 512/512 AVX-512 16x,1.7.9-jumbo-6,2012-06-29,yes,2012-04-05,yes,1.9.0-Jumbo-1
john,EncFS,,PBKDF2-SHA1 512/512 AVX-512 16x AES,1.8.0-jumbo-1,2014-12-18,no,,yes,1.9.0-Jumbo-1
john,EncFS-opencl,,PBKDF2-SHA1 AES OpenCL,1.9.0-Jumbo-1,2019-05-14,yes,2018-05-03,yes,1.9.0-Jumbo-1
john,FVDE,,PBKDF2-SHA256 AES 512/512 AVX-512 16x,1.9.0-Jumbo-1,2019-05-14,yes,2017-02-21,yes,1.9.0-Jumbo-1
john,FVDE-opencl,,PBKDF2-SHA256 AES OpenCL,1.9.0-Jumbo-1,2019-05-14,yes,2017-03-01,yes,1.9.0-Jumbo-1
john,FormSpring,,sha256($s.$p) 512/512 AVX-512 16x,1.8.0-jumbo-1,2014-12-18,no,,yes,1.9.0-Jumbo-1
john,Fortigate,,SHA1 32/64,1.8.0-jumbo-1,2014-12-18,no,,yes,1.9.0-Jumbo-1
john,Fortigate256,,SHA256 32/64,1.9.0-Jumbo-1,2019-05-14,yes,2018-07-08,yes,1.9.0-Jumbo-1
john,HAVAL-128-4,,32/64,1.8.0-jumbo-1,2014-12-18,yes,2014-06-24,yes,1.9.0-Jumbo-1
john,HAVAL-256-3,,32/64,1.8.0-jumbo-1,2014-12-18,yes,2014-06-24,yes,1.9.0-Jumbo-1
john,HMAC-MD5,,"password is key, MD5 512/512 AVX-512 16x3",1.8.0-jumbo-1,2014-12-18,no,,yes,1.9.0-Jumbo-1
john,HMAC-SHA1,,"password is key, SHA1 512/512 AVX-512 16x",1.8.0-jumbo-1,2014-12-18,no,,yes,1.9.0-Jumbo-1
john,HMAC-SHA224,,"password is key, SHA224 512/512 AVX-512 16x",1.8.0-jumbo-1,2014-12-18,no,,yes,1.9.0-Jumbo-1
john,HMAC-SHA256,,"password is key, SHA256 512/512 AVX-512 16x",1.8.0-jumbo-1,2014-12-18,no,,yes,1.9.0-Jumbo-1
john,HMAC-SHA384,,"password is key, SHA384 512/512 AVX-512 8x",1.8.0-jumbo-1,2014-12-18,no,,yes,1.9.0-Jumbo-1
john,HMAC-SHA512,,"password is key, SHA512 512/512 AVX-512 8x",1.8.0-jumbo-1,2014-12-18,no,,yes,1.9.0-Jumbo-1
john,IKE,,HMAC MD5/SHA1 32/64,1.8.0-jumbo-1,2014-12-18,no,,yes,1.9.0-Jumbo-1
john,Iterated-SHA1,,SHA1 ($s.$p) 512/512 AVX-512 16x,,,,2025-11-11,no,1.9.0-Jumbo-1
john,Iterated-SHA1-opencl,,SHA1 ($s.$p) OpenCL,,,,2025-11-11,no,1.9.0-Jumbo-1
john,Iterated-SHA256,,SHA256 ($s.$p) 512/512 AVX-512 16x,,,,2026-02-07,no,1.9.0-Jumbo-1
john,Iterated-SHA256-opencl,,SHA256 ($s.$p) OpenCL,,,,2026-02-07,no,1.9.0-Jumbo-1
john,KeePass,,AES/Argon2 512/512 AVX512F,1.8.0-jumbo-1,2014-12-18,no,,yes,1.9.0-Jumbo-1
john,KeePass-Argon2-opencl,,BlaMka OpenCL,,,,2023-11-08,no,1.9.0-Jumbo-1
john,KeePass-opencl,,AES OpenCL,1.9.0-Jumbo-1,2019-05-14,yes,2018-02-02,yes,1.9.0-Jumbo-1
john,LM,,DES 512/512 AVX512F,1.7.9-jumbo-3,2011-12-16,no,,yes,1.9.0-Jumbo-1
john,LM-opencl,,DES BS OpenCL,1.9.0-Jumbo-1,2019-05-14,yes,2015-07-16,yes,1.9.0-Jumbo-1
john,LUKS,,PBKDF2-SHA1 512/512 AVX-512 16x,1.8.0-jumbo-1,2014-12-18,yes,2013-04-27,yes,1.9.0-Jumbo-1
john,LastPass,,PBKDF2-SHA256 AES 512/512 AVX-512 16x,1.8.0-jumbo-1,2014-12-18,no,,yes,1.9.0-Jumbo-1
john,MD2,,MD2 32/64,1.8.0-jumbo-1,2014-12-18,yes,2013-05-18,yes,1.9.0-Jumbo-1
john,MSCHAPv2,,MD4 DES (ESS MD5) 512/512 AVX-512 16x3,1.8.0-jumbo-1,2014-12-18,no,,yes,1.9.0-Jumbo-1
john,MediaWiki,,md5($s.md5($p)) 512/512 AVX-512 16x3,1.8.0-jumbo-1,2014-12-18,no,,yes,1.9.0-Jumbo-1
john,Monero,,Pseudo-AES/Keccak/BLAKE/Groestl/JH/Skein/ChaCha 128/128 AVX AES-NI,,,,2025-02-16,no,1.9.0-Jumbo-1
john,MongoDB,,MD5 32/64,1.8.0-jumbo-1,2014-12-18,no,,yes,1.9.0-Jumbo-1
john,Mozilla,,SHA1 3DES 32/64,1.7.9-jumbo-6,2012-06-29,yes,2012-03-24,yes,1.9.0-Jumbo-1
john,NT,,MD4 512/512 AVX-512 16x3,1.8.0-jumbo-1,2014-12-18,no,,yes,1.9.0-Jumbo-1
john,NT-long,,md4(utf16($p)) 512/512 AVX-512 16x3,,,,2022-03-31,no,1.9.0-Jumbo-1
john,NT-long-opencl,,MD4 OpenCL,,,,2023-01-30,no,1.9.0-Jumbo-1
john,NT-opencl,,MD4 OpenCL,1.9.0-Jumbo-1,2019-05-14,no,,yes,1.9.0-Jumbo-1
john,ODF,,PBKDF2-SHA1 512/512 AVX-512 16x BF/AES,1.7.9-jumbo-6,2012-06-29,yes,2012-06-17,yes,1.9.0-Jumbo-1
john,ODF-opencl,,PBKDF2-SHA1 BF/AES OpenCL,1.8.0-jumbo-1,2014-12-18,no,,yes,1.9.0-Jumbo-1
john,Office,,SHA1 512/512 AVX-512 16x / SHA512 512/512 AVX-512 8x AES,1.7.9-jumbo-6,2012-06-29,yes,2012-04-02,yes,1.9.0-Jumbo-1
john,OpenBSD-SoftRAID,,PBKDF2-SHA1 512/512 AVX-512 16x,1.8.0-jumbo-1,2014-12-18,yes,2014-11-18,yes,1.9.0-Jumbo-1
john,OpenBSD-SoftRAID-opencl,,PBKDF2-SHA1 AES OpenCL,1.9.0-Jumbo-1,2019-05-14,yes,2017-12-25,yes,1.9.0-Jumbo-1
john,OpenVMS,,32/64,1.8.0-jumbo-1,2014-12-18,no,,yes,1.9.0-Jumbo-1
john,Oracle12C,,PBKDF2-SHA512 512/512 AVX-512 8x,1.9.0-Jumbo-1,2019-05-14,yes,2015-06-02,yes,1.9.0-Jumbo-1
john,Oubliette-Blowfish,,SHA1/Blowfish 32/64,,,,2025-03-04,no,1.9.0-Jumbo-1
john,Oubliette-IDEA,,SHA1/IDEA 32/64,,,,2025-03-04,no,1.9.0-Jumbo-1
john,PBKDF2-HMAC-MD4,,PBKDF2-MD4 512/512 AVX-512 16x3,1.9.0-Jumbo-1,2019-05-14,yes,2015-06-20,yes,1.9.0-Jumbo-1
john,PBKDF2-HMAC-MD4-opencl,,PBKDF2-MD4 OpenCL,1.9.0-Jumbo-1,2019-05-14,yes,2015-06-20,yes,1.9.0-Jumbo-1
john,PBKDF2-HMAC-MD5,,PBKDF2-MD5 512/512 AVX-512 16x3,1.9.0-Jumbo-1,2019-05-14,yes,2015-06-20,yes,1.9.0-Jumbo-1
john,PBKDF2-HMAC-MD5-opencl,,PBKDF2-MD5 OpenCL,1.9.0-Jumbo-1,2019-05-14,yes,2015-06-19,yes,1.9.0-Jumbo-1
john,PBKDF2-HMAC-SHA1,,PBKDF2-SHA1 512/512 AVX-512 16x,1.8.0-jumbo-1,2014-12-18,yes,2014-01-05,yes,1.9.0-Jumbo-1
john,PBKDF2-HMAC-SHA1-opencl,,PBKDF2-SHA1 OpenCL,1.8.0-jumbo-1,2014-12-18,yes,2014-09-04,yes,1.9.0-Jumbo-1
john,PBKDF2-HMAC-SHA256,,PBKDF2-SHA256 512/512 AVX-512 16x,1.8.0-jumbo-1,2014-12-18,yes,2013-07-16,yes,1.9.0-Jumbo-1
john,PBKDF2-HMAC-SHA256-opencl,,PBKDF2-SHA256 OpenCL,1.8.0-jumbo-1,2014-12-18,yes,2013-07-23,yes,1.9.0-Jumbo-1
john,PBKDF2-HMAC-SHA512,,PBKDF2-SHA512 512/512 AVX-512 8x,1.8.0-jumbo-1,2014-12-18,no,,yes,1.9.0-Jumbo-1
john,PBKDF2-HMAC-SHA512-opencl,,PBKDF2-SHA512 OpenCL,1.9.0-Jumbo-1,2019-05-14,yes,2015-07-08,yes,1.9.0-Jumbo-1
john,PDF,,MD5-RC4 / SHA2-AES 32/64,1.7.9-jumbo-3,2011-12-16,no,,yes,1.9.0-Jumbo-1
john,PEM,,PBKDF2-SHA1 512/512 AVX-512 16x 3DES/AES,1.9.0-Jumbo-1,2019-05-14,yes,2015-10-23,yes,1.9.0-Jumbo-1
john,PHPS,,md5(md5($p).$s) 512/512 AVX-512 16x3,1.8.0-jumbo-1,2014-12-18,no,,yes,1.9.0-Jumbo-1
john,PHPS2,,md5(md5($p).$s) 512/512 AVX-512 16x3,1.9.0-Jumbo-1,2019-05-14,yes,2015-06-19,yes,1.9.0-Jumbo-1
john,PKZIP,,32/64,1.7.9-jumbo-6,2012-06-29,no,,yes,1.9.0-Jumbo-1
john,PST,,32/64,1.8.0-jumbo-1,2014-12-18,no,,yes,1.9.0-Jumbo-1
john,Padlock,,PBKDF2-SHA256 AES 512/512 AVX-512 16x,1.9.0-Jumbo-1,2019-05-14,yes,2017-03-12,yes,1.9.0-Jumbo-1
john,Palshop,,MD5 + SHA1 32/64,1.9.0-Jumbo-1,2019-05-14,yes,2016-07-23,yes,1.9.0-Jumbo-1
john,Panama,,Panama 32/64,1.8.0-jumbo-1,2014-12-18,yes,2013-05-18,yes,1.9.0-Jumbo-1
john,PuTTY,,SHA1/AES 32/64,1.8.0-jumbo-1,2014-12-18,no,,yes,1.9.0-Jumbo-1
john,RACF,,DES 32/64,1.7.9-jumbo-6,2012-06-29,yes,2012-03-10,yes,1.9.0-Jumbo-1
john,RACF-KDFAES,,DES/HMAC-SHA256/AES 32/64,1.9.0-Jumbo-1,2019-05-14,yes,2018-12-05,yes,1.9.0-Jumbo-1
john,RAKP-MD5,,HMAC-MD5 512/512 AVX-512 16x3,,,,2026-07-05,no,1.9.0-Jumbo-1
john,RAKP-MD5-opencl,,HMAC-MD5 OpenCL,,,,2026-07-05,no,1.9.0-Jumbo-1
john,RAKP-SHA1,,HMAC-SHA1 512/512 AVX-512 16x,,,,2026-07-21,no,1.9.0-Jumbo-1
john,RAKP-SHA1-opencl,,HMAC-SHA1 OpenCL,,,,2026-07-21,no,1.9.0-Jumbo-1
john,RAKP-SHA256,,HMAC-SHA256 512/512 AVX-512 16x,,,,2026-07-05,no,1.9.0-Jumbo-1
john,RAKP-SHA256-opencl,,HMAC-SHA256 OpenCL,,,,2026-07-05,no,1.9.0-Jumbo-1
john,RAR5,,PBKDF2-SHA256 512/512 AVX-512 16x,1.8.0-jumbo-1,2014-12-18,yes,2013-05-11,yes,1.9.0-Jumbo-1
john,RAR5-opencl,,PBKDF2-SHA256 OpenCL,1.8.0-jumbo-1,2014-12-18,yes,2014-08-26,yes,1.9.0-Jumbo-1
john,RAdmin,,MD5 32/64,1.8.0-jumbo-1,2014-12-18,no,,yes,1.9.0-Jumbo-1
john,RVARY,,DES 32/64,,,,2020-11-29,no,1.9.0-Jumbo-1
john,Raw-Blake2,,BLAKE2b 512 128/128 AVX,1.8.0-jumbo-1,2014-12-18,no,,yes,1.9.0-Jumbo-1
john,Raw-Keccak,,Keccak 512 32/64,1.8.0-jumbo-1,2014-12-18,no,,yes,1.9.0-Jumbo-1
john,Raw-Keccak-256,,Keccak 256 32/64,1.8.0-jumbo-1,2014-12-18,no,,yes,1.9.0-Jumbo-1
john,Raw-MD4,,MD4 512/512 AVX-512 16x3,1.8.0-jumbo-1,2014-12-18,no,,yes,1.9.0-Jumbo-1
john,Raw-MD5,,MD5 512/512 AVX-512 16x3,1.8.0-jumbo-1,2014-12-18,no,,yes,1.9.0-Jumbo-1
john,Raw-MD5u,,md5(utf16($p)) 512/512 AVX-512 16x3,1.8.0-jumbo-1,2014-12-18,no,,yes,1.9.0-Jumbo-1
john,Raw-SHA1,,SHA1 512/512 AVX-512 16x,1.8.0-jumbo-1,2014-12-18,no,,yes,1.9.0-Jumbo-1
john,Raw-SHA1-AxCrypt,,SHA1 512/512 AVX-512 16x,1.9.0-Jumbo-1,2019-05-14,yes,2016-01-18,yes,1.9.0-Jumbo-1
john,Raw-SHA1-Linkedin,,SHA1 512/512 AVX-512 16x,1.8.0-jumbo-1,2014-12-18,no,,yes,1.9.0-Jumbo-1
john,Raw-SHA224,,SHA224 512/512 AVX-512 16x,1.8.0-jumbo-1,2014-12-18,no,,yes,1.9.0-Jumbo-1
john,Raw-SHA256,,SHA256 512/512 AVX-512 16x,1.8.0-jumbo-1,2014-12-18,no,,yes,1.9.0-Jumbo-1
john,Raw-SHA3,,SHA3 512 32/64,1.9.0-Jumbo-1,2019-05-14,no,,yes,1.9.0-Jumbo-1
john,Raw-SHA384,,SHA384 512/512 AVX-512 8x,1.8.0-jumbo-1,2014-12-18,no,,yes,1.9.0-Jumbo-1
john,Raw-SHA512,,SHA512 512/512 AVX-512 8x,1.8.0-jumbo-1,2014-12-18,no,,yes,1.9.0-Jumbo-1
john,Raw-SM3,,SM3 32/64,,,,2025-11-25,no,1.9.0-Jumbo-1
john,SCRAM-PBKDF2-SHA1,,PBKDF2-SHA1/SCRAM 512/512 AVX-512 16x,,,,2025-04-26,no,1.9.0-Jumbo-1
john,SCRAM-PBKDF2-SHA1-MongoDB,,PBKDF2-SHA1/MD5/SCRAM 512/512 AVX-512 16x,,,,2025-04-26,no,1.9.0-Jumbo-1
john,SCRAM-PBKDF2-SHA256,,PBKDF2-SHA256/SCRAM 512/512 AVX-512 16x,,,,2025-04-26,no,1.9.0-Jumbo-1
john,SIP,,MD5 32/64,1.7.9-jumbo-6,2012-06-29,yes,2012-03-11,yes,1.9.0-Jumbo-1
john,SL3,,SHA1 512/512 AVX-512 16x,1.9.0-Jumbo-1,2019-05-14,yes,2017-06-10,yes,1.9.0-Jumbo-1
john,SL3-opencl,,SHA1 OpenCL,1.9.0-Jumbo-1,2019-05-14,yes,2017-06-12,yes,1.9.0-Jumbo-1
john,SNMP,,HMAC-MD5-96/HMAC-SHA1-96 32/64,1.9.0-Jumbo-1,2019-05-14,yes,2017-04-20,yes,1.9.0-Jumbo-1
john,SSH,,MD5/bcrypt-pbkdf/[3]DES/AES 32/64,1.7.9-jumbo-6,2012-06-29,yes,2012-05-13,yes,1.9.0-Jumbo-1
john,SSHA512,,SHA512 ($p.$s) 512/512 AVX-512 8x,1.8.0-jumbo-1,2014-12-18,yes,2013-08-15,yes,1.9.0-Jumbo-1
john,STRIP,,PBKDF2-SHA1 512/512 AVX-512 16x,1.8.0-jumbo-1,2014-12-18,no,,yes,1.9.0-Jumbo-1
john,Salted-SHA1,,SHA1 ($p.$s) 512/512 AVX-512 16x,1.8.0-jumbo-1,2014-12-18,no,,yes,1.9.0-Jumbo-1
john,Siemens-S7,,HMAC-SHA1 32/64,1.8.0-jumbo-1,2014-12-18,no,,yes,1.9.0-Jumbo-1
john,Signal,,PKCS#12 PBE (SHA1) 32/64,1.9.0-Jumbo-1,2019-05-14,yes,2018-06-17,yes,1.9.0-Jumbo-1
john,Snefru-128,,32/64,1.8.0-jumbo-1,2014-12-18,no,,yes,1.9.0-Jumbo-1
john,Snefru-256,,32/64,1.8.0-jumbo-1,2014-12-18,no,,yes,1.9.0-Jumbo-1
john,Stribog-256,,GOST R 34.11-2012 128/128 AVX 1x,1.9.0-Jumbo-1,2019-05-14,yes,2015-05-16,yes,1.9.0-Jumbo-1
john,Stribog-512,,GOST R 34.11-2012 128/128 AVX 1x,1.9.0-Jumbo-1,2019-05-14,yes,2015-05-16,yes,1.9.0-Jumbo-1
john,SunMD5,,MD5 512/512 AVX-512 16x3,1.8.0-jumbo-1,2014-12-18,yes,2012-08-04,yes,1.9.0-Jumbo-1
john,Sybase-PROP,,salted FEAL-8 32/64,1.8.0-jumbo-1,2014-12-18,yes,2014-02-26,yes,1.9.0-Jumbo-1
john,SybaseASE,,SHA256 512/512 AVX-512 16x,1.9.0-Jumbo-1,2019-05-14,no,,yes,1.9.0-Jumbo-1
john,Tiger,,Tiger 32/64,1.8.0-jumbo-1,2014-12-18,yes,2013-04-27,yes,1.9.0-Jumbo-1
john,TrueCrypt-opencl,,RIPEMD160 AES256_XTS OpenCL,1.9.0-Jumbo-1,2019-05-14,yes,2018-02-13,yes,1.9.0-Jumbo-1
john,VNC,,DES 32/64,1.7.9-jumbo-6,2012-06-29,yes,2012-03-14,yes,1.9.0-Jumbo-1
john,WoWSRP,,SHA1 32/64 GMP-exp,1.8.0-jumbo-1,2014-12-18,no,,yes,1.9.0-Jumbo-1
john,XSHA512-free-opencl,,"SHA512 ($s.$p) OpenCL (efficient at ""many salts"" only)",1.9.0-Jumbo-1,2019-05-14,yes,2016-08-22,yes,1.9.0-Jumbo-1
john,XSHA512-opencl,,SHA512 OpenCL,1.8.0-jumbo-1,2014-12-18,no,,yes,1.9.0-Jumbo-1
john,ZIP,,PBKDF2-SHA1 512/512 AVX-512 16x,1.7.9-jumbo-3,2011-12-16,no,,yes,1.9.0-Jumbo-1
john,ZIP-opencl,,PBKDF2-SHA1 OpenCL,1.9.0-Jumbo-1,2019-05-14,no,,yes,1.9.0-Jumbo-1
john,ZipMonster,,MD5-512/512 AVX-512 16x3 x 50000,1.9.0-Jumbo-1,2019-05-14,yes,2016-07-30,yes,1.9.0-Jumbo-1
john,adxcrypt,,ADXCRYPT 32/64,1.9.0-Jumbo-1,2019-05-14,yes,2018-08-16,yes,1.9.0-Jumbo-1
john,agilekeychain,,PBKDF2-SHA1 AES 512/512 AVX-512 16x,1.8.0-jumbo-1,2014-12-18,yes,2012-07-20,yes,1.9.0-Jumbo-1
john,agilekeychain-opencl,,PBKDF2-SHA1 AES OpenCL,1.8.0-jumbo-1,2014-12-18,yes,2012-07-20,yes,1.9.0-Jumbo-1
john,aix-ssha1,,PBKDF2-SHA1 512/512 AVX-512 16x,1.8.0-jumbo-1,2014-12-18,yes,2013-05-07,yes,1.9.0-Jumbo-1
john,aix-ssha256,,PBKDF2-SHA256 512/512 AVX-512 16x,1.8.0-jumbo-1,2014-12-18,yes,2013-05-07,yes,1.9.0-Jumbo-1
john,aix-ssha512,,PBKDF2-SHA512 512/512 AVX-512 8x,1.8.0-jumbo-1,2014-12-18,yes,2013-05-07,yes,1.9.0-Jumbo-1
john,andOTP,,SHA256 32/64,1.9.0-Jumbo-1,2019-05-14,yes,2018-05-18,yes,1.9.0-Jumbo-1
john,ansible,,PBKDF2-SHA256 HMAC-256 512/512 AVX-512 16x,1.9.0-Jumbo-1,2019-05-14,yes,2018-02-27,yes,1.9.0-Jumbo-1
john,ansible-opencl,,PBKDF2-SHA256 HMAC-SHA256 OpenCL,1.9.0-Jumbo-1,2019-05-14,yes,2018-03-20,yes,1.9.0-Jumbo-1
john,argon2-opencl,,BlaMka OpenCL,,,,2023-12-04,no,1.9.0-Jumbo-1
john,armory,,SHA512/AES/secp256k1/SHA256/RIPEMD160 512/512 AVX-512 8x,,,,2024-01-09,no,1.9.0-Jumbo-1
john,as400-des,,DES 32/64,1.9.0-Jumbo-1,2019-05-14,yes,2016-09-05,yes,1.9.0-Jumbo-1
john,as400-ssha1,,sha1(utf16be(space_pad_10(uc($s)).$p)) (IBM AS/400 SHA1) 512/512 AVX-512 16x1,1.9.0-Jumbo-1,2019-05-14,yes,2016-08-30,yes,1.9.0-Jumbo-1
john,asa-md5,,md5($p.$s) (Cisco ASA) 512/512 AVX-512 16x3,1.8.0-jumbo-1,2014-12-18,yes,2013-04-04,yes,1.9.0-Jumbo-1
john,axcrypt-opencl,,AES SHA1 OpenCL,1.9.0-Jumbo-1,2019-05-14,yes,2018-08-05,yes,1.9.0-Jumbo-1
john,axcrypt2-opencl,,PBKDF2-SHA512 AES OpenCL,1.9.0-Jumbo-1,2019-05-14,yes,2018-12-24,yes,1.9.0-Jumbo-1
john,bcrypt,,Blowfish 32/64 X3,1.7.9-jumbo-3,2011-12-16,no,,yes,1.9.0-Jumbo-1
john,bcrypt-opencl,,Blowfish OpenCL,1.8.0-jumbo-1,2014-12-18,yes,2013-05-30,yes,1.9.0-Jumbo-1
john,bcrypt-ztex,,Blowfish ZTEX,,,,,no,1.9.0-Jumbo-1
john,bfegg,,Blowfish 32/64,1.7.9-jumbo-3,2011-12-16,no,,yes,1.9.0-Jumbo-1
john,bitshares,,SHA512/AES/secp256k1/SHA256 64/64,1.9.0-Jumbo-1,2019-05-14,yes,2018-01-31,yes,1.9.0-Jumbo-1
john,bitwarden-opencl,,PBKDF2-SHA256 AES OpenCL,1.9.0-Jumbo-1,2019-05-14,yes,2018-01-08,yes,1.9.0-Jumbo-1
john,blockchain-opencl,,PBKDF2-SHA1 AES OpenCL,1.8.0-jumbo-1,2014-12-18,yes,2013-06-08,yes,1.9.0-Jumbo-1
john,bsdicrypt,,DES 512/512 AVX512F,1.9.0-Jumbo-1,2019-05-14,no,,yes,1.9.0-Jumbo-1
john,cardano,,PBKDF2-SHA512/BLAKE2b/ChaCha20 512/512 AVX-512 8x,,,,2022-08-23,no,1.9.0-Jumbo-1
john,chap,,MD5 32/64,1.8.0-jumbo-1,2014-12-18,yes,2012-09-13,yes,1.9.0-Jumbo-1
john,cloudkeychain,,PBKDF2-SHA512 512/512 AVX-512 8x,1.8.0-jumbo-1,2014-12-18,yes,2013-04-13,yes,1.9.0-Jumbo-1
john,cloudkeychain-opencl,,PBKDF2-SHA512 AES OpenCL,1.9.0-Jumbo-1,2019-05-14,yes,2018-10-01,yes,1.9.0-Jumbo-1
john,cq,,CQWeb,1.8.0-jumbo-1,2014-12-18,yes,2014-10-11,yes,1.9.0-Jumbo-1
john,crypt,,?/64,1.9.0-Jumbo-1,2019-05-14,yes,2010-06-12,yes,1.9.0-Jumbo-1
john,cryptoSafe,,AES-256-CBC,,,,2021-09-11,no,1.9.0-Jumbo-1
john,cryptosafe-opencl,,AES-256-CBC OpenCL,,,,2021-09-11,no,1.9.0-Jumbo-1
john,dahua,,MD5 32/64,1.8.0-jumbo-1,2014-12-18,yes,2014-10-13,yes,1.9.0-Jumbo-1
john,dashlane,,AES PBKDF2-SHA1 512/512 AVX-512 16x,1.9.0-Jumbo-1,2019-05-14,no,,yes,1.9.0-Jumbo-1
john,dashlane-opencl,,PBKDF2-SHA1 OpenCL AES,1.9.0-Jumbo-1,2019-05-14,no,,yes,1.9.0-Jumbo-1
john,descrypt,,DES 512/512 AVX512F,1.7.9-jumbo-6,2012-06-29,no,,yes,1.9.0-Jumbo-1
john,descrypt-opencl,,DES OpenCL,1.8.0-jumbo-1,2014-12-18,yes,2013-05-15,yes,1.9.0-Jumbo-1
john,descrypt-ztex,,DES ZTEX,,,,,no,1.9.0-Jumbo-1
john,diskcryptor,,PBKDF2-SHA512 512/512 AVX-512 8x,1.9.0-Jumbo-1,2019-05-14,yes,2018-12-19,yes,1.9.0-Jumbo-1
john,diskcryptor-aes-opencl,,PBKDF2-SHA512 AES OpenCL,1.9.0-Jumbo-1,2019-05-14,yes,2018-12-19,yes,1.9.0-Jumbo-1
john,diskcryptor-opencl,,PBKDF2-SHA512 OpenCL,1.9.0-Jumbo-1,2019-05-14,yes,2018-12-19,yes,1.9.0-Jumbo-1
john,django-scrypt,,Salsa20/8 128/128 AVX512VL,1.8.0-jumbo-1,2014-12-18,yes,2013-05-19,yes,1.9.0-Jumbo-1
john,dmd5,,MD5 32/64,1.7.9-jumbo-3,2011-12-16,no,,yes,1.9.0-Jumbo-1
john,dmg,,PBKDF2-SHA1 512/512 AVX-512 16x 3DES/AES,1.8.0-jumbo-1,2014-12-18,yes,2012-08-25,yes,1.9.0-Jumbo-1
john,dmg-opencl,,PBKDF2-SHA1 3DES/AES OpenCL,1.8.0-jumbo-1,2014-12-18,yes,2012-09-01,yes,1.9.0-Jumbo-1
john,dominosec,,8/64,1.7.9-jumbo-3,2011-12-16,no,,yes,1.9.0-Jumbo-1
john,dominosec8,,8/64,1.9.0-Jumbo-1,2019-05-14,yes,2015-05-16,yes,1.9.0-Jumbo-1
john,dragonfly3-32,,SHA256 32/64,1.7.9-jumbo-6,2012-06-29,yes,2012-01-19,yes,1.9.0-Jumbo-1
john,dragonfly3-64,,SHA256 32/64,1.7.9-jumbo-6,2012-06-29,yes,2012-01-19,yes,1.9.0-Jumbo-1
john,dragonfly4-32,,SHA512 64/64,1.7.9-jumbo-6,2012-06-29,yes,2012-01-19,yes,1.9.0-Jumbo-1
john,dragonfly4-64,,SHA512 64/64,1.7.9-jumbo-6,2012-06-29,yes,2012-01-19,yes,1.9.0-Jumbo-1
john,dummy,,N/A,,,,,no,1.9.0-Jumbo-1
john,dynamic=md5($p),,512/512 AVX-512 16x3,1.9.0-Jumbo-1,2019-05-14,yes,2015-06-26,no,1.9.0-Jumbo-1
john,eCryptfs,,SHA512 512/512 AVX-512 8x,1.8.0-jumbo-1,2014-12-18,yes,2013-07-28,yes,1.9.0-Jumbo-1
john,eigrp,,MD5/SHA-256 32/64,1.8.0-jumbo-1,2014-12-18,yes,2014-09-09,yes,1.9.0-Jumbo-1
john,electrum,,SHA256 AES / PBKDF2-SHA512 512/512 AVX-512 16x,1.9.0-Jumbo-1,2019-05-14,yes,2017-05-12,yes,1.9.0-Jumbo-1
john,electrum-modern-opencl,,PBKDF2-SHA512 OpenCL,1.9.0-Jumbo-1,2019-05-14,yes,2017-06-21,yes,1.9.0-Jumbo-1
john,enpass,,PBKDF2-SHA1/SHA512 512/512 AVX-512 8x,1.9.0-Jumbo-1,2019-05-14,yes,2017-01-20,yes,1.9.0-Jumbo-1
john,enpass-opencl,,PBKDF2-SHA1/SHA512 AES OpenCL,1.9.0-Jumbo-1,2019-05-14,yes,2017-01-20,yes,1.9.0-Jumbo-1
john,ethereum,,PBKDF2-SHA256/scrypt Keccak 512/512 AVX-512 16x,1.9.0-Jumbo-1,2019-05-14,yes,2017-05-04,yes,1.9.0-Jumbo-1
john,ethereum-opencl,,PBKDF2-SHA256 Keccak OpenCL,1.9.0-Jumbo-1,2019-05-14,yes,2017-06-13,yes,1.9.0-Jumbo-1
john,ethereum-presale-opencl,,PBKDF2-SHA256 AES Keccak OpenCL,1.9.0-Jumbo-1,2019-05-14,yes,2017-06-14,yes,1.9.0-Jumbo-1
john,fde,,PBKDF2-SHA1 512/512 AVX-512 16x SHA256/AES,1.8.0-jumbo-1,2014-12-18,yes,2013-05-08,yes,1.9.0-Jumbo-1
john,geli,,PBKDF2-SHA512 512/512 AVX-512 16x,1.9.0-Jumbo-1,2019-05-14,yes,2017-04-13,yes,1.9.0-Jumbo-1
john,geli-opencl,,PBKDF2-SHA512 AES OpenCL,1.9.0-Jumbo-1,2019-05-14,yes,2017-06-22,yes,1.9.0-Jumbo-1
john,gost,,64/64,1.7.9-jumbo-6,2012-06-29,yes,2012-06-01,yes,1.9.0-Jumbo-1
john,gost94crypt,,GOST R 34.11-94 32/64,,,,,no,1.9.0-Jumbo-1
john,gost94crypt-opencl,,GOST R 34.11-94 OpenCL,,,,,no,1.9.0-Jumbo-1
john,gpg,,32/64,1.8.0-jumbo-1,2014-12-18,yes,2012-08-12,yes,1.9.0-Jumbo-1
john,gpg-opencl,,SHA1/SHA2 OpenCL,1.8.0-jumbo-1,2014-12-18,yes,2012-08-15,yes,1.9.0-Jumbo-1
john,h3c,,SHA512 512/512 AVX-512 8x,,,,2025-06-09,no,1.9.0-Jumbo-1
john,hMailServer,,sha256($s.$p) 512/512 AVX-512 16x,1.8.0-jumbo-1,2014-12-18,no,,yes,1.9.0-Jumbo-1
john,has-160,,HAS-160 32/64,1.9.0-Jumbo-1,2019-05-14,yes,2015-05-17,yes,1.9.0-Jumbo-1
john,hdaa,,MD5 512/512 AVX-512 16x3,1.7.9-jumbo-3,2011-12-16,no,,yes,1.9.0-Jumbo-1
john,hsrp,,MD5 32/64,1.8.0-jumbo-1,2014-12-18,yes,2014-09-01,yes,1.9.0-Jumbo-1
john,ipb2,,MD5 512/512 AVX-512 16x3,1.7.9-jumbo-3,2011-12-16,no,,yes,1.9.0-Jumbo-1
john,itunes-backup,,PBKDF2-SHA1 AES 512/512 AVX-512 16x,1.9.0-Jumbo-1,2019-05-14,yes,2017-02-05,yes,1.9.0-Jumbo-1
john,iwork,,PBKDF2-SHA1 AES 512/512 AVX-512 16x,1.9.0-Jumbo-1,2019-05-14,yes,2015-11-19,yes,1.9.0-Jumbo-1
john,iwork-opencl,,PBKDF2-SHA1 AES OpenCL,1.9.0-Jumbo-1,2019-05-14,yes,2015-11-21,yes,1.9.0-Jumbo-1
john,keplr,,"scrypt Salsa20/8 128/128 AVX512VL, SHA256 32/64",,,,2023-09-26,no,1.9.0-Jumbo-1
john,keychain,,PBKDF2-SHA1 3DES 512/512 AVX-512 16x,1.7.9-jumbo-6,2012-06-29,yes,2012-04-09,yes,1.9.0-Jumbo-1
john,keychain-opencl,,PBKDF2-SHA1 3DES OpenCL,1.8.0-jumbo-1,2014-12-18,yes,2012-07-19,yes,1.9.0-Jumbo-1
john,keyring,,SHA256 AES 512/512 AVX-512 16x,1.8.0-jumbo-1,2014-12-18,yes,2012-07-29,yes,1.9.0-Jumbo-1
john,keyring-opencl,,SHA256 AES OpenCL,1.8.0-jumbo-1,2014-12-18,yes,2013-06-14,yes,1.9.0-Jumbo-1
john,keystore,,SHA1 512/512 AVX-512 16x,1.8.0-jumbo-1,2014-12-18,yes,2013-02-04,yes,1.9.0-Jumbo-1
john,keystore-opencl,,SHA1 OpenCL,1.9.0-Jumbo-1,2019-05-14,yes,2016-01-19,yes,1.9.0-Jumbo-1
john,known_hosts,,SHA1 32/64,1.8.0-jumbo-1,2014-12-18,yes,2014-07-02,yes,1.9.0-Jumbo-1
john,krb4,,DES 32/64,1.7.9-jumbo-3,2011-12-16,no,,yes,1.9.0-Jumbo-1
john,krb5,,3DES 32/64,1.7.9-jumbo-3,2011-12-16,no,,yes,1.9.0-Jumbo-1
john,krb5-17,,DES / PBKDF2-SHA1 512/512 AVX-512 16x AES,1.9.0-Jumbo-1,2019-05-14,yes,2017-10-20,yes,1.9.0-Jumbo-1
john,krb5-18,,DES / PBKDF2-SHA1 512/512 AVX-512 16x AES,1.8.0-jumbo-1,2014-12-18,yes,2012-09-06,yes,1.9.0-Jumbo-1
john,krb5-3,,DES / PBKDF2-SHA1 512/512 AVX-512 16x AES,1.9.0-Jumbo-1,2019-05-14,yes,2017-10-23,yes,1.9.0-Jumbo-1
john,krb5asrep,,MD4 HMAC-MD5 RC4 / PBKDF2 HMAC-SHA1 AES 512/512 AVX-512 16x,1.9.0-Jumbo-1,2019-05-14,yes,2017-08-28,yes,1.9.0-Jumbo-1
john,krb5asrep-aes-opencl,,PBKDF2-SHA1 AES OpenCL,1.9.0-Jumbo-1,2019-05-14,yes,2017-12-02,yes,1.9.0-Jumbo-1
john,krb5pa-md5,,MD4 HMAC-MD5 RC4 32/64,1.8.0-jumbo-1,2014-12-18,yes,2012-12-09,yes,1.9.0-Jumbo-1
john,krb5pa-md5-opencl,,MD4 HMAC-MD5 RC4 OpenCL,1.8.0-jumbo-1,2014-12-18,yes,2013-10-11,yes,1.9.0-Jumbo-1
john,krb5pa-sha1,,PBKDF2-SHA1 (AES-CTS-HMAC-SHA1-96)512/512 AVX-512 16x,1.8.0-jumbo-1,2014-12-18,yes,2012-12-08,yes,1.9.0-Jumbo-1
john,krb5pa-sha1-opencl,,PBKDF2-SHA1 (AES-CTS-HMAC-SHA1-96) OpenCL,1.8.0-jumbo-1,2014-12-18,yes,2012-12-09,yes,1.9.0-Jumbo-1
john,krb5tgs,,MD4 HMAC-MD5 RC4,1.9.0-Jumbo-1,2019-05-14,yes,2015-09-30,yes,1.9.0-Jumbo-1
john,krb5tgs-opencl,,MD4 HMAC-MD5 RC4 OpenCL,,,,2023-01-24,no,1.9.0-Jumbo-1
john,krb5tgs-sha1,,PBKDF2 HMAC-SHA1 AES 512/512 AVX-512 16x,,,,,no,1.9.0-Jumbo-1
john,krb5tgs-sha1-opencl,,PBKDF2-SHA1 AES-CTS OpenCL,,,,,no,1.9.0-Jumbo-1
john,kwallet,,SHA1 / PBKDF2-SHA512 512/512 AVX-512 8x,1.8.0-jumbo-1,2014-12-18,yes,2013-01-14,yes,1.9.0-Jumbo-1
john,leet,,SHA-512(512/512 AVX-512 8x) + Whirlpool(OpenSSL/64),1.9.0-Jumbo-1,2019-05-14,yes,2016-10-18,yes,1.9.0-Jumbo-1
john,lotus5,,8/64 X3,1.7.9-jumbo-3,2011-12-16,no,,yes,1.9.0-Jumbo-1
john,lotus5-opencl,,OpenCL,1.8.0-jumbo-1,2014-12-18,yes,2014-05-19,yes,1.9.0-Jumbo-1
john,lotus85,,8/64,1.8.0-jumbo-1,2014-12-18,yes,2013-12-22,yes,1.9.0-Jumbo-1
john,lp,,PBKDF2-SHA256 512/512 AVX-512 16x,1.8.0-jumbo-1,2014-12-18,yes,2013-01-05,yes,1.9.0-Jumbo-1
john,lp-opencl,,PBKDF2-SHA256 AES OpenCL,1.9.0-Jumbo-1,2019-05-14,no,,yes,1.9.0-Jumbo-1
john,lpcli,,PBKDF2-SHA256 512/512 AVX-512 16x,1.9.0-Jumbo-1,2019-05-14,yes,2017-08-14,yes,1.9.0-Jumbo-1
john,lpcli-opencl,,PBKDF2-SHA256 AES OpenCL,1.9.0-Jumbo-1,2019-05-14,no,,yes,1.9.0-Jumbo-1
john,md5crypt,,MD5 512/512 AVX-512 16x3,1.7.9-jumbo-6,2012-06-29,no,,yes,1.9.0-Jumbo-1
john,md5crypt-long,,MD5 32/64,1.9.0-Jumbo-1,2019-05-14,yes,2019-05-09,yes,1.9.0-Jumbo-1
john,md5crypt-opencl,,MD5 OpenCL,1.7.9-jumbo-6,2012-06-29,no,,yes,1.9.0-Jumbo-1
john,md5crypt-ztex,,md5crypt ZTEX,,,,,no,1.9.0-Jumbo-1
john,md5ns,,md5($s.$p) (OSC) (PW > 31 bytes) 512/512 AVX-512 16x3,1.7.9-jumbo-3,2011-12-16,no,,yes,1.9.0-Jumbo-1
john,mdc2,,MDC-2DES,1.8.0-jumbo-1,2014-12-18,yes,2014-11-11,yes,1.9.0-Jumbo-1
john,money,,MD5/SHA1 32/64,1.7.9-jumbo-3,2011-12-16,no,,yes,1.9.0-Jumbo-1
john,mscash,,MD4 32/64,1.7.9-jumbo-3,2011-12-16,no,,yes,1.9.0-Jumbo-1
john,mscash-opencl,,MD4 OpenCL,1.8.0-jumbo-1,2014-12-18,yes,2013-07-27,yes,1.9.0-Jumbo-1
john,mscash2,,PBKDF2-SHA1 512/512 AVX-512 16x,1.7.9-jumbo-3,2011-12-16,no,,yes,1.9.0-Jumbo-1
john,mscash2-opencl,,PBKDF2-SHA1 OpenCL,1.7.9-jumbo-6,2012-06-29,yes,2012-04-03,yes,1.9.0-Jumbo-1
john,mschapv2-naive,,MD4 DES 512/512 AVX512F naive,1.8.0-jumbo-1,2014-12-18,yes,2013-02-05,yes,1.9.0-Jumbo-1
john,mssql,,SHA1 512/512 AVX-512 16x,1.7.9-jumbo-3,2011-12-16,no,,yes,1.9.0-Jumbo-1
john,mssql05,,SHA1 512/512 AVX-512 16x,1.7.9-jumbo-3,2011-12-16,no,,yes,1.9.0-Jumbo-1
john,mssql12,,SHA512 512/512 AVX-512 8x,1.8.0-jumbo-1,2014-12-18,yes,2012-08-21,yes,1.9.0-Jumbo-1
john,multibit,,MD5/scrypt AES 32/64,1.9.0-Jumbo-1,2019-05-14,yes,2017-05-14,yes,1.9.0-Jumbo-1
john,mysql,,32/64,1.7.9-jumbo-3,2011-12-16,no,,yes,1.9.0-Jumbo-1
john,mysql-sha1,,SHA1 512/512 AVX-512 16x,1.7.9-jumbo-3,2011-12-16,no,,yes,1.9.0-Jumbo-1
john,mysql-sha1-opencl,,SHA1 OpenCL,1.7.9-jumbo-6,2012-06-29,yes,2012-02-03,yes,1.9.0-Jumbo-1
john,mysqlna,,SHA1 32/64,1.8.0-jumbo-1,2014-12-18,yes,2012-08-25,yes,1.9.0-Jumbo-1
john,net-ah,,MD5 32/64,1.9.0-Jumbo-1,2019-05-14,yes,2017-04-12,yes,1.9.0-Jumbo-1
john,net-md5,,MD5 32/64 or dynamic_39,1.8.0-jumbo-1,2014-12-18,yes,2013-10-23,yes,1.9.0-Jumbo-1
john,net-sha1,,SHA1 32/64 or dynamic_40,1.8.0-jumbo-1,2014-12-18,yes,2013-10-23,yes,1.9.0-Jumbo-1
john,nethalflm,,DES 32/64,1.7.9-jumbo-3,2011-12-16,no,,yes,1.9.0-Jumbo-1
john,netlm,,DES 32/64,1.7.9-jumbo-3,2011-12-16,no,,yes,1.9.0-Jumbo-1
john,netlmv2,,MD4 HMAC-MD5 32/64,1.7.9-jumbo-3,2011-12-16,no,,yes,1.9.0-Jumbo-1
john,netntlm,,MD4 DES (ESS MD5) 512/512 AVX-512 16x3,1.7.9-jumbo-3,2011-12-16,no,,yes,1.9.0-Jumbo-1
john,netntlm-naive,,MD4 DES (ESS MD5) DES 512/512 AVX512F naive,1.8.0-jumbo-1,2014-12-18,yes,2013-02-05,yes,1.9.0-Jumbo-1
john,netntlmv2,,MD4 HMAC-MD5 32/64,1.7.9-jumbo-3,2011-12-16,no,,yes,1.9.0-Jumbo-1
john,nk,,SHA1 MD5 32/64,1.8.0-jumbo-1,2014-12-18,yes,2012-07-10,yes,1.9.0-Jumbo-1
john,notes,,PBKDF2-SHA256 AES 512/512 AVX-512 16x,1.9.0-Jumbo-1,2019-05-14,yes,2017-12-14,yes,1.9.0-Jumbo-1
john,notes-opencl,,PBKDF2-SHA256 AES OpenCL,1.9.0-Jumbo-1,2019-05-14,yes,2017-12-14,yes,1.9.0-Jumbo-1
john,nsec3,,SHA1 32/64,1.9.0-Jumbo-1,2019-05-14,yes,2016-08-14,yes,1.9.0-Jumbo-1
john,ntlmv2-opencl,,MD4 HMAC-MD5 OpenCL,1.8.0-jumbo-1,2014-12-18,yes,2012-10-17,yes,1.9.0-Jumbo-1
john,o10glogon,,DES-AES128-MD5 32/64,1.9.0-Jumbo-1,2019-05-14,yes,2016-10-10,yes,1.9.0-Jumbo-1
john,o3logon,,SHA1 DES 32/64,1.9.0-Jumbo-1,2019-05-14,yes,2016-08-25,yes,1.9.0-Jumbo-1
john,o5logon,,MD5 SHA1 AES 32/64,1.8.0-jumbo-1,2014-12-18,yes,2012-09-29,yes,1.9.0-Jumbo-1
john,o5logon-opencl,,MD5 SHA1 AES OpenCL,1.8.0-jumbo-1,2014-12-18,yes,2014-03-31,yes,1.9.0-Jumbo-1
john,office-opencl,,SHA1/SHA512 AES OpenCL,1.8.0-jumbo-1,2014-12-18,yes,2012-09-13,yes,1.9.0-Jumbo-1
john,oldoffice,,MD5/SHA1 RC4 32/64,1.8.0-jumbo-1,2014-12-18,yes,2012-07-29,yes,1.9.0-Jumbo-1
john,oldoffice-opencl,,MD5/SHA1 RC4 OpenCL,1.8.0-jumbo-1,2014-12-18,yes,2014-11-24,yes,1.9.0-Jumbo-1
john,openssl-enc,,32/64,1.8.0-jumbo-1,2014-12-18,yes,2013-05-04,yes,1.9.0-Jumbo-1
john,oracle,,DES 32/64,1.7.9-jumbo-3,2011-12-16,no,,yes,1.9.0-Jumbo-1
john,oracle11,,SHA1 512/512 AVX-512 16x,1.7.9-jumbo-3,2011-12-16,no,,yes,1.9.0-Jumbo-1
john,osc,,md5($s.$p) (OSC) 512/512 AVX-512 16x3,1.7.9-jumbo-6,2012-06-29,yes,2012-05-01,yes,1.9.0-Jumbo-1
john,ospf,,HMAC-SHA-X 32/64,1.9.0-Jumbo-1,2019-05-14,yes,2017-05-16,yes,1.9.0-Jumbo-1
john,pdf-opencl,,MD5-RC4 / SHA2-AES OpenCL,,,,2024-09-30,no,1.9.0-Jumbo-1
john,pem-opencl,,PBKDF2-SHA1 3DES/AES OpenCL,1.9.0-Jumbo-1,2019-05-14,yes,2017-12-01,yes,1.9.0-Jumbo-1
john,pfx,,PKCS#12 PBE (SHA1/SHA2) 512/512 AVX-512 16x,1.8.0-jumbo-1,2014-12-18,yes,2012-06-29,yes,1.9.0-Jumbo-1
john,pfx-opencl,,PKCS#12 PBE (SHA1/SHA-256/512) OpenCL,1.9.0-Jumbo-1,2019-05-14,yes,2017-06-18,yes,1.9.0-Jumbo-1
john,pgpdisk,,SHA1 64,1.9.0-Jumbo-1,2019-05-14,yes,2017-08-21,yes,1.9.0-Jumbo-1
john,pgpdisk-opencl,,SHA1 AES/TwoFish/CAST OpenCL,1.9.0-Jumbo-1,2019-05-14,yes,2017-08-25,yes,1.9.0-Jumbo-1
john,pgpsda,,SHA1 64,1.9.0-Jumbo-1,2019-05-14,yes,2017-09-03,yes,1.9.0-Jumbo-1
john,pgpsda-opencl,,SHA1 CAST OpenCL,1.9.0-Jumbo-1,2019-05-14,yes,2017-09-06,yes,1.9.0-Jumbo-1
john,pgpwde,,S2K-SHA1 32/64,1.9.0-Jumbo-1,2019-05-14,yes,2017-08-19,yes,1.9.0-Jumbo-1
john,pgpwde-opencl,,SHA1 AES OpenCL,1.9.0-Jumbo-1,2019-05-14,yes,2017-08-25,yes,1.9.0-Jumbo-1
john,phpass,,phpass ($P$ or $H$) 512/512 AVX-512 16x3,1.7.9-jumbo-3,2011-12-16,no,,yes,1.9.0-Jumbo-1
john,phpass-opencl,,MD5 OpenCL,1.7.9-jumbo-6,2012-06-29,no,,no,1.9.0-Jumbo-1
john,phpass-ztex,,phpass ($P$ or $H$),,,,,no,1.9.0-Jumbo-1
john,pix-md5,,md5($p) (Cisco PIX) 512/512 AVX-512 16x3,1.7.9-jumbo-3,2011-12-16,no,,yes,1.9.0-Jumbo-1
john,plaintext,,n/a,1.9.0-Jumbo-1,2019-05-14,yes,2015-01-30,yes,1.9.0-Jumbo-1
john,po,,MD5 32/64,1.7.9-jumbo-3,2011-12-16,no,,yes,1.9.0-Jumbo-1
john,postgres,,MD5 32/64,1.8.0-jumbo-1,2014-12-18,yes,2013-03-19,yes,1.9.0-Jumbo-1
john,pwsafe,,SHA256 512/512 AVX-512 16x,1.7.9-jumbo-6,2012-06-29,yes,2012-05-09,yes,1.9.0-Jumbo-1
john,pwsafe-opencl,,SHA256 OpenCL,1.7.9-jumbo-6,2012-06-29,no,,yes,1.9.0-Jumbo-1
john,qnx,,QNX 32/64,1.9.0-Jumbo-1,2019-05-14,yes,2015-12-29,yes,1.9.0-Jumbo-1
john,radius,,MD5 32/64,1.9.0-Jumbo-1,2019-05-14,yes,2018-06-17,yes,1.9.0-Jumbo-1
john,rar,,SHA1 512/512 AVX-512 16x AES,1.7.9-jumbo-3,2011-12-16,no,,yes,1.9.0-Jumbo-1
john,rar-opencl,,SHA1 OpenCL AES,1.8.0-jumbo-1,2014-12-18,yes,2012-12-21,yes,1.9.0-Jumbo-1
john,raw-MD4-opencl,,MD4 OpenCL,1.9.0-Jumbo-1,2019-05-14,no,,yes,1.9.0-Jumbo-1
john,raw-MD5-opencl,,MD5 OpenCL,1.9.0-Jumbo-1,2019-05-14,no,,yes,1.9.0-Jumbo-1
john,raw-SHA1-opencl,,SHA1 OpenCL,1.9.0-Jumbo-1,2019-05-14,no,,yes,1.9.0-Jumbo-1
john,raw-SHA256-opencl,,SHA256 OpenCL,1.9.0-Jumbo-1,2019-05-14,no,,yes,1.9.0-Jumbo-1
john,raw-SHA512-free-opencl,,"SHA512 OpenCL (inefficient, development use mostly)",1.9.0-Jumbo-1,2019-05-14,no,,yes,1.9.0-Jumbo-1
john,raw-SHA512-opencl,,SHA512 OpenCL,1.9.0-Jumbo-1,2019-05-14,no,,yes,1.9.0-Jumbo-1
john,restic,,"scrypt Salsa20/8 128/128 AVX512VL, Poly1305",,,,2020-12-27,no,1.9.0-Jumbo-1
john,ripemd-128,,32/64,1.8.0-jumbo-1,2014-12-18,yes,2013-04-27,yes,1.9.0-Jumbo-1
john,ripemd-160,,32/64,1.8.0-jumbo-1,2014-12-18,yes,2013-04-27,yes,1.9.0-Jumbo-1
john,rsvp,,MD5 32/64,1.8.0-jumbo-1,2014-12-18,yes,2014-10-16,yes,1.9.0-Jumbo-1
john,salted-SHA1-opencl,,SHA1 ($p.$s) OpenCL,1.9.0-Jumbo-1,2019-05-14,no,,yes,1.9.0-Jumbo-1
john,sapb,,MD5 512/512 AVX-512 16x3,1.7.9-jumbo-3,2011-12-16,no,,yes,1.9.0-Jumbo-1
john,sapg,,SHA1 512/512 AVX-512 16x,1.7.9-jumbo-3,2011-12-16,no,,yes,1.9.0-Jumbo-1
john,saph,,SHA-1/SHA-2 512/512 AVX-512 16x,1.9.0-Jumbo-1,2019-05-14,yes,2014-12-20,yes,1.9.0-Jumbo-1
john,sappse,,PKCS#12 PBE (SHA1) 512/512 AVX-512 16x 3DES,1.9.0-Jumbo-1,2019-05-14,yes,2018-07-16,yes,1.9.0-Jumbo-1
john,sappse-opencl,,PKCS#12 PBE (SHA1) OpenCL,1.9.0-Jumbo-1,2019-05-14,yes,2018-07-15,yes,1.9.0-Jumbo-1
john,scrypt,,Salsa20/8 128/128 AVX512VL,1.8.0-jumbo-1,2014-12-18,yes,2013-05-19,yes,1.9.0-Jumbo-1
john,securezip,,SHA1 AES 32/64,1.9.0-Jumbo-1,2019-05-14,yes,2017-11-03,yes,1.9.0-Jumbo-1
john,sha1crypt,,PBKDF1-SHA1 512/512 AVX-512 16x,1.8.0-jumbo-1,2014-12-18,yes,2014-05-29,yes,1.9.0-Jumbo-1
john,sha1crypt-opencl,,PBKDF1-SHA1 OpenCL,1.8.0-jumbo-1,2014-12-18,yes,2014-08-28,yes,1.9.0-Jumbo-1
john,sha256crypt,,SHA256 512/512 AVX-512 16x,1.7.9-jumbo-6,2012-06-29,no,,yes,1.9.0-Jumbo-1
john,sha256crypt-opencl,,SHA256 OpenCL,1.8.0-jumbo-1,2014-12-18,yes,2012-07-20,yes,1.9.0-Jumbo-1
john,sha256crypt-ztex,,sha256crypt ZTEX,,,,,no,1.9.0-Jumbo-1
john,sha512crypt,,SHA512 512/512 AVX-512 8x,1.7.9-jumbo-6,2012-06-29,no,,yes,1.9.0-Jumbo-1
john,sha512crypt-opencl,,SHA512 OpenCL,1.7.9-jumbo-6,2012-06-29,no,,yes,1.9.0-Jumbo-1
john,sha512crypt-ztex,,sha512crypt ZTEX,,,,,no,1.9.0-Jumbo-1
john,skein-256,,Skein 32/64,1.8.0-jumbo-1,2014-12-18,yes,2013-05-18,yes,1.9.0-Jumbo-1
john,skein-512,,Skein 32/64,1.8.0-jumbo-1,2014-12-18,yes,2013-05-18,yes,1.9.0-Jumbo-1
john,skey,,MD4/MD5/SHA1/RMD160 32/64,1.7.9-jumbo-3,2011-12-16,no,,yes,1.9.0-Jumbo-1
john,sm3crypt,,SM3 32/64,,,,2025-11-17,no,1.9.0-Jumbo-1
john,sm3crypt-opencl,,SM3 OpenCL,,,,2025-11-17,no,1.9.0-Jumbo-1
john,solarwinds,,PBKDF2-SHA1 512/512 AVX-512 16x,1.9.0-Jumbo-1,2019-05-14,yes,2018-11-03,yes,1.9.0-Jumbo-1
john,solarwinds-opencl,,PBKDF2-SHA1 OpenCL,1.9.0-Jumbo-1,2019-05-14,yes,2018-11-03,yes,1.9.0-Jumbo-1
john,ssh-opencl,,MD5/[3]DES/AES OpenCL,1.9.0-Jumbo-1,2019-05-14,yes,2018-07-25,yes,1.9.0-Jumbo-1
john,sspr,,MD5/SHA1/SHA256/SHA512 32/64,1.9.0-Jumbo-1,2019-05-14,yes,2017-11-13,yes,1.9.0-Jumbo-1
john,sspr-opencl,,MD5/SHA1/SHA2 OpenCL,1.9.0-Jumbo-1,2019-05-14,yes,2018-01-04,yes,1.9.0-Jumbo-1
john,streebog256crypt,,GOST R 34.11-2012 128/128 AVX 1x,,,,,no,1.9.0-Jumbo-1
john,streebog256crypt-opencl,,GOST R 34.11-2012 OpenCL,,,,,no,1.9.0-Jumbo-1
john,streebog512crypt,,GOST R 34.11-2012 128/128 AVX 1x,,,,,no,1.9.0-Jumbo-1
john,streebog512crypt-opencl,,GOST R 34.11-2012 OpenCL,,,,,no,1.9.0-Jumbo-1
john,strip-opencl,,PBKDF2-SHA1 AES OpenCL,1.8.0-jumbo-1,2014-12-18,yes,2012-09-09,yes,1.9.0-Jumbo-1
john,tacacs-plus,,MD5 32/64,1.9.0-Jumbo-1,2019-05-14,yes,2017-11-26,yes,1.9.0-Jumbo-1
john,tc_aes_xts,,SHA512/RIPEMD160/WHIRLPOOL 512/512 AVX-512 8x,1.8.0-jumbo-1,2014-12-18,yes,2014-12-13,yes,1.9.0-Jumbo-1
john,tc_ripemd160,,RIPEMD160 32/64,1.8.0-jumbo-1,2014-12-18,yes,2012-07-22,yes,1.9.0-Jumbo-1
john,tc_ripemd160boot,,RIPEMD160 32/64,1.9.0-Jumbo-1,2019-05-14,no,,yes,1.9.0-Jumbo-1
john,tc_sha512,,SHA512 512/512 AVX-512 8x,1.8.0-jumbo-1,2014-12-18,yes,2012-07-22,yes,1.9.0-Jumbo-1
john,tc_whirlpool,,WHIRLPOOL 32/64,1.8.0-jumbo-1,2014-12-18,yes,2012-07-22,yes,1.9.0-Jumbo-1
john,tcp-md5,,MD5 32/64,1.8.0-jumbo-1,2014-12-18,yes,2013-10-28,yes,1.9.0-Jumbo-1
john,telegram,,PBKDF2-SHA1/SHA512 512/512 AVX-512 16x AES,1.9.0-Jumbo-1,2019-05-14,yes,2018-07-02,yes,1.9.0-Jumbo-1
john,telegram-opencl,,PBKDF2-SHA1 AES OpenCL,1.9.0-Jumbo-1,2019-05-14,yes,2018-07-05,yes,1.9.0-Jumbo-1
john,tezos,,PBKDF2-SHA512 512/512 AVX-512 8x,1.9.0-Jumbo-1,2019-05-14,yes,2018-07-22,yes,1.9.0-Jumbo-1
john,tezos-opencl,,PBKDF2-SHA512 OpenCL,1.9.0-Jumbo-1,2019-05-14,yes,2018-07-24,yes,1.9.0-Jumbo-1
john,timeroast,,MD4+MD5 32/64,,,,2023-03-02,no,1.9.0-Jumbo-1
john,timeroast-opencl,,MD4+MD5 OpenCL,,,,2023-03-02,no,1.9.0-Jumbo-1
john,tripcode,,DES 512/512 AVX512F,1.9.0-Jumbo-1,2019-05-14,yes,2011-10-16,yes,1.9.0-Jumbo-1
john,vdi,,PBKDF2-SHA256 512/512 AVX-512 16x + AES_XTS,1.9.0-Jumbo-1,2019-05-14,yes,2015-12-11,yes,1.9.0-Jumbo-1
john,vmx,,PBKDF2-SHA1 AES 512/512 AVX-512 16x,1.9.0-Jumbo-1,2019-05-14,yes,2019-02-03,yes,1.9.0-Jumbo-1
john,vmx-opencl,,PBKDF2-SHA1 AES OpenCL,1.9.0-Jumbo-1,2019-05-14,yes,2019-02-03,yes,1.9.0-Jumbo-1
john,vtp,,MD5 32/64,1.8.0-jumbo-1,2014-12-18,yes,2014-10-07,yes,1.9.0-Jumbo-1
john,wbb3,,SHA1 32/64,1.7.9-jumbo-6,2012-06-29,yes,2012-05-21,yes,1.9.0-Jumbo-1
john,whirlpool,,WHIRLPOOL 32/64,1.8.0-jumbo-1,2014-12-18,yes,2012-07-22,yes,1.9.0-Jumbo-1
john,whirlpool0,,WHIRLPOOL-0 32/64,1.8.0-jumbo-1,2014-12-18,yes,2013-04-28,yes,1.9.0-Jumbo-1
john,whirlpool1,,WHIRLPOOL-1 32/64,1.8.0-jumbo-1,2014-12-18,yes,2013-04-28,yes,1.9.0-Jumbo-1
john,wpapsk,,PBKDF2-SHA1 512/512 AVX-512 16x HMAC-SHA256/AES-CMAC 32/64,1.7.9-jumbo-6,2012-06-29,yes,2012-04-13,yes,1.9.0-Jumbo-1
john,wpapsk-opencl,,PBKDF2-SHA1 HMAC-SHA256/AES-CMAC OpenCL,1.7.9-jumbo-6,2012-06-29,yes,2012-04-13,yes,1.9.0-Jumbo-1
john,wpapsk-pmk,,MD5/SHA-1/HMAC-SHA256/AES-CMAC 32/64,1.9.0-Jumbo-1,2019-05-14,yes,2017-09-14,yes,1.9.0-Jumbo-1
john,wpapsk-pmk-opencl,,MD5/SHA-1/HMAC-SHA256/AES-CMAC OpenCL,1.9.0-Jumbo-1,2019-05-14,yes,2017-09-14,yes,1.9.0-Jumbo-1
john,xsha,,SHA1 ($s.$p)512/512 AVX-512 16x,1.7.9-jumbo-3,2011-12-16,no,,yes,1.9.0-Jumbo-1
john,xsha512,,SHA512 ($s.$p) 512/512 AVX-512 8x,1.7.9-jumbo-3,2011-12-16,no,,yes,1.9.0-Jumbo-1
john,zed,,PKCS#12 PBE (SHA1/SHA256) 512/512 AVX-512 16x,,,,2019-11-27,no,1.9.0-Jumbo-1
john,zed-opencl,,PKCS#12 PBE (SHA1/SHA256) OpenCL,,,,2019-11-27,no,1.9.0-Jumbo-1
mdxfind,MD5,e1,MD5,v1.213,2026-03-23,no,2026-03-23,yes,v1.596
mdxfind,MD5UC,e2,MD5UC,v1.213,2026-03-23,no,2026-03-23,yes,v1.596
mdxfind,MD4,e3,MD4,v1.213,2026-03-23,no,2026-03-23,yes,v1.596
mdxfind,MD2,e4,MD2,v1.213,2026-03-23,no,2026-03-23,yes,v1.596
mdxfind,WRL,e5,WRL,v1.213,2026-03-23,no,2026-03-23,yes,v1.596
mdxfind,HAV128,e6,HAV128,v1.213,2026-03-23,no,2026-03-23,yes,v1.596
mdxfind,SHA0,e7,SHA0,v1.213,2026-03-23,no,2026-03-23,yes,v1.596
mdxfind,SHA1,e8,SHA1,v1.213,2026-03-23,no,2026-03-23,yes,v1.596
mdxfind,SHA224,e9,SHA224,v1.213,2026-03-23,no,2026-03-23,yes,v1.596
mdxfind,SHA256,e10,SHA256,v1.213,2026-03-23,no,2026-03-23,yes,v1.596
mdxfind,SHA384,e11,SHA384,v1.213,2026-03-23,no,2026-03-23,yes,v1.596
mdxfind,SHA512,e12,SHA512,v1.213,2026-03-23,no,2026-03-23,yes,v1.596
mdxfind,GOST,e13,GOST,v1.213,2026-03-23,no,2026-03-23,yes,v1.596
mdxfind,GOST-CRYPTO,e14,GOST-CRYPTO,v1.213,2026-03-23,no,2026-03-23,yes,v1.596
mdxfind,HAV256,e15,HAV256,v1.213,2026-03-23,no,2026-03-23,yes,v1.596
mdxfind,RMD128,e16,RMD128,v1.213,2026-03-23,no,2026-03-23,yes,v1.596
mdxfind,RMD160,e17,RMD160,v1.213,2026-03-23,no,2026-03-23,yes,v1.596
mdxfind,TIGER,e18,TIGER,v1.213,2026-03-23,no,2026-03-23,yes,v1.596
mdxfind,TTH,e19,TTH,v1.213,2026-03-23,no,2026-03-23,yes,v1.596
mdxfind,ED2K,e20,ED2K,v1.213,2026-03-23,no,2026-03-23,yes,v1.596
mdxfind,AICH,e21,AICH,v1.213,2026-03-23,no,2026-03-23,yes,v1.596
mdxfind,HAS160,e22,HAS160,v1.213,2026-03-23,no,2026-03-23,yes,v1.596
mdxfind,EDON256,e23,EDON256,v1.213,2026-03-23,no,2026-03-23,yes,v1.596
mdxfind,EDON512,e24,EDON512,v1.213,2026-03-23,no,2026-03-23,yes,v1.596
mdxfind,SNE128,e25,SNE128,v1.213,2026-03-23,no,2026-03-23,yes,v1.596
mdxfind,SNE256,e26,SNE256,v1.213,2026-03-23,no,2026-03-23,yes,v1.596
mdxfind,MD6,e27,MD6,v1.213,2026-03-23,no,2026-03-23,yes,v1.596
mdxfind,MD6128,e28,MD6128,v1.213,2026-03-23,no,2026-03-23,yes,v1.596
mdxfind,MD6256,e29,MD6256,v1.213,2026-03-23,no,2026-03-23,yes,v1.596
mdxfind,MD6512,e30,MD6512,v1.213,2026-03-23,no,2026-03-23,yes,v1.596
mdxfind,MD5SALT,e31,MD5SALT,v1.213,2026-03-23,no,2026-03-23,yes,v1.596
mdxfind,MDC2,e32,MDC2,v1.213,2026-03-23,no,2026-03-23,yes,v1.596
mdxfind,MD5RAW,e33,MD5RAW,v1.213,2026-03-23,no,2026-03-23,yes,v1.596
mdxfind,SHA1RAW,e34,SHA1RAW,v1.213,2026-03-23,no,2026-03-23,yes,v1.596
mdxfind,SHA224RAW,e35,SHA224RAW,v1.213,2026-03-23,no,2026-03-23,yes,v1.596
mdxfind,SHA256RAW,e36,SHA256RAW,v1.213,2026-03-23,no,2026-03-23,yes,v1.596
mdxfind,SHA384RAW,e37,SHA384RAW,v1.213,2026-03-23,no,2026-03-23,yes,v1.596
mdxfind,SHA512RAW,e38,SHA512RAW,v1.213,2026-03-23,no,2026-03-23,yes,v1.596
mdxfind,HAV128-4,e39,HAV128-4,v1.213,2026-03-23,no,2026-03-23,yes,v1.596
mdxfind,HAV128-5,e40,HAV128-5,v1.213,2026-03-23,no,2026-03-23,yes,v1.596
mdxfind,HAV160-3,e41,HAV160-3,v1.213,2026-03-23,no,2026-03-23,yes,v1.596
mdxfind,HAV160-4,e42,HAV160-4,v1.213,2026-03-23,no,2026-03-23,yes,v1.596
mdxfind,HAV160-5,e43,HAV160-5,v1.213,2026-03-23,no,2026-03-23,yes,v1.596
mdxfind,HAV192-3,e44,HAV192-3,v1.213,2026-03-23,no,2026-03-23,yes,v1.596
mdxfind,HAV192-4,e45,HAV192-4,v1.213,2026-03-23,no,2026-03-23,yes,v1.596
mdxfind,HAV192-5,e46,HAV192-5,v1.213,2026-03-23,no,2026-03-23,yes,v1.596
mdxfind,HAV224-3,e47,HAV224-3,v1.213,2026-03-23,no,2026-03-23,yes,v1.596
mdxfind,HAV224-4,e48,HAV224-4,v1.213,2026-03-23,no,2026-03-23,yes,v1.596
mdxfind,HAV224-5,e49,HAV224-5,v1.213,2026-03-23,no,2026-03-23,yes,v1.596
mdxfind,HAV256-4,e50,HAV256-4,v1.213,2026-03-23,no,2026-03-23,yes,v1.596
mdxfind,HAV256-5,e51,HAV256-5,v1.213,2026-03-23,no,2026-03-23,yes,v1.596
mdxfind,BLAKE224,e52,BLAKE224,v1.213,2026-03-23,no,2026-03-23,yes,v1.596
mdxfind,BLAKE256,e53,BLAKE256,v1.213,2026-03-23,no,2026-03-23,yes,v1.596
mdxfind,BLAKE384,e54,BLAKE384,v1.213,2026-03-23,no,2026-03-23,yes,v1.596
mdxfind,BLAKE512,e55,BLAKE512,v1.213,2026-03-23,no,2026-03-23,yes,v1.596
mdxfind,BMW224,e56,BMW224,v1.213,2026-03-23,no,2026-03-23,yes,v1.596
mdxfind,BMW256,e57,BMW256,v1.213,2026-03-23,no,2026-03-23,yes,v1.596
mdxfind,BMW384,e58,BMW384,v1.213,2026-03-23,no,2026-03-23,yes,v1.596
mdxfind,BMW512,e59,BMW512,v1.213,2026-03-23,no,2026-03-23,yes,v1.596
mdxfind,CUBE224,e60,CUBE224,v1.213,2026-03-23,no,2026-03-23,yes,v1.596
mdxfind,CUBE256,e61,CUBE256,v1.213,2026-03-23,no,2026-03-23,yes,v1.596
mdxfind,CUBE384,e62,CUBE384,v1.213,2026-03-23,no,2026-03-23,yes,v1.596
mdxfind,CUBE512,e63,CUBE512,v1.213,2026-03-23,no,2026-03-23,yes,v1.596
mdxfind,ECHO224,e64,ECHO224,v1.213,2026-03-23,no,2026-03-23,yes,v1.596
mdxfind,ECHO256,e65,ECHO256,v1.213,2026-03-23,no,2026-03-23,yes,v1.596
mdxfind,ECHO384,e66,ECHO384,v1.213,2026-03-23,no,2026-03-23,yes,v1.596
mdxfind,ECHO512,e67,ECHO512,v1.213,2026-03-23,no,2026-03-23,yes,v1.596
mdxfind,FUGUE224,e68,FUGUE224,v1.213,2026-03-23,no,2026-03-23,yes,v1.596
mdxfind,FUGUE256,e69,FUGUE256,v1.213,2026-03-23,no,2026-03-23,yes,v1.596
mdxfind,FUGUE384,e70,FUGUE384,v1.213,2026-03-23,no,2026-03-23,yes,v1.596
mdxfind,FUGUE512,e71,FUGUE512,v1.213,2026-03-23,no,2026-03-23,yes,v1.596
mdxfind,GROESTL224,e72,GROESTL224,v1.213,2026-03-23,no,2026-03-23,yes,v1.596
mdxfind,GROESTL256,e73,GROESTL256,v1.213,2026-03-23,no,2026-03-23,yes,v1.596
mdxfind,GROESTL384,e74,GROESTL384,v1.213,2026-03-23,no,2026-03-23,yes,v1.596
mdxfind,GROESTL512,e75,GROESTL512,v1.213,2026-03-23,no,2026-03-23,yes,v1.596
mdxfind,HAMSI224,e76,HAMSI224,v1.213,2026-03-23,no,2026-03-23,yes,v1.596
mdxfind,HAMSI256,e77,HAMSI256,v1.213,2026-03-23,no,2026-03-23,yes,v1.596
mdxfind,HAMSI384,e78,HAMSI384,v1.213,2026-03-23,no,2026-03-23,yes,v1.596
mdxfind,HAMSI512,e79,HAMSI512,v1.213,2026-03-23,no,2026-03-23,yes,v1.596
mdxfind,JH224,e80,JH224,v1.213,2026-03-23,no,2026-03-23,yes,v1.596
mdxfind,JH256,e81,JH256,v1.213,2026-03-23,no,2026-03-23,yes,v1.596
mdxfind,JH384,e82,JH384,v1.213,2026-03-23,no,2026-03-23,yes,v1.596
mdxfind,JH512,e83,JH512,v1.213,2026-03-23,no,2026-03-23,yes,v1.596
mdxfind,KECCAK224,e84,KECCAK224,v1.213,2026-03-23,no,2026-03-23,yes,v1.596
mdxfind,KECCAK256,e85,KECCAK256,v1.213,2026-03-23,no,2026-03-23,yes,v1.596
mdxfind,KECCAK384,e86,KECCAK384,v1.213,2026-03-23,no,2026-03-23,yes,v1.596
mdxfind,KECCAK512,e87,KECCAK512,v1.213,2026-03-23,no,2026-03-23,yes,v1.596
mdxfind,SHA3-224,e88,SHA3-224,v1.213,2026-03-23,no,2026-03-23,yes,v1.596
mdxfind,SHA3-256,e89,SHA3-256,v1.213,2026-03-23,no,2026-03-23,yes,v1.596
mdxfind,SHA3-384,e90,SHA3-384,v1.213,2026-03-23,no,2026-03-23,yes,v1.596
mdxfind,SHA3-512,e91,SHA3-512,v1.213,2026-03-23,no,2026-03-23,yes,v1.596
mdxfind,LUFFA224,e92,LUFFA224,v1.213,2026-03-23,no,2026-03-23,yes,v1.596
mdxfind,LUFFA256,e93,LUFFA256,v1.213,2026-03-23,no,2026-03-23,yes,v1.596
mdxfind,LUFFA384,e94,LUFFA384,v1.213,2026-03-23,no,2026-03-23,yes,v1.596
mdxfind,LUFFA512,e95,LUFFA512,v1.213,2026-03-23,no,2026-03-23,yes,v1.596
mdxfind,PANAMA,e96,PANAMA,v1.213,2026-03-23,no,2026-03-23,yes,v1.596
mdxfind,RADIOGATUN32,e97,RADIOGATUN32,v1.213,2026-03-23,no,2026-03-23,yes,v1.596
mdxfind,RADIOGATUN64,e98,RADIOGATUN64,v1.213,2026-03-23,no,2026-03-23,yes,v1.596
mdxfind,SHABAL224,e99,SHABAL224,v1.213,2026-03-23,no,2026-03-23,yes,v1.596
mdxfind,SHABAL256,e100,SHABAL256,v1.213,2026-03-23,no,2026-03-23,yes,v1.596
mdxfind,SHABAL384,e101,SHABAL384,v1.213,2026-03-23,no,2026-03-23,yes,v1.596
mdxfind,SHABAL512,e102,SHABAL512,v1.213,2026-03-23,no,2026-03-23,yes,v1.596
mdxfind,SHAVITE224,e103,SHAVITE224,v1.213,2026-03-23,no,2026-03-23,yes,v1.596
mdxfind,SHAVITE256,e104,SHAVITE256,v1.213,2026-03-23,no,2026-03-23,yes,v1.596
mdxfind,SHAVITE384,e105,SHAVITE384,v1.213,2026-03-23,no,2026-03-23,yes,v1.596
mdxfind,SHAVITE512,e106,SHAVITE512,v1.213,2026-03-23,no,2026-03-23,yes,v1.596
mdxfind,SIMD224,e107,SIMD224,v1.213,2026-03-23,no,2026-03-23,yes,v1.596
mdxfind,SIMD256,e108,SIMD256,v1.213,2026-03-23,no,2026-03-23,yes,v1.596
mdxfind,SIMD384,e109,SIMD384,v1.213,2026-03-23,no,2026-03-23,yes,v1.596
mdxfind,SIMD512,e110,SIMD512,v1.213,2026-03-23,no,2026-03-23,yes,v1.596
mdxfind,SKEIN224,e111,SKEIN224,v1.213,2026-03-23,no,2026-03-23,yes,v1.596
mdxfind,SKEIN256,e112,SKEIN256,v1.213,2026-03-23,no,2026-03-23,yes,v1.596
mdxfind,SKEIN384,e113,SKEIN384,v1.213,2026-03-23,no,2026-03-23,yes,v1.596
mdxfind,SKEIN512,e114,SKEIN512,v1.213,2026-03-23,no,2026-03-23,yes,v1.596
mdxfind,TIGER2,e115,TIGER2,v1.213,2026-03-23,no,2026-03-23,yes,v1.596
mdxfind,WRL0,e116,WRL0,v1.213,2026-03-23,no,2026-03-23,yes,v1.596
mdxfind,WRL1,e117,WRL1,v1.213,2026-03-23,no,2026-03-23,yes,v1.596
mdxfind,RIPEMD,e118,RIPEMD,v1.213,2026-03-23,no,2026-03-23,yes,v1.596
mdxfind,MD2MD5,e119,MD2MD5,v1.213,2026-03-23,no,2026-03-23,yes,v1.596
mdxfind,MD2MD5PASS,e120,MD2MD5PASS,v1.213,2026-03-23,no,2026-03-23,yes,v1.596
mdxfind,MD4MD5,e121,MD4MD5,v1.213,2026-03-23,no,2026-03-23,yes,v1.596
mdxfind,MD4MD5PASS,e122,MD4MD5PASS,v1.213,2026-03-23,no,2026-03-23,yes,v1.596
mdxfind,MD5MD5PASS,e123,MD5MD5PASS,v1.213,2026-03-23,no,2026-03-23,yes,v1.596
mdxfind,GOSTMD5,e124,GOSTMD5,v1.213,2026-03-23,no,2026-03-23,yes,v1.596
mdxfind,GOSTMD5PASS,e125,GOSTMD5PASS,v1.213,2026-03-23,no,2026-03-23,yes,v1.596
mdxfind,HAV128MD5,e126,HAV128MD5,v1.213,2026-03-23,no,2026-03-23,yes,v1.596
mdxfind,HAV128MD5PASS,e127,HAV128MD5PASS,v1.213,2026-03-23,no,2026-03-23,yes,v1.596
mdxfind,HAV128-4MD5,e128,HAV128-4MD5,v1.213,2026-03-23,no,2026-03-23,yes,v1.596
mdxfind,HAV128-4MD5PASS,e129,HAV128-4MD5PASS,v1.213,2026-03-23,no,2026-03-23,yes,v1.596
mdxfind,HAV128-5MD5,e130,HAV128-5MD5,v1.213,2026-03-23,no,2026-03-23,yes,v1.596
mdxfind,HAV128-5MD5PASS,e131,HAV128-5MD5PASS,v1.213,2026-03-23,no,2026-03-23,yes,v1.596
mdxfind,HAV160-3MD5,e132,HAV160-3MD5,v1.213,2026-03-23,no,2026-03-23,yes,v1.596
mdxfind,HAV160-3MD5PASS,e133,HAV160-3MD5PASS,v1.213,2026-03-23,no,2026-03-23,yes,v1.596
mdxfind,HAV160-4MD5,e134,HAV160-4MD5,v1.213,2026-03-23,no,2026-03-23,yes,v1.596
mdxfind,HAV160-4MD5PASS,e135,HAV160-4MD5PASS,v1.213,2026-03-23,no,2026-03-23,yes,v1.596
mdxfind,HAV160-5MD5,e136,HAV160-5MD5,v1.213,2026-03-23,no,2026-03-23,yes,v1.596
mdxfind,HAV160-5MD5PASS,e137,HAV160-5MD5PASS,v1.213,2026-03-23,no,2026-03-23,yes,v1.596
mdxfind,HAV192-3MD5,e138,HAV192-3MD5,v1.213,2026-03-23,no,2026-03-23,yes,v1.596
mdxfind,HAV192-3MD5PASS,e139,HAV192-3MD5PASS,v1.213,2026-03-23,no,2026-03-23,yes,v1.596
mdxfind,HAV192-4MD5,e140,HAV192-4MD5,v1.213,2026-03-23,no,2026-03-23,yes,v1.596
mdxfind,HAV192-4MD5PASS,e141,HAV192-4MD5PASS,v1.213,2026-03-23,no,2026-03-23,yes,v1.596
mdxfind,HAV192-5MD5,e142,HAV192-5MD5,v1.213,2026-03-23,no,2026-03-23,yes,v1.596
mdxfind,HAV192-5MD5PASS,e143,HAV192-5MD5PASS,v1.213,2026-03-23,no,2026-03-23,yes,v1.596
mdxfind,HAV224-3MD5,e144,HAV224-3MD5,v1.213,2026-03-23,no,2026-03-23,yes,v1.596
mdxfind,HAV224-3MD5PASS,e145,HAV224-3MD5PASS,v1.213,2026-03-23,no,2026-03-23,yes,v1.596
mdxfind,HAV224-4MD5,e146,HAV224-4MD5,v1.213,2026-03-23,no,2026-03-23,yes,v1.596
mdxfind,HAV224-4MD5PASS,e147,HAV224-4MD5PASS,v1.213,2026-03-23,no,2026-03-23,yes,v1.596
mdxfind,HAV224-5MD5,e148,HAV224-5MD5,v1.213,2026-03-23,no,2026-03-23,yes,v1.596
mdxfind,HAV224-5MD5PASS,e149,HAV224-5MD5PASS,v1.213,2026-03-23,no,2026-03-23,yes,v1.596
mdxfind,HAV256MD5,e150,HAV256MD5,v1.213,2026-03-23,no,2026-03-23,yes,v1.596
mdxfind,HAV256MD5PASS,e151,HAV256MD5PASS,v1.213,2026-03-23,no,2026-03-23,yes,v1.596
mdxfind,HAV256-4MD5,e152,HAV256-4MD5,v1.213,2026-03-23,no,2026-03-23,yes,v1.596
mdxfind,HAV256-4MD5PASS,e153,HAV256-4MD5PASS,v1.213,2026-03-23,no,2026-03-23,yes,v1.596
mdxfind,HAV256-5MD5,e154,HAV256-5MD5,v1.213,2026-03-23,no,2026-03-23,yes,v1.596
mdxfind,HAV256-5MD5PASS,e155,HAV256-5MD5PASS,v1.213,2026-03-23,no,2026-03-23,yes,v1.596
mdxfind,RMD128MD5,e156,RMD128MD5,v1.213,2026-03-23,no,2026-03-23,yes,v1.596
mdxfind,RMD128MD5PASS,e157,RMD128MD5PASS,v1.213,2026-03-23,no,2026-03-23,yes,v1.596
mdxfind,RMD160MD5,e158,RMD160MD5,v1.213,2026-03-23,no,2026-03-23,yes,v1.596
mdxfind,RMD160MD5PASS,e159,RMD160MD5PASS,v1.213,2026-03-23,no,2026-03-23,yes,v1.596
mdxfind,SHA1MD5,e160,SHA1MD5,v1.213,2026-03-23,no,2026-03-23,yes,v1.596
mdxfind,SHA1MD5PASS,e161,SHA1MD5PASS,v1.213,2026-03-23,no,2026-03-23,yes,v1.596
mdxfind,SHA224MD5,e162,SHA224MD5,v1.213,2026-03-23,no,2026-03-23,yes,v1.596
mdxfind,SHA224MD5PASS,e163,SHA224MD5PASS,v1.213,2026-03-23,no,2026-03-23,yes,v1.596
mdxfind,SHA256MD5,e164,SHA256MD5,v1.213,2026-03-23,no,2026-03-23,yes,v1.596
mdxfind,SHA256MD5PASS,e165,SHA256MD5PASS,v1.213,2026-03-23,no,2026-03-23,yes,v1.596
mdxfind,SHA384MD5,e166,SHA384MD5,v1.213,2026-03-23,no,2026-03-23,yes,v1.596
mdxfind,SHA384MD5PASS,e167,SHA384MD5PASS,v1.213,2026-03-23,no,2026-03-23,yes,v1.596
mdxfind,SHA512MD5,e168,SHA512MD5,v1.213,2026-03-23,no,2026-03-23,yes,v1.596
mdxfind,SHA512MD5PASS,e169,SHA512MD5PASS,v1.213,2026-03-23,no,2026-03-23,yes,v1.596
mdxfind,TIGERMD5,e170,TIGERMD5,v1.213,2026-03-23,no,2026-03-23,yes,v1.596
mdxfind,TIGERMD5PASS,e171,TIGERMD5PASS,v1.213,2026-03-23,no,2026-03-23,yes,v1.596
mdxfind,WRLMD5,e172,WRLMD5,v1.213,2026-03-23,no,2026-03-23,yes,v1.596
mdxfind,WRLMD5PASS,e173,WRLMD5PASS,v1.213,2026-03-23,no,2026-03-23,yes,v1.596
mdxfind,SNE128MD5,e174,SNE128MD5,v1.213,2026-03-23,no,2026-03-23,yes,v1.596
mdxfind,SNE128MD5PASS,e175,SNE128MD5PASS,v1.213,2026-03-23,no,2026-03-23,yes,v1.596
mdxfind,SNE256MD5,e176,SNE256MD5,v1.213,2026-03-23,no,2026-03-23,yes,v1.596
mdxfind,SNE256MD5PASS,e177,SNE256MD5PASS,v1.213,2026-03-23,no,2026-03-23,yes,v1.596
mdxfind,MD5SHA1,e178,MD5SHA1,v1.213,2026-03-23,no,2026-03-23,yes,v1.596
mdxfind,MD5SHA256,e179,MD5SHA256,v1.213,2026-03-23,no,2026-03-23,yes,v1.596
mdxfind,MD5SHA512,e180,MD5SHA512,v1.213,2026-03-23,no,2026-03-23,yes,v1.596
mdxfind,SHA1PASSSHA1,e181,SHA1PASSSHA1,v1.213,2026-03-23,no,2026-03-23,yes,v1.596
mdxfind,SHA1UC,e182,SHA1UC,v1.213,2026-03-23,no,2026-03-23,yes,v1.596
mdxfind,MD5HEXSALT,e183,MD5HEXSALT,v1.213,2026-03-23,no,2026-03-23,yes,v1.596
mdxfind,SHA1HEXSALT,e184,SHA1HEXSALT,v1.213,2026-03-23,no,2026-03-23,yes,v1.596
mdxfind,SHA256HEXSALT,e185,SHA256HEXSALT,v1.213,2026-03-23,no,2026-03-23,yes,v1.596
mdxfind,GOSTHEXSALT,e186,GOSTHEXSALT,v1.213,2026-03-23,no,2026-03-23,yes,v1.596
mdxfind,HAV128HEXSALT,e187,HAV128HEXSALT,v1.213,2026-03-23,no,2026-03-23,yes,v1.596
mdxfind,MD5SHA1MD5,e188,MD5SHA1MD5,v1.213,2026-03-23,no,2026-03-23,yes,v1.596
mdxfind,MD5SHA1MD5SHA1,e189,MD5SHA1MD5SHA1,v1.213,2026-03-23,no,2026-03-23,yes,v1.596
mdxfind,MD5SHA1MD5SHA1SHA1,e190,MD5SHA1MD5SHA1SHA1,v1.213,2026-03-23,no,2026-03-23,yes,v1.596
mdxfind,SHA1MD5SHA1,e191,SHA1MD5SHA1,v1.213,2026-03-23,no,2026-03-23,yes,v1.596
mdxfind,SHA1MD5SHA1MD5,e192,SHA1MD5SHA1MD5,v1.213,2026-03-23,no,2026-03-23,yes,v1.596
mdxfind,MD5HAV160-3,e193,MD5HAV160-3,v1.213,2026-03-23,no,2026-03-23,yes,v1.596
mdxfind,MD5SHA1HAV160-4,e194,MD5SHA1HAV160-4,v1.213,2026-03-23,no,2026-03-23,yes,v1.596
mdxfind,MD5SHA1MD5SHA1MD5,e195,MD5SHA1MD5SHA1MD5,v1.213,2026-03-23,no,2026-03-23,yes,v1.596
mdxfind,MD5RMD160,e196,MD5RMD160,v1.213,2026-03-23,no,2026-03-23,yes,v1.596
mdxfind,MD5SHA1SHA256,e197,MD5SHA1SHA256,v1.213,2026-03-23,no,2026-03-23,yes,v1.596
mdxfind,SHA256SHA512,e198,SHA256SHA512,v1.213,2026-03-23,no,2026-03-23,yes,v1.596
mdxfind,MD5WRL,e199,MD5WRL,v1.213,2026-03-23,no,2026-03-23,yes,v1.596
mdxfind,MD5SHA1SHA1RAW,e200,MD5SHA1SHA1RAW,v1.213,2026-03-23,no,2026-03-23,yes,v1.596
mdxfind,MD5PASSMD5,e201,MD5PASSMD5,v1.213,2026-03-23,no,2026-03-23,yes,v1.596
mdxfind,MD5-DBL-PASS,e202,MD5-DBL-PASS,v1.213,2026-03-23,no,2026-03-23,yes,v1.596
mdxfind,SHA1MD5UC,e203,SHA1MD5UC,v1.213,2026-03-23,no,2026-03-23,yes,v1.596
mdxfind,SHA1MD5SHA1MD5SHA1MD5,e204,SHA1MD5SHA1MD5SHA1MD5,v1.213,2026-03-23,no,2026-03-23,yes,v1.596
mdxfind,MD5SQL5,e205,MD5SQL5,v1.213,2026-03-23,no,2026-03-23,yes,v1.596
mdxfind,SHA1SQL5,e206,SHA1SQL5,v1.213,2026-03-23,no,2026-03-23,yes,v1.596
mdxfind,MD5MD5UCMD5,e207,MD5MD5UCMD5,v1.213,2026-03-23,no,2026-03-23,yes,v1.596
mdxfind,HMAC-MD2,e208,HMAC-MD2,v1.213,2026-03-23,no,2026-03-23,yes,v1.596
mdxfind,HMAC-MD4,e209,HMAC-MD4,v1.213,2026-03-23,no,2026-03-23,yes,v1.596
mdxfind,HMAC-RMD128,e210,HMAC-RMD128,v1.213,2026-03-23,no,2026-03-23,yes,v1.596
mdxfind,HMAC-RMD160,e211,HMAC-RMD160,v1.213,2026-03-23,no,2026-03-23,yes,v1.596
mdxfind,HMAC-RMD256,e212,HMAC-RMD256,v1.213,2026-03-23,no,2026-03-23,yes,v1.596
mdxfind,HMAC-RMD320,e213,HMAC-RMD320,v1.213,2026-03-23,no,2026-03-23,yes,v1.596
mdxfind,HMAC-MD5,e214,HMAC-MD5,v1.213,2026-03-23,no,2026-03-23,yes,v1.596
mdxfind,HMAC-SHA1,e215,HMAC-SHA1,v1.213,2026-03-23,no,2026-03-23,yes,v1.596
mdxfind,HMAC-SHA224,e216,HMAC-SHA224,v1.213,2026-03-23,no,2026-03-23,yes,v1.596
mdxfind,HMAC-SHA256,e217,HMAC-SHA256,v1.213,2026-03-23,no,2026-03-23,yes,v1.596
mdxfind,HMAC-SHA512,e218,HMAC-SHA512,v1.213,2026-03-23,no,2026-03-23,yes,v1.596
mdxfind,HMAC-HAV128,e219,HMAC-HAV128,v1.213,2026-03-23,no,2026-03-23,yes,v1.596
mdxfind,HMAC-HAV160,e220,HMAC-HAV160,v1.213,2026-03-23,no,2026-03-23,yes,v1.596
mdxfind,HMAC-HAV192,e221,HMAC-HAV192,v1.213,2026-03-23,no,2026-03-23,yes,v1.596
mdxfind,HMAC-HAV224,e222,HMAC-HAV224,v1.213,2026-03-23,no,2026-03-23,yes,v1.596
mdxfind,HMAC-HAV256,e223,HMAC-HAV256,v1.213,2026-03-23,no,2026-03-23,yes,v1.596
mdxfind,HMAC-TIGER128,e224,HMAC-TIGER128,v1.213,2026-03-23,no,2026-03-23,yes,v1.596
mdxfind,HMAC-TIGER160,e225,HMAC-TIGER160,v1.213,2026-03-23,no,2026-03-23,yes,v1.596
mdxfind,HMAC-TIGER192,e226,HMAC-TIGER192,v1.213,2026-03-23,no,2026-03-23,yes,v1.596
mdxfind,HMAC-GOST,e227,HMAC-GOST,v1.213,2026-03-23,no,2026-03-23,yes,v1.596
mdxfind,HMAC-WRL,e228,HMAC-WRL,v1.213,2026-03-23,no,2026-03-23,yes,v1.596
mdxfind,HMAC-SNE128,e229,HMAC-SNE128,v1.213,2026-03-23,no,2026-03-23,yes,v1.596
mdxfind,HMAC-SNE256,e230,HMAC-SNE256,v1.213,2026-03-23,no,2026-03-23,yes,v1.596
mdxfind,RMD128MD5MD5,e231,RMD128MD5MD5,v1.213,2026-03-23,no,2026-03-23,yes,v1.596
mdxfind,MD5BASE64,e232,MD5BASE64,v1.213,2026-03-23,no,2026-03-23,yes,v1.596
mdxfind,MD5BASE64MD5,e233,MD5BASE64MD5,v1.213,2026-03-23,no,2026-03-23,yes,v1.596
mdxfind,MD5SHA1BASE64,e234,MD5SHA1BASE64,v1.213,2026-03-23,no,2026-03-23,yes,v1.596
mdxfind,MD5SHA1MD5BASE64,e235,MD5SHA1MD5BASE64,v1.213,2026-03-23,no,2026-03-23,yes,v1.596
mdxfind,SHA1BASE64,e236,SHA1BASE64,v1.213,2026-03-23,no,2026-03-23,yes,v1.596
mdxfind,MD5BASE64MD5RAW,e237,MD5BASE64MD5RAW,v1.213,2026-03-23,no,2026-03-23,yes,v1.596
mdxfind,MD5BASE64SHA1RAW,e238,MD5BASE64SHA1RAW,v1.213,2026-03-23,no,2026-03-23,yes,v1.596
mdxfind,SHA1BASE64MD5RAW,e239,SHA1BASE64MD5RAW,v1.213,2026-03-23,no,2026-03-23,yes,v1.596
mdxfind,SHA1BASE64SHA1RAW,e240,SHA1BASE64SHA1RAW,v1.213,2026-03-23,no,2026-03-23,yes,v1.596
mdxfind,MD5BASE64SHA1RAWMD5,e241,MD5BASE64SHA1RAWMD5,v1.213,2026-03-23,no,2026-03-23,yes,v1.596
mdxfind,MD5BASE64MD5RAWSHA1,e242,MD5BASE64MD5RAWSHA1,v1.213,2026-03-23,no,2026-03-23,yes,v1.596
mdxfind,MD5BASE64MD5RAWMD5,e243,MD5BASE64MD5RAWMD5,v1.213,2026-03-23,no,2026-03-23,yes,v1.596
mdxfind,MD5BASE64MD5RAWMD5MD5,e244,MD5BASE64MD5RAWMD5MD5,v1.213,2026-03-23,no,2026-03-23,yes,v1.596
mdxfind,MD5BASE64SHA1RAWBASE64SHA1RAW,e245,MD5BASE64SHA1RAWBASE64SHA1RAW,v1.213,2026-03-23,no,2026-03-23,yes,v1.596
mdxfind,MD5SHA1UC,e246,MD5SHA1UC,v1.213,2026-03-23,no,2026-03-23,yes,v1.596
mdxfind,MD5SHA1UCMD5,e247,MD5SHA1UCMD5,v1.213,2026-03-23,no,2026-03-23,yes,v1.596
mdxfind,MD5SHA1UCMD5UC,e248,MD5SHA1UCMD5UC,v1.213,2026-03-23,no,2026-03-23,yes,v1.596
mdxfind,SHA1SHA1u32,e249,SHA1SHA1u32,v1.213,2026-03-23,no,2026-03-23,yes,v1.596
mdxfind,MD5SHA1u32,e250,MD5SHA1u32,v1.213,2026-03-23,no,2026-03-23,yes,v1.596
mdxfind,SHA256SHA1,e251,SHA256SHA1,v1.213,2026-03-23,no,2026-03-23,yes,v1.596
mdxfind,MD5BASE64revMD5,e252,MD5BASE64revMD5,v1.213,2026-03-23,no,2026-03-23,yes,v1.596
mdxfind,MD5revMD5,e253,MD5revMD5,v1.213,2026-03-23,no,2026-03-23,yes,v1.596
mdxfind,MD5revMD5MD5,e254,MD5revMD5MD5,v1.213,2026-03-23,no,2026-03-23,yes,v1.596
mdxfind,MD5BASE64MD5MD5,e255,MD5BASE64MD5MD5,v1.213,2026-03-23,no,2026-03-23,yes,v1.596
mdxfind,MD5SQL5-40,e256,MD5SQL5-40,v1.213,2026-03-23,no,2026-03-23,yes,v1.596
mdxfind,SHA1SQL5-40,e257,SHA1SQL5-40,v1.213,2026-03-23,no,2026-03-23,yes,v1.596
mdxfind,MD5revSHA1,e258,MD5revSHA1,v1.213,2026-03-23,no,2026-03-23,yes,v1.596
mdxfind,SQL5,e259,SQL5,v1.213,2026-03-23,no,2026-03-23,yes,v1.596
mdxfind,MD5USERIDMD5,e260,MD5USERIDMD5,v1.213,2026-03-23,no,2026-03-23,yes,v1.596
mdxfind,MD5USERIDMD5MD5,e261,MD5USERIDMD5MD5,v1.213,2026-03-23,no,2026-03-23,yes,v1.596
mdxfind,MD5MD5UC,e262,MD5MD5UC,v1.213,2026-03-23,no,2026-03-23,yes,v1.596
mdxfind,MD5USERnulPASS,e263,MD5USERnulPASS,v1.213,2026-03-23,no,2026-03-23,yes,v1.596
mdxfind,RADMIN2,e264,RADMIN2,v1.213,2026-03-23,no,2026-03-23,yes,v1.596
mdxfind,MD5RADMIN2,e265,MD5RADMIN2,v1.213,2026-03-23,no,2026-03-23,yes,v1.596
mdxfind,MD5RADMIN2SHA1,e266,MD5RADMIN2SHA1,v1.213,2026-03-23,no,2026-03-23,yes,v1.596
mdxfind,RADMIN2MD5,e267,RADMIN2MD5,v1.213,2026-03-23,no,2026-03-23,yes,v1.596
mdxfind,RADMIN2MD5MD5,e268,RADMIN2MD5MD5,v1.213,2026-03-23,no,2026-03-23,yes,v1.596
mdxfind,RADMIN2MD5UC,e269,RADMIN2MD5UC,v1.213,2026-03-23,no,2026-03-23,yes,v1.596
mdxfind,RADMIN2MD5SHA1,e270,RADMIN2MD5SHA1,v1.213,2026-03-23,no,2026-03-23,yes,v1.596
mdxfind,RADMIN2SHA1,e271,RADMIN2SHA1,v1.213,2026-03-23,no,2026-03-23,yes,v1.596
mdxfind,RADMIN2SQL5-40,e272,RADMIN2SQL5-40,v1.213,2026-03-23,no,2026-03-23,yes,v1.596
mdxfind,RADMIN2BASE64,e273,RADMIN2BASE64,v1.213,2026-03-23,no,2026-03-23,yes,v1.596
mdxfind,RADMIN2SHA1MD5,e274,RADMIN2SHA1MD5,v1.213,2026-03-23,no,2026-03-23,yes,v1.596
mdxfind,RADMIN2SQL3,e275,RADMIN2SQL3,v1.213,2026-03-23,no,2026-03-23,yes,v1.596
mdxfind,RADMIN2MD5MD5MD5,e276,RADMIN2MD5MD5MD5,v1.213,2026-03-23,no,2026-03-23,yes,v1.596
mdxfind,MD5RADMIN2MD5,e277,MD5RADMIN2MD5,v1.213,2026-03-23,no,2026-03-23,yes,v1.596
mdxfind,MD51SALTMD5,e278,MD51SALTMD5,v1.213,2026-03-23,no,2026-03-23,yes,v1.596
mdxfind,SHA1RADMIN2,e279,SHA1RADMIN2,v1.213,2026-03-23,no,2026-03-23,yes,v1.596
mdxfind,SHA1RADMIN2MD5,e280,SHA1RADMIN2MD5,v1.213,2026-03-23,no,2026-03-23,yes,v1.596
mdxfind,SHA1RADMIN2BASE64,e281,SHA1RADMIN2BASE64,v1.213,2026-03-23,no,2026-03-23,yes,v1.596
mdxfind,MD5-MULTISALT,e282,MD5-MULTISALT,v1.213,2026-03-23,no,2026-03-23,yes,v1.596
mdxfind,MD52SALTMD5,e283,MD52SALTMD5,v1.213,2026-03-23,no,2026-03-23,yes,v1.596
mdxfind,MD51SALTMD5UC,e284,MD51SALTMD5UC,v1.213,2026-03-23,no,2026-03-23,yes,v1.596
mdxfind,MD51SALTMD5MD5,e285,MD51SALTMD5MD5,v1.213,2026-03-23,no,2026-03-23,yes,v1.596
mdxfind,MD5MD5USER,e286,MD5MD5USER,v1.213,2026-03-23,no,2026-03-23,yes,v1.596
mdxfind,SHA1MD5MD5,e287,SHA1MD5MD5,v1.213,2026-03-23,no,2026-03-23,yes,v1.596
mdxfind,SHA1SHA1RAWMD5,e288,SHA1SHA1RAWMD5,v1.213,2026-03-23,no,2026-03-23,yes,v1.596
mdxfind,SHA1MD5MD5MD5,e289,SHA1MD5MD5MD5,v1.213,2026-03-23,no,2026-03-23,yes,v1.596
mdxfind,SHA1MD5MD5SHA1MD5,e290,SHA1MD5MD5SHA1MD5,v1.213,2026-03-23,no,2026-03-23,yes,v1.596
mdxfind,SHA1MD5MD5SHA1,e291,SHA1MD5MD5SHA1,v1.213,2026-03-23,no,2026-03-23,yes,v1.596
mdxfind,SHA1MD5MD5MD5SHA1,e292,SHA1MD5MD5MD5SHA1,v1.213,2026-03-23,no,2026-03-23,yes,v1.596
mdxfind,SHA1MD5MD5MD5MD5,e293,SHA1MD5MD5MD5MD5,v1.213,2026-03-23,no,2026-03-23,yes,v1.596
mdxfind,SHA1MD5MD5MD5MD5MD5,e294,SHA1MD5MD5MD5MD5MD5,v1.213,2026-03-23,no,2026-03-23,yes,v1.596
mdxfind,SHA1SHA1RAWMD5MD5,e295,SHA1SHA1RAWMD5MD5,v1.213,2026-03-23,no,2026-03-23,yes,v1.596
mdxfind,SHA1SHA1RAWMD5MD5MD5,e296,SHA1SHA1RAWMD5MD5MD5,v1.213,2026-03-23,no,2026-03-23,yes,v1.596
mdxfind,SHA1MD51SALTMD5,e297,SHA1MD51SALTMD5,v1.213,2026-03-23,no,2026-03-23,yes,v1.596
mdxfind,SHA1MD5x,e298,SHA1MD5x,v1.213,2026-03-23,no,2026-03-23,yes,v1.596
mdxfind,MD5SHA1SHA1MD5,e299,MD5SHA1SHA1MD5,v1.213,2026-03-23,no,2026-03-23,yes,v1.596
mdxfind,MD5SHA1SHA1,e300,MD5SHA1SHA1,v1.213,2026-03-23,no,2026-03-23,yes,v1.596
mdxfind,MD5SQL5MD5,e301,MD5SQL5MD5,v1.213,2026-03-23,no,2026-03-23,yes,v1.596
mdxfind,MD5SQL5-chop40,e302,MD5SQL5-chop40,v1.213,2026-03-23,no,2026-03-23,yes,v1.596
mdxfind,MD5-2xMD5,e303,MD5-2xMD5,v1.213,2026-03-23,no,2026-03-23,yes,v1.596
mdxfind,MD5-2xMD5-MD5,e304,MD5-2xMD5-MD5,v1.213,2026-03-23,no,2026-03-23,yes,v1.596
mdxfind,MD5-2xMD5-SHA1,e305,MD5-2xMD5-SHA1,v1.213,2026-03-23,no,2026-03-23,yes,v1.596
mdxfind,MD5-2xMD5-MD5MD5,e306,MD5-2xMD5-MD5MD5,v1.213,2026-03-23,no,2026-03-23,yes,v1.596
mdxfind,MD5-2xMD5-MD5MD5MD5,e307,MD5-2xMD5-MD5MD5MD5,v1.213,2026-03-23,no,2026-03-23,yes,v1.596
mdxfind,SHA1MD5USER,e308,SHA1MD5USER,v1.213,2026-03-23,no,2026-03-23,yes,v1.596
mdxfind,SHA1MD5RADMIN2,e309,SHA1MD5RADMIN2,v1.213,2026-03-23,no,2026-03-23,yes,v1.596
mdxfind,SHA1SHA1USER,e310,SHA1SHA1USER,v1.213,2026-03-23,no,2026-03-23,yes,v1.596
mdxfind,SHA11SALTMD5,e311,SHA11SALTMD5,v1.213,2026-03-23,no,2026-03-23,yes,v1.596
mdxfind,MD5-3xMD5,e312,MD5-3xMD5,v1.213,2026-03-23,no,2026-03-23,yes,v1.596
mdxfind,MD5-3xMD5-MD5,e313,MD5-3xMD5-MD5,v1.213,2026-03-23,no,2026-03-23,yes,v1.596
mdxfind,MD5-3xMD5-SHA1,e314,MD5-3xMD5-SHA1,v1.213,2026-03-23,no,2026-03-23,yes,v1.596
mdxfind,MD5-3xMD5-MD5MD5,e315,MD5-3xMD5-MD5MD5,v1.213,2026-03-23,no,2026-03-23,yes,v1.596
mdxfind,MD5-3xMD5-MD5MD5MD5,e316,MD5-3xMD5-MD5MD5MD5,v1.213,2026-03-23,no,2026-03-23,yes,v1.596
mdxfind,SHA1-2xSHA1,e317,SHA1-2xSHA1,v1.213,2026-03-23,no,2026-03-23,yes,v1.596
mdxfind,SHA1-2xSHA1-MD5,e318,SHA1-2xSHA1-MD5,v1.213,2026-03-23,no,2026-03-23,yes,v1.596
mdxfind,SHA1-2xSHA1-SHA1,e319,SHA1-2xSHA1-SHA1,v1.213,2026-03-23,no,2026-03-23,yes,v1.596
mdxfind,SHA1-2xSHA1-MD5MD5,e320,SHA1-2xSHA1-MD5MD5,v1.213,2026-03-23,no,2026-03-23,yes,v1.596
mdxfind,SHA1-2xSHA1-MD5MD5MD5,e321,SHA1-2xSHA1-MD5MD5MD5,v1.213,2026-03-23,no,2026-03-23,yes,v1.596
mdxfind,MD5-1xMD5SHA1,e322,MD5-1xMD5SHA1,v1.213,2026-03-23,no,2026-03-23,yes,v1.596
mdxfind,MD5-1xSHA1MD5,e323,MD5-1xSHA1MD5,v1.213,2026-03-23,no,2026-03-23,yes,v1.596
mdxfind,SHA1-1xSHA1MD5,e324,SHA1-1xSHA1MD5,v1.213,2026-03-23,no,2026-03-23,yes,v1.596
mdxfind,SHA1-1xMD5SHA1,e325,SHA1-1xMD5SHA1,v1.213,2026-03-23,no,2026-03-23,yes,v1.596
mdxfind,MD5-1xMD5SHA1-MD5,e326,MD5-1xMD5SHA1-MD5,v1.213,2026-03-23,no,2026-03-23,yes,v1.596
mdxfind,MD5-1xSHA1MD5-MD5,e327,MD5-1xSHA1MD5-MD5,v1.213,2026-03-23,no,2026-03-23,yes,v1.596
mdxfind,MD5-1xMD5SHA1-MD5MD5,e328,MD5-1xMD5SHA1-MD5MD5,v1.213,2026-03-23,no,2026-03-23,yes,v1.596
mdxfind,MD5-1xSHA1MD5-MD5MD5,e329,MD5-1xSHA1MD5-MD5MD5,v1.213,2026-03-23,no,2026-03-23,yes,v1.596
mdxfind,MD5-1xSHA1MD5pSHA1p,e330,MD5-1xSHA1MD5pSHA1p,v1.213,2026-03-23,no,2026-03-23,yes,v1.596
mdxfind,SHA1-1xSHA1MD5pSHA1p,e331,SHA1-1xSHA1MD5pSHA1p,v1.213,2026-03-23,no,2026-03-23,yes,v1.596
mdxfind,MD5SHA1-1xSHA1MD5pSHA1p,e332,MD5SHA1-1xSHA1MD5pSHA1p,v1.213,2026-03-23,no,2026-03-23,yes,v1.596
mdxfind,SHA1-1xSHA1psubp,e333,SHA1-1xSHA1psubp,v1.213,2026-03-23,no,2026-03-23,yes,v1.596
mdxfind,SHA1revp,e334,SHA1revp,v1.213,2026-03-23,no,2026-03-23,yes,v1.596
mdxfind,MD5revp,e335,MD5revp,v1.213,2026-03-23,no,2026-03-23,yes,v1.596
mdxfind,MD5TIGER2,e336,MD5TIGER2,v1.213,2026-03-23,no,2026-03-23,yes,v1.596
mdxfind,MD5SHA1MD5MD5,e337,MD5SHA1MD5MD5,v1.213,2026-03-23,no,2026-03-23,yes,v1.596
mdxfind,MD5SHA1MD5RADMIN2,e338,MD5SHA1MD5RADMIN2,v1.213,2026-03-23,no,2026-03-23,yes,v1.596
mdxfind,MD5SHA1MD5MD5MD5SHA1,e339,MD5SHA1MD5MD5MD5SHA1,v1.213,2026-03-23,no,2026-03-23,yes,v1.596
mdxfind,MD5SHA1RAW,e340,MD5SHA1RAW,v1.213,2026-03-23,no,2026-03-23,yes,v1.596
mdxfind,MD5SHA1MD5MD5MD5,e341,MD5SHA1MD5MD5MD5,v1.213,2026-03-23,no,2026-03-23,yes,v1.596
mdxfind,MD5SQL5-32,e342,MD5SQL5-32,v1.213,2026-03-23,no,2026-03-23,yes,v1.596
mdxfind,MD51SALTMD5MD5MD5,e343,MD51SALTMD5MD5MD5,v1.213,2026-03-23,no,2026-03-23,yes,v1.596
mdxfind,MD51SALTMD5MD5MD5MD5,e344,MD51SALTMD5MD5MD5MD5,v1.213,2026-03-23,no,2026-03-23,yes,v1.596
mdxfind,MD51SALTMD5MD5MD5MD5MD5,e345,MD51SALTMD5MD5MD5MD5MD5,v1.213,2026-03-23,no,2026-03-23,yes,v1.596
mdxfind,MD5BASE64ROT13,e346,MD5BASE64ROT13,v1.213,2026-03-23,no,2026-03-23,yes,v1.596
mdxfind,MD5MD5SALT,e347,MD5MD5SALT,v1.213,2026-03-23,no,2026-03-23,yes,v1.596
mdxfind,MD52SALTMD5MD5,e348,MD52SALTMD5MD5,v1.213,2026-03-23,no,2026-03-23,yes,v1.596
mdxfind,MD52SALTMD5MD5MD5,e349,MD52SALTMD5MD5MD5,v1.213,2026-03-23,no,2026-03-23,yes,v1.596
mdxfind,MD5UCSALT,e350,MD5UCSALT,v1.213,2026-03-23,no,2026-03-23,yes,v1.596
mdxfind,MD5TIGER,e351,MD5TIGER,v1.213,2026-03-23,no,2026-03-23,yes,v1.596
mdxfind,MD5SHA1MD5PASS,e352,MD5SHA1MD5PASS,v1.213,2026-03-23,no,2026-03-23,yes,v1.596
mdxfind,MD5CAP,e353,MD5CAP,v1.213,2026-03-23,no,2026-03-23,yes,v1.596
mdxfind,MD5CAPMD5USER,e354,MD5CAPMD5USER,v1.213,2026-03-23,no,2026-03-23,yes,v1.596
mdxfind,MD5CAPMD5MD5USER,e355,MD5CAPMD5MD5USER,v1.213,2026-03-23,no,2026-03-23,yes,v1.596
mdxfind,MD5MD5MD5USER,e356,MD5MD5MD5USER,v1.213,2026-03-23,no,2026-03-23,yes,v1.596
mdxfind,MD5MD5SALT-SALT,e357,MD5MD5SALT-SALT,v1.213,2026-03-23,no,2026-03-23,yes,v1.596
mdxfind,MD5CAPSHA1,e358,MD5CAPSHA1,v1.213,2026-03-23,no,2026-03-23,yes,v1.596
mdxfind,MD5SHA1MD5x,e359,MD5SHA1MD5x,v1.213,2026-03-23,no,2026-03-23,yes,v1.596
mdxfind,MD5SHA1BASE64MD5RAW,e360,MD5SHA1BASE64MD5RAW,v1.213,2026-03-23,no,2026-03-23,yes,v1.596
mdxfind,MD5SHA1MD5MD5SHA1,e361,MD5SHA1MD5MD5SHA1,v1.213,2026-03-23,no,2026-03-23,yes,v1.596
mdxfind,MD5SHA1MD5UC,e362,MD5SHA1MD5UC,v1.213,2026-03-23,no,2026-03-23,yes,v1.596
mdxfind,MD5MD5HUM,e363,MD5MD5HUM,v1.213,2026-03-23,no,2026-03-23,yes,v1.596
mdxfind,SHA1MD5HUM,e364,SHA1MD5HUM,v1.213,2026-03-23,no,2026-03-23,yes,v1.596
mdxfind,SHA1SHA1HUM,e365,SHA1SHA1HUM,v1.213,2026-03-23,no,2026-03-23,yes,v1.596
mdxfind,MD5SHA1HUM,e366,MD5SHA1HUM,v1.213,2026-03-23,no,2026-03-23,yes,v1.596
mdxfind,MD5-MD5SALTMD5PASS,e367,MD5-MD5SALTMD5PASS,v1.213,2026-03-23,no,2026-03-23,yes,v1.596
mdxfind,MD5NTLM,e368,MD5NTLM,v1.213,2026-03-23,no,2026-03-23,yes,v1.596
mdxfind,NTLM,e369,NTLM,v1.213,2026-03-23,no,2026-03-23,yes,v1.596
mdxfind,MD5MD4,e370,MD5MD4,v1.213,2026-03-23,no,2026-03-23,yes,v1.596
mdxfind,MD5NTLMUC,e371,MD5NTLMUC,v1.213,2026-03-23,no,2026-03-23,yes,v1.596
mdxfind,MD5USERPASS,e372,MD5USERPASS,v1.213,2026-03-23,no,2026-03-23,yes,v1.596
mdxfind,MD5PASSSALT,e373,MD5PASSSALT,v1.213,2026-03-23,no,2026-03-23,yes,v1.596
mdxfind,MD5SHA1RADMIN2MD5,e374,MD5SHA1RADMIN2MD5,v1.213,2026-03-23,no,2026-03-23,yes,v1.596
mdxfind,MD5UCBASE64MD5RAW,e375,MD5UCBASE64MD5RAW,v1.213,2026-03-23,no,2026-03-23,yes,v1.596
mdxfind,MD5UCBASE64SHA1RAW,e376,MD5UCBASE64SHA1RAW,v1.213,2026-03-23,no,2026-03-23,yes,v1.596
mdxfind,MD5SHA1MD5MD5UC,e377,MD5SHA1MD5MD5UC,v1.213,2026-03-23,no,2026-03-23,yes,v1.596
mdxfind,MD5SHA1MD5HUM,e378,MD5SHA1MD5HUM,v1.213,2026-03-23,no,2026-03-23,yes,v1.596
mdxfind,LM,e379,LM,v1.213,2026-03-23,no,2026-03-23,yes,v1.596
mdxfind,MD5LM,e380,MD5LM,v1.213,2026-03-23,no,2026-03-23,yes,v1.596
mdxfind,MD5LMUC,e381,MD5LMUC,v1.213,2026-03-23,no,2026-03-23,yes,v1.596
mdxfind,SHA256SHA256SALT,e382,SHA256SHA256SALT,v1.213,2026-03-23,no,2026-03-23,yes,v1.596
mdxfind,MD5RAWUC,e383,MD5RAWUC,v1.213,2026-03-23,no,2026-03-23,yes,v1.596
mdxfind,MD5SHA1UCu32,e384,MD5SHA1UCu32,v1.213,2026-03-23,no,2026-03-23,yes,v1.596
mdxfind,SHA1SALTPASS,e385,SHA1SALTPASS,v1.213,2026-03-23,no,2026-03-23,yes,v1.596
mdxfind,SHA512PASSSALT,e386,SHA512PASSSALT,v1.213,2026-03-23,no,2026-03-23,yes,v1.596
mdxfind,SHA512SHA512SALT,e387,SHA512SHA512SALT,v1.213,2026-03-23,no,2026-03-23,yes,v1.596
mdxfind,SHA512SALTPASS,e388,SHA512SALTPASS,v1.213,2026-03-23,no,2026-03-23,yes,v1.596
mdxfind,SHA512SALTSHA512,e389,SHA512SALTSHA512,v1.213,2026-03-23,no,2026-03-23,yes,v1.596
mdxfind,WRLPASSSALT,e390,WRLPASSSALT,v1.213,2026-03-23,no,2026-03-23,yes,v1.596
mdxfind,WRLWRLSALT,e391,WRLWRLSALT,v1.213,2026-03-23,no,2026-03-23,yes,v1.596
mdxfind,WRLSALTPASS,e392,WRLSALTPASS,v1.213,2026-03-23,no,2026-03-23,yes,v1.596
mdxfind,WRLSALTWRL,e393,WRLSALTWRL,v1.213,2026-03-23,no,2026-03-23,yes,v1.596
mdxfind,MD5SALTPASS,e394,MD5SALTPASS,v1.213,2026-03-23,no,2026-03-23,yes,v1.596
mdxfind,SHA1SALTPASSSALT,e395,SHA1SALTPASSSALT,v1.213,2026-03-23,no,2026-03-23,yes,v1.596
mdxfind,MD5MD5UCSHA1MD5MD5,e396,MD5MD5UCSHA1MD5MD5,v1.213,2026-03-23,no,2026-03-23,yes,v1.596
mdxfind,MD5SHA256MD5,e397,MD5SHA256MD5,v1.213,2026-03-23,no,2026-03-23,yes,v1.596
mdxfind,SHA1lsb32,e398,SHA1lsb32,v1.213,2026-03-23,no,2026-03-23,yes,v1.596
mdxfind,MD5-2xMD5UC,e399,MD5-2xMD5UC,v1.213,2026-03-23,no,2026-03-23,yes,v1.596
mdxfind,MD5-4xMD5,e400,MD5-4xMD5,v1.213,2026-03-23,no,2026-03-23,yes,v1.596
mdxfind,MD5-SHA1numSHA1,e401,MD5-SHA1numSHA1,v1.213,2026-03-23,no,2026-03-23,yes,v1.596
mdxfind,MD5-2xSHA1,e402,MD5-2xSHA1,v1.213,2026-03-23,no,2026-03-23,yes,v1.596
mdxfind,SHA1-2xMD5,e403,SHA1-2xMD5,v1.213,2026-03-23,no,2026-03-23,yes,v1.596
mdxfind,SHA1DRU,e404,SHA1DRU,v1.213,2026-03-23,no,2026-03-23,yes,v1.596
mdxfind,SHA1PASSSALT,e405,SHA1PASSSALT,v1.213,2026-03-23,no,2026-03-23,yes,v1.596
mdxfind,SHA256MD5SALTPASS,e406,SHA256MD5SALTPASS,v1.213,2026-03-23,no,2026-03-23,yes,v1.596
mdxfind,MD5padMD5,e407,MD5padMD5,v1.213,2026-03-23,no,2026-03-23,yes,v1.596
mdxfind,MD5DSALT,e408,MD5DSALT,v1.213,2026-03-23,no,2026-03-23,yes,v1.596
mdxfind,SHA1lsb35,e409,SHA1lsb35,v1.213,2026-03-23,no,2026-03-23,yes,v1.596
mdxfind,MD4SQL3,e410,MD4SQL3,v1.213,2026-03-23,no,2026-03-23,yes,v1.596
mdxfind,MD5SALTPASSSALT,e411,MD5SALTPASSSALT,v1.213,2026-03-23,no,2026-03-23,yes,v1.596
mdxfind,SHA256SALTPASS,e412,SHA256SALTPASS,v1.213,2026-03-23,no,2026-03-23,yes,v1.596
mdxfind,SHA256PASSSALT,e413,SHA256PASSSALT,v1.213,2026-03-23,no,2026-03-23,yes,v1.596
mdxfind,SMF,e414,SMF,v1.213,2026-03-23,no,2026-03-23,yes,v1.596
mdxfind,MD5-MD5SHA1MD5SHA1MD5SHA1p,e415,MD5-MD5SHA1MD5SHA1MD5SHA1p,v1.213,2026-03-23,no,2026-03-23,yes,v1.596
mdxfind,MD5MD5UCSQL3p,e416,MD5MD5UCSQL3p,v1.213,2026-03-23,no,2026-03-23,yes,v1.596
mdxfind,MD5MD5UCp,e417,MD5MD5UCp,v1.213,2026-03-23,no,2026-03-23,yes,v1.596
mdxfind,MD5NTLMp,e418,MD5NTLMp,v1.213,2026-03-23,no,2026-03-23,yes,v1.596
mdxfind,MD5-MD5USERSHA1MD5PASS,e419,MD5-MD5USERSHA1MD5PASS,v1.213,2026-03-23,no,2026-03-23,yes,v1.596
mdxfind,MD5SHA1u32SALT,e420,MD5SHA1u32SALT,v1.213,2026-03-23,no,2026-03-23,yes,v1.596
mdxfind,MD5-LMNTLM,e421,MD5-LMNTLM,v1.213,2026-03-23,no,2026-03-23,yes,v1.596
mdxfind,MD5-MD5psSHA1MD5psp,e422,MD5-MD5psSHA1MD5psp,v1.213,2026-03-23,no,2026-03-23,yes,v1.596
mdxfind,MD5-MD5puSHA1MD5pup,e423,MD5-MD5puSHA1MD5pup,v1.213,2026-03-23,no,2026-03-23,yes,v1.596
mdxfind,MD5WRLMD5,e424,MD5WRLMD5,v1.213,2026-03-23,no,2026-03-23,yes,v1.596
mdxfind,NULL,e425,NULL,v1.213,2026-03-23,no,2026-03-23,yes,v1.596
mdxfind,PARALLEL,e426,PARALLEL,v1.213,2026-03-23,no,2026-03-23,yes,v1.596
mdxfind,GOST2012-32,e427,GOST2012-32,v1.213,2026-03-23,no,2026-03-23,yes,v1.596
mdxfind,GOST2012-64,e428,GOST2012-64,v1.213,2026-03-23,no,2026-03-23,yes,v1.596
mdxfind,POMELO,e429,POMELO,v1.213,2026-03-23,no,2026-03-23,yes,v1.596
mdxfind,STREEBOG-32,e430,STREEBOG-32,v1.213,2026-03-23,no,2026-03-23,yes,v1.596
mdxfind,STREEBOG-64,e431,STREEBOG-64,v1.213,2026-03-23,no,2026-03-23,yes,v1.596
mdxfind,MD5AM,e432,MD5AM,v1.213,2026-03-23,no,2026-03-23,yes,v1.596
mdxfind,MD5AM2,e433,MD5AM2,v1.213,2026-03-23,no,2026-03-23,yes,v1.596
mdxfind,MD5SWAP,e434,MD5SWAP,v1.213,2026-03-23,no,2026-03-23,yes,v1.596
mdxfind,MD5SPECAM,e435,MD5SPECAM,v1.213,2026-03-23,no,2026-03-23,yes,v1.596
mdxfind,SHA1HESK,e436,SHA1HESK,v1.213,2026-03-23,no,2026-03-23,yes,v1.596
mdxfind,MD5HESK,e437,MD5HESK,v1.213,2026-03-23,no,2026-03-23,yes,v1.596
mdxfind,SHA1SALTSHA1SALTSHA1PASS,e438,SHA1SALTSHA1SALTSHA1PASS,v1.213,2026-03-23,no,2026-03-23,yes,v1.596
mdxfind,MSCACHE,e439,MSCACHE,v1.213,2026-03-23,no,2026-03-23,yes,v1.596
mdxfind,MD5SHA1SALTMD5PASS,e440,MD5SHA1SALTMD5PASS,v1.213,2026-03-23,no,2026-03-23,yes,v1.596
mdxfind,MD5SALTMD5PASS,e441,MD5SALTMD5PASS,v1.213,2026-03-23,no,2026-03-23,yes,v1.596
mdxfind,MD5SHA1PASSMD5PASSSHA1PASS,e442,MD5SHA1PASSMD5PASSSHA1PASS,v1.213,2026-03-23,no,2026-03-23,yes,v1.596
mdxfind,MD5SHA1PASSSALT,e443,MD5SHA1PASSSALT,v1.213,2026-03-23,no,2026-03-23,yes,v1.596
mdxfind,LEET-SHA512-WRL-USER,e444,LEET-SHA512-WRL-USER,v1.213,2026-03-23,no,2026-03-23,yes,v1.596
mdxfind,SHA1-SALT-SPECIAL,e445,SHA1-SALT-SPECIAL,v1.213,2026-03-23,no,2026-03-23,yes,v1.596
mdxfind,SHA1-SALT-UTF16-PEPPER,e446,SHA1-SALT-UTF16-PEPPER,v1.213,2026-03-23,no,2026-03-23,yes,v1.596
mdxfind,SHA256RAWSALTPASS,e447,SHA256RAWSALTPASS,v1.213,2026-03-23,no,2026-03-23,yes,v1.596
mdxfind,SHA512-CUSTOM1,e448,SHA512-CUSTOM1,v1.213,2026-03-23,no,2026-03-23,yes,v1.596
mdxfind,MD5SQL3,e449,MD5SQL3,v1.213,2026-03-23,no,2026-03-23,yes,v1.596
mdxfind,BCRYPT,e450,BCRYPT,v1.213,2026-03-23,no,2026-03-23,yes,v1.596
mdxfind,BCRYPTMD5,e451,BCRYPTMD5,v1.213,2026-03-23,no,2026-03-23,yes,v1.596
mdxfind,BCRYPTSHA1,e452,BCRYPTSHA1,v1.213,2026-03-23,no,2026-03-23,yes,v1.596
mdxfind,MD5sub8-24MD5,e453,MD5sub8-24MD5,v1.213,2026-03-23,no,2026-03-23,yes,v1.596
mdxfind,MD5sub8-24MD5sub8-24MD5,e454,MD5sub8-24MD5sub8-24MD5,v1.213,2026-03-23,no,2026-03-23,yes,v1.596
mdxfind,PHPBB3,e455,PHPBB3,v1.213,2026-03-23,no,2026-03-23,yes,v1.596
mdxfind,MYSQL3,e456,MYSQL3,v1.213,2026-03-23,no,2026-03-23,yes,v1.596
mdxfind,APACHE-SHA,e457,APACHE-SHA,v1.213,2026-03-23,no,2026-03-23,yes,v1.596
mdxfind,MD5-MD5PASSMD5SALT,e458,MD5-MD5PASSMD5SALT,v1.213,2026-03-23,no,2026-03-23,yes,v1.596
mdxfind,YAF-SHA1,e459,YAF-SHA1,v1.213,2026-03-23,no,2026-03-23,yes,v1.596
mdxfind,MD5revMD5SHA1,e460,MD5revMD5SHA1,v1.213,2026-03-23,no,2026-03-23,yes,v1.596
mdxfind,APR1,e461,APR1,v1.213,2026-03-23,no,2026-03-23,yes,v1.596
mdxfind,MD5SHA1BASE64SHA1MD5,e462,MD5SHA1BASE64SHA1MD5,v1.213,2026-03-23,no,2026-03-23,yes,v1.596
mdxfind,SHA1-8TRACK,e463,SHA1-8TRACK,v1.213,2026-03-23,no,2026-03-23,yes,v1.596
mdxfind,SHA1WRL,e464,SHA1WRL,v1.213,2026-03-23,no,2026-03-23,yes,v1.596
mdxfind,SHA1revMD5,e465,SHA1revMD5,v1.213,2026-03-23,no,2026-03-23,yes,v1.596
mdxfind,SHA1-MD5SALT,e466,SHA1-MD5SALT,v1.213,2026-03-23,no,2026-03-23,yes,v1.596
mdxfind,SHA1-revMD5SALT,e467,SHA1-revMD5SALT,v1.213,2026-03-23,no,2026-03-23,yes,v1.596
mdxfind,SHA1revMD5PASSSALT,e468,SHA1revMD5PASSSALT,v1.213,2026-03-23,no,2026-03-23,yes,v1.596
mdxfind,SHA1MD5PASSSALT,e469,SHA1MD5PASSSALT,v1.213,2026-03-23,no,2026-03-23,yes,v1.596
mdxfind,SHA1-MD5MD5SALT,e470,SHA1-MD5MD5SALT,v1.213,2026-03-23,no,2026-03-23,yes,v1.596
mdxfind,SHA1MD5PASS-SALT,e471,SHA1MD5PASS-SALT,v1.213,2026-03-23,no,2026-03-23,yes,v1.596
mdxfind,SHA1SALTMD5PASS,e472,SHA1SALTMD5PASS,v1.213,2026-03-23,no,2026-03-23,yes,v1.596
mdxfind,SHA1SALTrevMD5PASS,e473,SHA1SALTrevMD5PASS,v1.213,2026-03-23,no,2026-03-23,yes,v1.596
mdxfind,SHA1USERSQL3,e474,SHA1USERSQL3,v1.213,2026-03-23,no,2026-03-23,yes,v1.596
mdxfind,SHA1SHA256,e475,SHA1SHA256,v1.213,2026-03-23,no,2026-03-23,yes,v1.596
mdxfind,SHA1SHA384,e476,SHA1SHA384,v1.213,2026-03-23,no,2026-03-23,yes,v1.596
mdxfind,SHA1SHA512,e477,SHA1SHA512,v1.213,2026-03-23,no,2026-03-23,yes,v1.596
mdxfind,SHA1SQL3,e478,SHA1SQL3,v1.213,2026-03-23,no,2026-03-23,yes,v1.596
mdxfind,SHA1UCWRL,e479,SHA1UCWRL,v1.213,2026-03-23,no,2026-03-23,yes,v1.596
mdxfind,SHA1WRLMD5,e480,SHA1WRLMD5,v1.213,2026-03-23,no,2026-03-23,yes,v1.596
mdxfind,SHA1MD5SHA1MD5SHA1MD5SHA1,e481,SHA1MD5SHA1MD5SHA1MD5SHA1,v1.213,2026-03-23,no,2026-03-23,yes,v1.596
mdxfind,WRLSHA512,e482,WRLSHA512,v1.213,2026-03-23,no,2026-03-23,yes,v1.596
mdxfind,MD5GOST,e483,MD5GOST,v1.213,2026-03-23,no,2026-03-23,yes,v1.596
mdxfind,MD5GOSTMD5,e484,MD5GOSTMD5,v1.213,2026-03-23,no,2026-03-23,yes,v1.596
mdxfind,MD5GOSTMD5UC,e485,MD5GOSTMD5UC,v1.213,2026-03-23,no,2026-03-23,yes,v1.596
mdxfind,MD5WRLRAW,e486,MD5WRLRAW,v1.213,2026-03-23,no,2026-03-23,yes,v1.596
mdxfind,MD5-4xMD5-SALT,e487,MD5-4xMD5-SALT,v1.213,2026-03-23,no,2026-03-23,yes,v1.596
mdxfind,SHA256UC,e488,SHA256UC,v1.213,2026-03-23,no,2026-03-23,yes,v1.596
mdxfind,MD4SHA1MD5,e489,MD4SHA1MD5,v1.213,2026-03-23,no,2026-03-23,yes,v1.596
mdxfind,MD5RAWMD5RAW,e490,MD5RAWMD5RAW,v1.213,2026-03-23,no,2026-03-23,yes,v1.596
mdxfind,MD5SHA1BASE64SHA1RAW,e491,MD5SHA1BASE64SHA1RAW,v1.213,2026-03-23,no,2026-03-23,yes,v1.596
mdxfind,MD5revMD5SHA1SHA1,e492,MD5revMD5SHA1SHA1,v1.213,2026-03-23,no,2026-03-23,yes,v1.596
mdxfind,MD5MD2,e493,MD5MD2,v1.213,2026-03-23,no,2026-03-23,yes,v1.596
mdxfind,MD5MD2RAW,e494,MD5MD2RAW,v1.213,2026-03-23,no,2026-03-23,yes,v1.596
mdxfind,MD5BASE64SHA256RAW,e495,MD5BASE64SHA256RAW,v1.213,2026-03-23,no,2026-03-23,yes,v1.596
mdxfind,MD4UTF16,e496,MD4UTF16,v1.213,2026-03-23,no,2026-03-23,yes,v1.596
mdxfind,MD4UTF16MD5,e497,MD4UTF16MD5,v1.213,2026-03-23,no,2026-03-23,yes,v1.596
mdxfind,RMD128MD4,e498,RMD128MD4,v1.213,2026-03-23,no,2026-03-23,yes,v1.596
mdxfind,MD5SHA0,e499,MD5SHA0,v1.213,2026-03-23,no,2026-03-23,yes,v1.596
mdxfind,DESCRYPT,e500,DESCRYPT,v1.213,2026-03-23,no,2026-03-23,yes,v1.596
mdxfind,MD5DESCRYPT,e501,MD5DESCRYPT,v1.213,2026-03-23,no,2026-03-23,yes,v1.596
mdxfind,MD4DESCRYPT,e502,MD4DESCRYPT,v1.213,2026-03-23,no,2026-03-23,yes,v1.596
mdxfind,MD5PASSSHA1MD5,e503,MD5PASSSHA1MD5,v1.213,2026-03-23,no,2026-03-23,yes,v1.596
mdxfind,MD5PASSMD5MD5PASS,e504,MD5PASSMD5MD5PASS,v1.213,2026-03-23,no,2026-03-23,yes,v1.596
mdxfind,MD5PASSMD5MD5MD5,e505,MD5PASSMD5MD5MD5,v1.213,2026-03-23,no,2026-03-23,yes,v1.596
mdxfind,MD5-MD5PASSMD5,e506,MD5-MD5PASSMD5,v1.213,2026-03-23,no,2026-03-23,yes,v1.596
mdxfind,MD5PASSSHA1,e507,MD5PASSSHA1,v1.213,2026-03-23,no,2026-03-23,yes,v1.596
mdxfind,MD5MD5PASSSHA1,e508,MD5MD5PASSSHA1,v1.213,2026-03-23,no,2026-03-23,yes,v1.596
mdxfind,SHA1MD5MD5SHA1MD5SHA1SHA1MD5,e509,SHA1MD5MD5SHA1MD5SHA1SHA1MD5,v1.213,2026-03-23,no,2026-03-23,yes,v1.596
mdxfind,SHA512SHA512RAWUSER,e510,SHA512SHA512RAWUSER,v1.213,2026-03-23,no,2026-03-23,yes,v1.596
mdxfind,MD5CRYPT,e511,MD5CRYPT,v1.213,2026-03-23,no,2026-03-23,yes,v1.596
mdxfind,SHA256CRYPT,e512,SHA256CRYPT,v1.213,2026-03-23,no,2026-03-23,yes,v1.596
mdxfind,SHA512CRYPT,e513,SHA512CRYPT,v1.213,2026-03-23,no,2026-03-23,yes,v1.596
mdxfind,SHA512SALTMD5,e514,SHA512SALTMD5,v1.213,2026-03-23,no,2026-03-23,yes,v1.596
mdxfind,MD5-SALTMD5PASSSALT,e515,MD5-SALTMD5PASSSALT,v1.213,2026-03-23,no,2026-03-23,yes,v1.596
mdxfind,MD5-SALTMD5SALTPASS,e516,MD5-SALTMD5SALTPASS,v1.213,2026-03-23,no,2026-03-23,yes,v1.596
mdxfind,MD5-MD5PASS-SALT,e517,MD5-MD5PASS-SALT,v1.213,2026-03-23,no,2026-03-23,yes,v1.596
mdxfind,MD5-MD5SALT-PASS,e518,MD5-MD5SALT-PASS,v1.213,2026-03-23,no,2026-03-23,yes,v1.596
mdxfind,MD5-PASS-MD5SALT,e519,MD5-PASS-MD5SALT,v1.213,2026-03-23,no,2026-03-23,yes,v1.596
mdxfind,SHA1SALTSHA1PASS,e520,SHA1SALTSHA1PASS,v1.213,2026-03-23,no,2026-03-23,yes,v1.596
mdxfind,SHA1SALTCX,e521,SHA1SALTCX,v1.213,2026-03-23,no,2026-03-23,yes,v1.596
mdxfind,MD5SHA1MD5SHA1MD5SHA1MD5SHA1MD5SHA1MD5SHA1,e522,MD5SHA1MD5SHA1MD5SHA1MD5SHA1MD5SHA1MD5SHA1,v1.213,2026-03-23,no,2026-03-23,yes,v1.596
mdxfind,SHA256SALTSHA256PASS,e523,SHA256SALTSHA256PASS,v1.213,2026-03-23,no,2026-03-23,yes,v1.596
mdxfind,MD5dcab,e524,MD5dcab,v1.213,2026-03-23,no,2026-03-23,yes,v1.596
mdxfind,MD5bcad,e525,MD5bcad,v1.213,2026-03-23,no,2026-03-23,yes,v1.596
mdxfind,MD5BASE64BASE64,e526,MD5BASE64BASE64,v1.213,2026-03-23,no,2026-03-23,yes,v1.596
mdxfind,MD5BASE64BASE64BASE64,e527,MD5BASE64BASE64BASE64,v1.213,2026-03-23,no,2026-03-23,yes,v1.596
mdxfind,MD5-SALTSHA1SALTPASS,e528,MD5-SALTSHA1SALTPASS,v1.213,2026-03-23,no,2026-03-23,yes,v1.596
mdxfind,CISCO8,e529,CISCO8,v1.213,2026-03-23,no,2026-03-23,yes,v1.596
mdxfind,PBKDF2-SHA256,e530,PBKDF2-SHA256,v1.213,2026-03-23,no,2026-03-23,yes,v1.596
mdxfind,PBKDF2-MD5,e531,PBKDF2-MD5,v1.213,2026-03-23,no,2026-03-23,yes,v1.596
mdxfind,PBKDF2-SHA1,e532,PBKDF2-SHA1,v1.213,2026-03-23,no,2026-03-23,yes,v1.596
mdxfind,PBKDF2-SHA512,e533,PBKDF2-SHA512,v1.213,2026-03-23,no,2026-03-23,yes,v1.596
mdxfind,PKCS5S2,e534,PKCS5S2,v1.213,2026-03-23,no,2026-03-23,yes,v1.596
mdxfind,SHA1-CUSTOMUSERSALT,e535,SHA1-CUSTOMUSERSALT,v1.213,2026-03-23,no,2026-03-23,yes,v1.596
mdxfind,PROGRESSENCODE,e536,PROGRESSENCODE,v1.213,2026-03-23,no,2026-03-23,yes,v1.596
mdxfind,PHPBB3MD5,e537,PHPBB3MD5,v1.213,2026-03-23,no,2026-03-23,yes,v1.596
mdxfind,SHA512CRYPTMD5,e538,SHA512CRYPTMD5,v1.213,2026-03-23,no,2026-03-23,yes,v1.596
mdxfind,MYSQL5MD5,e539,MYSQL5MD5,v1.213,2026-03-23,no,2026-03-23,yes,v1.596
mdxfind,MANGOS,e540,MANGOS,v1.213,2026-03-23,no,2026-03-23,yes,v1.596
mdxfind,MD5revMD5SALT,e541,MD5revMD5SALT,v1.213,2026-03-23,no,2026-03-23,yes,v1.596
mdxfind,MD5sub8-24SALT,e542,MD5sub8-24SALT,v1.213,2026-03-23,no,2026-03-23,yes,v1.596
mdxfind,HMAC-SHA384,e543,HMAC-SHA384,v1.213,2026-03-23,no,2026-03-23,yes,v1.596
mdxfind,CRYPTEXT,e544,CRYPTEXT,v1.213,2026-03-23,no,2026-03-23,yes,v1.596
mdxfind,MD5SHA1lsb35,e545,MD5SHA1lsb35,v1.213,2026-03-23,no,2026-03-23,yes,v1.596
mdxfind,MD5sub1-20MD5,e546,MD5sub1-20MD5,v1.213,2026-03-23,no,2026-03-23,yes,v1.596
mdxfind,MD5sub1-20MD5MD5,e547,MD5sub1-20MD5MD5,v1.213,2026-03-23,no,2026-03-23,yes,v1.596
mdxfind,MD5SQL3SQL5MD5MD5,e548,MD5SQL3SQL5MD5MD5,v1.213,2026-03-23,no,2026-03-23,yes,v1.596
mdxfind,SHA1MD5SHA256,e549,SHA1MD5SHA256,v1.213,2026-03-23,no,2026-03-23,yes,v1.596
mdxfind,SHA1SHA256MD5,e550,SHA1SHA256MD5,v1.213,2026-03-23,no,2026-03-23,yes,v1.596
mdxfind,MD4UTF16MD5MD5,e551,MD4UTF16MD5MD5,v1.213,2026-03-23,no,2026-03-23,yes,v1.596
mdxfind,MD5-2xSHA1MD5,e552,MD5-2xSHA1MD5,v1.213,2026-03-23,no,2026-03-23,yes,v1.596
mdxfind,MD5-6xMD5,e553,MD5-6xMD5,v1.213,2026-03-23,no,2026-03-23,yes,v1.596
mdxfind,MD5-5xMD5,e554,MD5-5xMD5,v1.213,2026-03-23,no,2026-03-23,yes,v1.596
mdxfind,MD5SHA1SALT,e555,MD5SHA1SALT,v1.213,2026-03-23,no,2026-03-23,yes,v1.596
mdxfind,MD5SHA1u39,e556,MD5SHA1u39,v1.213,2026-03-23,no,2026-03-23,yes,v1.596
mdxfind,MD5-MD5SHA1PASSSHA1MD5SALT,e557,MD5-MD5SHA1PASSSHA1MD5SALT,v1.213,2026-03-23,no,2026-03-23,yes,v1.596
mdxfind,MD5UCMD5,e558,MD5UCMD5,v1.213,2026-03-23,no,2026-03-23,yes,v1.596
mdxfind,MD4UTF16MD5UC,e559,MD4UTF16MD5UC,v1.213,2026-03-23,no,2026-03-23,yes,v1.596
mdxfind,MD4UTF16MD5MD5MD5,e560,MD4UTF16MD5MD5MD5,v1.213,2026-03-23,no,2026-03-23,yes,v1.596
mdxfind,MD4UTF16SHA1,e561,MD4UTF16SHA1,v1.213,2026-03-23,no,2026-03-23,yes,v1.596
mdxfind,MD4UTF16SHA1SHA1,e562,MD4UTF16SHA1SHA1,v1.213,2026-03-23,no,2026-03-23,yes,v1.596
mdxfind,MD4UTF16SHA256,e563,MD4UTF16SHA256,v1.213,2026-03-23,no,2026-03-23,yes,v1.596
mdxfind,MD4UTF16SHA256SHA256,e564,MD4UTF16SHA256SHA256,v1.213,2026-03-23,no,2026-03-23,yes,v1.596
mdxfind,MD4UTF16SHA256SHA256SHA256,e565,MD4UTF16SHA256SHA256SHA256,v1.213,2026-03-23,no,2026-03-23,yes,v1.596
mdxfind,MD4UTF16SHA256SHA256SHA256SHA256,e566,MD4UTF16SHA256SHA256SHA256SHA256,v1.213,2026-03-23,no,2026-03-23,yes,v1.596
mdxfind,MD4UTF16SHA1MD5,e567,MD4UTF16SHA1MD5,v1.213,2026-03-23,no,2026-03-23,yes,v1.596
mdxfind,MD4UTF16MD5SHA1,e568,MD4UTF16MD5SHA1,v1.213,2026-03-23,no,2026-03-23,yes,v1.596
mdxfind,MD4UTF16SHA256UC,e569,MD4UTF16SHA256UC,v1.213,2026-03-23,no,2026-03-23,yes,v1.596
mdxfind,MD4UTF16UC,e570,MD4UTF16UC,v1.213,2026-03-23,no,2026-03-23,yes,v1.596
mdxfind,SHA1SHA256UC,e571,SHA1SHA256UC,v1.213,2026-03-23,no,2026-03-23,yes,v1.596
mdxfind,MD5BASE64SHA1MD5,e572,MD5BASE64SHA1MD5,v1.213,2026-03-23,no,2026-03-23,yes,v1.596
mdxfind,SHA1DESCRYPT,e573,SHA1DESCRYPT,v1.213,2026-03-23,no,2026-03-23,yes,v1.596
mdxfind,MD4UTF16DESCRYPT,e574,MD4UTF16DESCRYPT,v1.213,2026-03-23,no,2026-03-23,yes,v1.596
mdxfind,MD4UTF16MD5HUM,e575,MD4UTF16MD5HUM,v1.213,2026-03-23,no,2026-03-23,yes,v1.596
mdxfind,MD4UTF16SHA1HUM,e576,MD4UTF16SHA1HUM,v1.213,2026-03-23,no,2026-03-23,yes,v1.596
mdxfind,BCRYPT256,e577,BCRYPT256,v1.213,2026-03-23,no,2026-03-23,yes,v1.596
mdxfind,SHA1-MD5PASSSALT,e578,SHA1-MD5PASSSALT,v1.213,2026-03-23,no,2026-03-23,yes,v1.596
mdxfind,SHA1SHA1PASSSALT,e579,SHA1SHA1PASSSALT,v1.213,2026-03-23,no,2026-03-23,yes,v1.596
mdxfind,SHA1SHA256x,e580,SHA1SHA256x,v1.213,2026-03-23,no,2026-03-23,yes,v1.596
mdxfind,SHA1SHA256UCx,e581,SHA1SHA256UCx,v1.213,2026-03-23,no,2026-03-23,yes,v1.596
mdxfind,SHA1SHA256UCxSHA256,e582,SHA1SHA256UCxSHA256,v1.213,2026-03-23,no,2026-03-23,yes,v1.596
mdxfind,SHA1SHA256UCSHA256,e583,SHA1SHA256UCSHA256,v1.213,2026-03-23,no,2026-03-23,yes,v1.596
mdxfind,SHA1SHA256UCSHA256SHA256,e584,SHA1SHA256UCSHA256SHA256,v1.213,2026-03-23,no,2026-03-23,yes,v1.596
mdxfind,SHA1SHA256SHA512,e585,SHA1SHA256SHA512,v1.213,2026-03-23,no,2026-03-23,yes,v1.596
mdxfind,SHA1MD5MD5SALT,e586,SHA1MD5MD5SALT,v1.213,2026-03-23,no,2026-03-23,yes,v1.596
mdxfind,SHA1MD5SALT,e587,SHA1MD5SALT,v1.213,2026-03-23,no,2026-03-23,yes,v1.596
mdxfind,SHA1-MD5-MD5SALTMD5PASS,e588,SHA1-MD5-MD5SALTMD5PASS,v1.213,2026-03-23,no,2026-03-23,yes,v1.596
mdxfind,SHA1-MD5UC-MD5SALT,e589,SHA1-MD5UC-MD5SALT,v1.213,2026-03-23,no,2026-03-23,yes,v1.596
mdxfind,SHA1MD5DSALT,e590,SHA1MD5DSALT,v1.213,2026-03-23,no,2026-03-23,yes,v1.596
mdxfind,SHA1MD5MD5DSALT,e591,SHA1MD5MD5DSALT,v1.213,2026-03-23,no,2026-03-23,yes,v1.596
mdxfind,SHA1-MD5-MD5SALTMD5PASS-SALT,e592,SHA1-MD5-MD5SALTMD5PASS-SALT,v1.213,2026-03-23,no,2026-03-23,yes,v1.596
mdxfind,SHA1MD5MD5SHA1SHA1MD5,e593,SHA1MD5MD5SHA1SHA1MD5,v1.213,2026-03-23,no,2026-03-23,yes,v1.596
mdxfind,SHA1SHA1MD5PASSSALT,e594,SHA1SHA1MD5PASSSALT,v1.213,2026-03-23,no,2026-03-23,yes,v1.596
mdxfind,SHA1MD5UCMD5,e595,SHA1MD5UCMD5,v1.213,2026-03-23,no,2026-03-23,yes,v1.596
mdxfind,SHA1-MD5PEPPER-MD5SALTMD5PASS,e596,SHA1-MD5PEPPER-MD5SALTMD5PASS,v1.213,2026-03-23,no,2026-03-23,yes,v1.596
mdxfind,SHA1-MD5PEPPER-MD5SALT,e597,SHA1-MD5PEPPER-MD5SALT,v1.213,2026-03-23,no,2026-03-23,yes,v1.596
mdxfind,SHA1MD5-PASSMD5SALT,e598,SHA1MD5-PASSMD5SALT,v1.213,2026-03-23,no,2026-03-23,yes,v1.596
mdxfind,SHA1SHA256SHA1,e599,SHA1SHA256SHA1,v1.213,2026-03-23,no,2026-03-23,yes,v1.596
mdxfind,SHA1MD5-SHA1PASSPASS,e600,SHA1MD5-SHA1PASSPASS,v1.213,2026-03-23,no,2026-03-23,yes,v1.596
mdxfind,SHA1PASS-TRUNC,e601,SHA1PASS-TRUNC,v1.213,2026-03-23,no,2026-03-23,yes,v1.596
mdxfind,SHA1SALTMD5PASSPEPPER,e602,SHA1SALTMD5PASSPEPPER,v1.213,2026-03-23,no,2026-03-23,yes,v1.596
mdxfind,SHA1MD5SALTMD5PASS,e603,SHA1MD5SALTMD5PASS,v1.213,2026-03-23,no,2026-03-23,yes,v1.596
mdxfind,SHA1SHA1u34,e604,SHA1SHA1u34,v1.213,2026-03-23,no,2026-03-23,yes,v1.596
mdxfind,SHA1SHA1u36,e605,SHA1SHA1u36,v1.213,2026-03-23,no,2026-03-23,yes,v1.596
mdxfind,SHA1SHA1u38,e606,SHA1SHA1u38,v1.213,2026-03-23,no,2026-03-23,yes,v1.596
mdxfind,SHA1MD5SALTPASSPEPPER,e607,SHA1MD5SALTPASSPEPPER,v1.213,2026-03-23,no,2026-03-23,yes,v1.596
mdxfind,SHA1SHA256u32,e608,SHA1SHA256u32,v1.213,2026-03-23,no,2026-03-23,yes,v1.596
mdxfind,SHA1SHA256u40,e609,SHA1SHA256u40,v1.213,2026-03-23,no,2026-03-23,yes,v1.596
mdxfind,SHA1SHA256u34,e610,SHA1SHA256u34,v1.213,2026-03-23,no,2026-03-23,yes,v1.596
mdxfind,SHA1-MD5PEPPER-MD5MD5SALT,e611,SHA1-MD5PEPPER-MD5MD5SALT,v1.213,2026-03-23,no,2026-03-23,yes,v1.596
mdxfind,SHA1SHA256u42,e612,SHA1SHA256u42,v1.213,2026-03-23,no,2026-03-23,yes,v1.596
mdxfind,SHA1SHA256SHA256,e613,SHA1SHA256SHA256,v1.213,2026-03-23,no,2026-03-23,yes,v1.596
mdxfind,SHA1SHA256SHA256SHA256,e614,SHA1SHA256SHA256SHA256,v1.213,2026-03-23,no,2026-03-23,yes,v1.596
mdxfind,SHA1SHA256u38,e615,SHA1SHA256u38,v1.213,2026-03-23,no,2026-03-23,yes,v1.596
mdxfind,SHA1SHA256u36,e616,SHA1SHA256u36,v1.213,2026-03-23,no,2026-03-23,yes,v1.596
mdxfind,SHA1NTLM,e617,SHA1NTLM,v1.213,2026-03-23,no,2026-03-23,yes,v1.596
mdxfind,SHA1MD5SHA1MD5SHA1,e618,SHA1MD5SHA1MD5SHA1,v1.213,2026-03-23,no,2026-03-23,yes,v1.596
mdxfind,SHA1SALTSHA256,e619,SHA1SALTSHA256,v1.213,2026-03-23,no,2026-03-23,yes,v1.596
mdxfind,SHA1SHA1u35,e620,SHA1SHA1u35,v1.213,2026-03-23,no,2026-03-23,yes,v1.596
mdxfind,SHA1SHA256u37,e621,SHA1SHA256u37,v1.213,2026-03-23,no,2026-03-23,yes,v1.596
mdxfind,SHA1SHA256TRUNC,e622,SHA1SHA256TRUNC,v1.213,2026-03-23,no,2026-03-23,yes,v1.596
mdxfind,SHA1SHA256TRUNCMD5,e623,SHA1SHA256TRUNCMD5,v1.213,2026-03-23,no,2026-03-23,yes,v1.596
mdxfind,SHA1SHA1u39,e624,SHA1SHA1u39,v1.213,2026-03-23,no,2026-03-23,yes,v1.596
mdxfind,SHA1SHA1u37,e625,SHA1SHA1u37,v1.213,2026-03-23,no,2026-03-23,yes,v1.596
mdxfind,SHA1SHA1TRUNC,e626,SHA1SHA1TRUNC,v1.213,2026-03-23,no,2026-03-23,yes,v1.596
mdxfind,SHA1-MD5SHA1PASSSHA1MD5SALT,e627,SHA1-MD5SHA1PASSSHA1MD5SALT,v1.213,2026-03-23,no,2026-03-23,yes,v1.596
mdxfind,SHA1MD5CAP,e628,SHA1MD5CAP,v1.213,2026-03-23,no,2026-03-23,yes,v1.596
mdxfind,SHA1MD5CAPMD5,e629,SHA1MD5CAPMD5,v1.213,2026-03-23,no,2026-03-23,yes,v1.596
mdxfind,SHA1SHA256UCTRUNC,e630,SHA1SHA256UCTRUNC,v1.213,2026-03-23,no,2026-03-23,yes,v1.596
mdxfind,SHA1MD5MD5UCx,e631,SHA1MD5MD5UCx,v1.213,2026-03-23,no,2026-03-23,yes,v1.596
mdxfind,SHA1SHA256CAP,e632,SHA1SHA256CAP,v1.213,2026-03-23,no,2026-03-23,yes,v1.596
mdxfind,SHA1MD5SHA1-SALT,e633,SHA1MD5SHA1-SALT,v1.213,2026-03-23,no,2026-03-23,yes,v1.596
mdxfind,SHA1SHA224,e634,SHA1SHA224,v1.213,2026-03-23,no,2026-03-23,yes,v1.596
mdxfind,SHA1WRLTRUNC,e635,SHA1WRLTRUNC,v1.213,2026-03-23,no,2026-03-23,yes,v1.596
mdxfind,SHA1SHA512TRUNC,e636,SHA1SHA512TRUNC,v1.213,2026-03-23,no,2026-03-23,yes,v1.596
mdxfind,SHA1-SHA512PASSSHA512SALT,e637,SHA1-SHA512PASSSHA512SALT,v1.213,2026-03-23,no,2026-03-23,yes,v1.596
mdxfind,SHA1SHA512TRUNC1SALT,e638,SHA1SHA512TRUNC1SALT,v1.213,2026-03-23,no,2026-03-23,yes,v1.596
mdxfind,SHA1SHA1PASS-TRUNC1SALT,e639,SHA1SHA1PASS-TRUNC1SALT,v1.213,2026-03-23,no,2026-03-23,yes,v1.596
mdxfind,SHA1HAV128,e640,SHA1HAV128,v1.213,2026-03-23,no,2026-03-23,yes,v1.596
mdxfind,SHA1MD5RAW,e641,SHA1MD5RAW,v1.213,2026-03-23,no,2026-03-23,yes,v1.596
mdxfind,SHA1MD2,e642,SHA1MD2,v1.213,2026-03-23,no,2026-03-23,yes,v1.596
mdxfind,SHA1MD5BASE64,e643,SHA1MD5BASE64,v1.213,2026-03-23,no,2026-03-23,yes,v1.596
mdxfind,SHA1MD6TRUNC,e644,SHA1MD6TRUNC,v1.213,2026-03-23,no,2026-03-23,yes,v1.596
mdxfind,SHA1NTLMUC,e645,SHA1NTLMUC,v1.213,2026-03-23,no,2026-03-23,yes,v1.596
mdxfind,SHA1MD5SHA512,e646,SHA1MD5SHA512,v1.213,2026-03-23,no,2026-03-23,yes,v1.596
mdxfind,SHA1MD5WRLSHA1,e647,SHA1MD5WRLSHA1,v1.213,2026-03-23,no,2026-03-23,yes,v1.596
mdxfind,MD5WRLSHA1,e648,MD5WRLSHA1,v1.213,2026-03-23,no,2026-03-23,yes,v1.596
mdxfind,SHA1MD5BASE641SALT,e649,SHA1MD5BASE641SALT,v1.213,2026-03-23,no,2026-03-23,yes,v1.596
mdxfind,SHA1-MD5PASSMD5MD5SALT,e650,SHA1-MD5PASSMD5MD5SALT,v1.213,2026-03-23,no,2026-03-23,yes,v1.596
mdxfind,SHA1SALTMD5UCPASSPEPPER,e651,SHA1SALTMD5UCPASSPEPPER,v1.213,2026-03-23,no,2026-03-23,yes,v1.596
mdxfind,SHA1MD5UCSALT,e652,SHA1MD5UCSALT,v1.213,2026-03-23,no,2026-03-23,yes,v1.596
mdxfind,SHA1WRLUCTRUNC,e653,SHA1WRLUCTRUNC,v1.213,2026-03-23,no,2026-03-23,yes,v1.596
mdxfind,SHA1-MD5CAPPEPPER-MD5SALT,e654,SHA1-MD5CAPPEPPER-MD5SALT,v1.213,2026-03-23,no,2026-03-23,yes,v1.596
mdxfind,SHA1-MD5CAPSALT,e655,SHA1-MD5CAPSALT,v1.213,2026-03-23,no,2026-03-23,yes,v1.596
mdxfind,SHA1SHA1CAPTRUNC,e656,SHA1SHA1CAPTRUNC,v1.213,2026-03-23,no,2026-03-23,yes,v1.596
mdxfind,SHA1MD6CAPTRUNC,e657,SHA1MD6CAPTRUNC,v1.213,2026-03-23,no,2026-03-23,yes,v1.596
mdxfind,SHA1MD5UCMD5UC,e658,SHA1MD5UCMD5UC,v1.213,2026-03-23,no,2026-03-23,yes,v1.596
mdxfind,SHA1MD5CAPSALT,e659,SHA1MD5CAPSALT,v1.213,2026-03-23,no,2026-03-23,yes,v1.596
mdxfind,SHA1SQL5-32,e660,SHA1SQL5-32,v1.213,2026-03-23,no,2026-03-23,yes,v1.596
mdxfind,SHA1SHA1UCTRUNC,e661,SHA1SHA1UCTRUNC,v1.213,2026-03-23,no,2026-03-23,yes,v1.596
mdxfind,SHA1-MD5UCMD5UCPASSMD5UCSALT,e662,SHA1-MD5UCMD5UCPASSMD5UCSALT,v1.213,2026-03-23,no,2026-03-23,yes,v1.596
mdxfind,SHA1MD5MD5PASS,e663,SHA1MD5MD5PASS,v1.213,2026-03-23,no,2026-03-23,yes,v1.596
mdxfind,SHA1MD51CAP,e664,SHA1MD51CAP,v1.213,2026-03-23,no,2026-03-23,yes,v1.596
mdxfind,SHA1SALTMD5UC,e665,SHA1SALTMD5UC,v1.213,2026-03-23,no,2026-03-23,yes,v1.596
mdxfind,SHA1SHA1CAPSALT,e666,SHA1SHA1CAPSALT,v1.213,2026-03-23,no,2026-03-23,yes,v1.596
mdxfind,SHA1MD5UCMD5UCMD5UC,e667,SHA1MD5UCMD5UCMD5UC,v1.213,2026-03-23,no,2026-03-23,yes,v1.596
mdxfind,SHA1MD5UCMD5UCMD5UCMD5UC,e668,SHA1MD5UCMD5UCMD5UCMD5UC,v1.213,2026-03-23,no,2026-03-23,yes,v1.596
mdxfind,SHA1MD51CAPSALT,e669,SHA1MD51CAPSALT,v1.213,2026-03-23,no,2026-03-23,yes,v1.596
mdxfind,SHA1-MD5CAPMD5SALT,e670,SHA1-MD5CAPMD5SALT,v1.213,2026-03-23,no,2026-03-23,yes,v1.596
mdxfind,SHA1SHA512UC,e671,SHA1SHA512UC,v1.213,2026-03-23,no,2026-03-23,yes,v1.596
mdxfind,SHA1WRLUCTRUNCSALT,e672,SHA1WRLUCTRUNCSALT,v1.213,2026-03-23,no,2026-03-23,yes,v1.596
mdxfind,SHA1-MD5SHA256SALT,e673,SHA1-MD5SHA256SALT,v1.213,2026-03-23,no,2026-03-23,yes,v1.596
mdxfind,SHA256MD5SHA256MD5,e674,SHA256MD5SHA256MD5,v1.213,2026-03-23,no,2026-03-23,yes,v1.596
mdxfind,SHA1SHA256MD5SHA256MD5,e675,SHA1SHA256MD5SHA256MD5,v1.213,2026-03-23,no,2026-03-23,yes,v1.596
mdxfind,SHA1-MD5sub8-24SALT,e676,SHA1-MD5sub8-24SALT,v1.213,2026-03-23,no,2026-03-23,yes,v1.596
mdxfind,SHA1-PEPPER-MD5SALT,e677,SHA1-PEPPER-MD5SALT,v1.213,2026-03-23,no,2026-03-23,yes,v1.596
mdxfind,SHA1SHA256TRUNCSALT,e678,SHA1SHA256TRUNCSALT,v1.213,2026-03-23,no,2026-03-23,yes,v1.596
mdxfind,SHA1SHA256TRUNCMD5SALT,e679,SHA1SHA256TRUNCMD5SALT,v1.213,2026-03-23,no,2026-03-23,yes,v1.596
mdxfind,SHA1-HMAC-MD5,e680,SHA1-HMAC-MD5,v1.213,2026-03-23,no,2026-03-23,yes,v1.596
mdxfind,SHA1SALTSHA1PASSPEPPER,e681,SHA1SALTSHA1PASSPEPPER,v1.213,2026-03-23,no,2026-03-23,yes,v1.596
mdxfind,SHA1SALTMD5MD5PASS,e682,SHA1SALTMD5MD5PASS,v1.213,2026-03-23,no,2026-03-23,yes,v1.596
mdxfind,SHA1MD5TRUNCSALT,e683,SHA1MD5TRUNCSALT,v1.213,2026-03-23,no,2026-03-23,yes,v1.596
mdxfind,SHA1SHA1TRUNC-SHA1PASS-3,e684,SHA1SHA1TRUNC-SHA1PASS-3,v1.213,2026-03-23,no,2026-03-23,yes,v1.596
mdxfind,SHA1MD5-SALTMD5PASS,e685,SHA1MD5-SALTMD5PASS,v1.213,2026-03-23,no,2026-03-23,yes,v1.596
mdxfind,SHA1MD5-2xMD5-MD5,e686,SHA1MD5-2xMD5-MD5,v1.213,2026-03-23,no,2026-03-23,yes,v1.596
mdxfind,SHA1SHA1MD5MD5PASS1SALT,e687,SHA1SHA1MD5MD5PASS1SALT,v1.213,2026-03-23,no,2026-03-23,yes,v1.596
mdxfind,SHA1MD5sub1-20MD5,e688,SHA1MD5sub1-20MD5,v1.213,2026-03-23,no,2026-03-23,yes,v1.596
mdxfind,SHA1SHA512UCTRUNC,e689,SHA1SHA512UCTRUNC,v1.213,2026-03-23,no,2026-03-23,yes,v1.596
mdxfind,SHA1SALTSHA512UCTRUNC,e690,SHA1SALTSHA512UCTRUNC,v1.213,2026-03-23,no,2026-03-23,yes,v1.596
mdxfind,SHA1SALTSHA256UCTRUNC,e691,SHA1SALTSHA256UCTRUNC,v1.213,2026-03-23,no,2026-03-23,yes,v1.596
mdxfind,SHA1MD5UC-MD5UCSALT,e692,SHA1MD5UC-MD5UCSALT,v1.213,2026-03-23,no,2026-03-23,yes,v1.596
mdxfind,SHA1MD5PASSMD5,e693,SHA1MD5PASSMD5,v1.213,2026-03-23,no,2026-03-23,yes,v1.596
mdxfind,MD5DECBASE64,e694,MD5DECBASE64,v1.213,2026-03-23,no,2026-03-23,yes,v1.596
mdxfind,SHA1DECBASE64,e695,SHA1DECBASE64,v1.213,2026-03-23,no,2026-03-23,yes,v1.596
mdxfind,SHA1MD5UCSHA1BASE64,e696,SHA1MD5UCSHA1BASE64,v1.213,2026-03-23,no,2026-03-23,yes,v1.596
mdxfind,SHA1MD5SHA1MD5MD5SHA1MD5,e697,SHA1MD5SHA1MD5MD5SHA1MD5,v1.213,2026-03-23,no,2026-03-23,yes,v1.596
mdxfind,MD5SHA1MD5MD5SHA1MD5,e698,MD5SHA1MD5MD5SHA1MD5,v1.213,2026-03-23,no,2026-03-23,yes,v1.596
mdxfind,SHA1MD5UCSHA1UCMD5UC,e699,SHA1MD5UCSHA1UCMD5UC,v1.213,2026-03-23,no,2026-03-23,yes,v1.596
mdxfind,MD5MD5SHA1SALT,e700,MD5MD5SHA1SALT,v1.213,2026-03-23,no,2026-03-23,yes,v1.596
mdxfind,MD5MD5SHA256SALT,e701,MD5MD5SHA256SALT,v1.213,2026-03-23,no,2026-03-23,yes,v1.596
mdxfind,MD5SHA1x,e702,MD5SHA1x,v1.213,2026-03-23,no,2026-03-23,yes,v1.596
mdxfind,MD5DECBASE64MD5,e703,MD5DECBASE64MD5,v1.213,2026-03-23,no,2026-03-23,yes,v1.596
mdxfind,SHA1SALTMD5PASSMD5,e704,SHA1SALTMD5PASSMD5,v1.213,2026-03-23,no,2026-03-23,yes,v1.596
mdxfind,SHA1MD5sub8-24MD5,e705,SHA1MD5sub8-24MD5,v1.213,2026-03-23,no,2026-03-23,yes,v1.596
mdxfind,SHA1GOST,e706,SHA1GOST,v1.213,2026-03-23,no,2026-03-23,yes,v1.596
mdxfind,MD4UTF16SHA256x,e707,MD4UTF16SHA256x,v1.213,2026-03-23,no,2026-03-23,yes,v1.596
mdxfind,MD4UTF16SHA256SHA256SHA256SHA256SHA256,e708,MD4UTF16SHA256SHA256SHA256SHA256SHA256,v1.213,2026-03-23,no,2026-03-23,yes,v1.596
mdxfind,SHA1MD5RAWUCMD5RAW,e709,SHA1MD5RAWUCMD5RAW,v1.213,2026-03-23,no,2026-03-23,yes,v1.596
mdxfind,SHA1SHA3-256TRUNC,e710,SHA1SHA3-256TRUNC,v1.213,2026-03-23,no,2026-03-23,yes,v1.596
mdxfind,SHA1SHA3-256,e711,SHA1SHA3-256,v1.213,2026-03-23,no,2026-03-23,yes,v1.596
mdxfind,SHA1MD5SQL5,e712,SHA1MD5SQL5,v1.213,2026-03-23,no,2026-03-23,yes,v1.596
mdxfind,SHA1MD5MD5SQL5,e713,SHA1MD5MD5SQL5,v1.213,2026-03-23,no,2026-03-23,yes,v1.596
mdxfind,SHA1RMD128,e714,SHA1RMD128,v1.213,2026-03-23,no,2026-03-23,yes,v1.596
mdxfind,SHA1-SHA1SALTSHA1PASS,e715,SHA1-SHA1SALTSHA1PASS,v1.213,2026-03-23,no,2026-03-23,yes,v1.596
mdxfind,SHA1MD5MD5UC,e716,SHA1MD5MD5UC,v1.213,2026-03-23,no,2026-03-23,yes,v1.596
mdxfind,SHA1MD5MD5UCMD5UC,e717,SHA1MD5MD5UCMD5UC,v1.213,2026-03-23,no,2026-03-23,yes,v1.596
mdxfind,SHA11SALTMD5UC,e718,SHA11SALTMD5UC,v1.213,2026-03-23,no,2026-03-23,yes,v1.596
mdxfind,SHA1SALTMD5MD5PASSPEPPER,e719,SHA1SALTMD5MD5PASSPEPPER,v1.213,2026-03-23,no,2026-03-23,yes,v1.596
mdxfind,SHA1SHA1UCPASSSALT,e720,SHA1SHA1UCPASSSALT,v1.213,2026-03-23,no,2026-03-23,yes,v1.596
mdxfind,SHA1MD5sub1-20MD5MD5,e721,SHA1MD5sub1-20MD5MD5,v1.213,2026-03-23,no,2026-03-23,yes,v1.596
mdxfind,SHA1MD4UTF16UCMD4UTF16UC,e722,SHA1MD4UTF16UCMD4UTF16UC,v1.213,2026-03-23,no,2026-03-23,yes,v1.596
mdxfind,SHA1SHA512TRUNCMD5,e723,SHA1SHA512TRUNCMD5,v1.213,2026-03-23,no,2026-03-23,yes,v1.596
mdxfind,SHA1MD5UCx,e724,SHA1MD5UCx,v1.213,2026-03-23,no,2026-03-23,yes,v1.596
mdxfind,SHA1SALTSHA256TRUNC,e725,SHA1SALTSHA256TRUNC,v1.213,2026-03-23,no,2026-03-23,yes,v1.596
mdxfind,SHA1SALTSHA256TRUNCMD5,e726,SHA1SALTSHA256TRUNCMD5,v1.213,2026-03-23,no,2026-03-23,yes,v1.596
mdxfind,SHA1UTF16LE,e727,SHA1UTF16LE,v1.213,2026-03-23,no,2026-03-23,yes,v1.596
mdxfind,SHA1UTF16BEZ,e728,SHA1UTF16BEZ,v1.213,2026-03-23,no,2026-03-23,yes,v1.596
mdxfind,SHA1ZUTF16LE,e729,SHA1ZUTF16LE,v1.213,2026-03-23,no,2026-03-23,yes,v1.596
mdxfind,SHA1UCUTF16LE,e730,SHA1UCUTF16LE,v1.213,2026-03-23,no,2026-03-23,yes,v1.596
mdxfind,SHA1MD5UC1LC,e731,SHA1MD5UC1LC,v1.213,2026-03-23,no,2026-03-23,yes,v1.596
mdxfind,SHA1UTF7,e732,SHA1UTF7,v1.213,2026-03-23,no,2026-03-23,yes,v1.596
mdxfind,SHA1MD51CAPMD5,e733,SHA1MD51CAPMD5,v1.213,2026-03-23,no,2026-03-23,yes,v1.596
mdxfind,SHA1BASE64MD5,e734,SHA1BASE64MD5,v1.213,2026-03-23,no,2026-03-23,yes,v1.596
mdxfind,SHA1SALTSHA1UCPASS,e735,SHA1SALTSHA1UCPASS,v1.213,2026-03-23,no,2026-03-23,yes,v1.596
mdxfind,SHA1MD5xSALT,e736,SHA1MD5xSALT,v1.213,2026-03-23,no,2026-03-23,yes,v1.596
mdxfind,SHA1SHA11CAP,e737,SHA1SHA11CAP,v1.213,2026-03-23,no,2026-03-23,yes,v1.596
mdxfind,SHA1SALTMD5SHA1PASS,e738,SHA1SALTMD5SHA1PASS,v1.213,2026-03-23,no,2026-03-23,yes,v1.596
mdxfind,SHA1SHA1TRUNCSALT,e739,SHA1SHA1TRUNCSALT,v1.213,2026-03-23,no,2026-03-23,yes,v1.596
mdxfind,SHA1-MD5SALT-CR,e740,SHA1-MD5SALT-CR,v1.213,2026-03-23,no,2026-03-23,yes,v1.596
mdxfind,SHA1-MD5MD5SALT-CR,e741,SHA1-MD5MD5SALT-CR,v1.213,2026-03-23,no,2026-03-23,yes,v1.596
mdxfind,SHA1SALTMD5SHA1PASSPEPPER,e742,SHA1SALTMD5SHA1PASSPEPPER,v1.213,2026-03-23,no,2026-03-23,yes,v1.596
mdxfind,SHA1MD5CAPMD5SALT,e743,SHA1MD5CAPMD5SALT,v1.213,2026-03-23,no,2026-03-23,yes,v1.596
mdxfind,SHA1SALTSHA1CAP,e744,SHA1SALTSHA1CAP,v1.213,2026-03-23,no,2026-03-23,yes,v1.596
mdxfind,SHA1SHA384TRUNC,e745,SHA1SHA384TRUNC,v1.213,2026-03-23,no,2026-03-23,yes,v1.596
mdxfind,SHA1RMD160TRUNC,e746,SHA1RMD160TRUNC,v1.213,2026-03-23,no,2026-03-23,yes,v1.596
mdxfind,SHA1BASE64MD5UC,e747,SHA1BASE64MD5UC,v1.213,2026-03-23,no,2026-03-23,yes,v1.596
mdxfind,SHA1MD5CAPSHA1SALT,e748,SHA1MD5CAPSHA1SALT,v1.213,2026-03-23,no,2026-03-23,yes,v1.596
mdxfind,SHA1MD5x1CAP,e749,SHA1MD5x1CAP,v1.213,2026-03-23,no,2026-03-23,yes,v1.596
mdxfind,SHA1SHA1SHA1TRUNC,e750,SHA1SHA1SHA1TRUNC,v1.213,2026-03-23,no,2026-03-23,yes,v1.596
mdxfind,SHA1SALTSHA1MD5,e751,SHA1SALTSHA1MD5,v1.213,2026-03-23,no,2026-03-23,yes,v1.596
mdxfind,SHA1UTF16BE,e752,SHA1UTF16BE,v1.213,2026-03-23,no,2026-03-23,yes,v1.596
mdxfind,SHA1SHA0,e753,SHA1SHA0,v1.213,2026-03-23,no,2026-03-23,yes,v1.596
mdxfind,SHA1MD4,e754,SHA1MD4,v1.213,2026-03-23,no,2026-03-23,yes,v1.596
mdxfind,SHA1SHA1TRUNCMD5,e755,SHA1SHA1TRUNCMD5,v1.213,2026-03-23,no,2026-03-23,yes,v1.596
mdxfind,SHA1MD5MD5UCMD5MD5UC,e756,SHA1MD5MD5UCMD5MD5UC,v1.213,2026-03-23,no,2026-03-23,yes,v1.596
mdxfind,SHA1SALTMD5UCMD5UC,e757,SHA1SALTMD5UCMD5UC,v1.213,2026-03-23,no,2026-03-23,yes,v1.596
mdxfind,SHA1MD51CAPMD5MD5,e758,SHA1MD51CAPMD5MD5,v1.213,2026-03-23,no,2026-03-23,yes,v1.596
mdxfind,SHA1MD5SHA1PASSSALT,e759,SHA1MD5SHA1PASSSALT,v1.213,2026-03-23,no,2026-03-23,yes,v1.596
mdxfind,SHA1SQL5MD5,e760,SHA1SQL5MD5,v1.213,2026-03-23,no,2026-03-23,yes,v1.596
mdxfind,SHA1SQL5MD5MD5,e761,SHA1SQL5MD5MD5,v1.213,2026-03-23,no,2026-03-23,yes,v1.596
mdxfind,SHA1revSHA1,e762,SHA1revSHA1,v1.213,2026-03-23,no,2026-03-23,yes,v1.596
mdxfind,SHA11SALTMD5SHA256,e763,SHA11SALTMD5SHA256,v1.213,2026-03-23,no,2026-03-23,yes,v1.596
mdxfind,SHA1SHA256MD5MD5,e764,SHA1SHA256MD5MD5,v1.213,2026-03-23,no,2026-03-23,yes,v1.596
mdxfind,SHA1MD5SALTPASS,e765,SHA1MD5SALTPASS,v1.213,2026-03-23,no,2026-03-23,yes,v1.596
mdxfind,SHA224SHA1,e766,SHA224SHA1,v1.213,2026-03-23,no,2026-03-23,yes,v1.596
mdxfind,MD5DECBASE64MD5BASE64MD5,e767,MD5DECBASE64MD5BASE64MD5,v1.213,2026-03-23,no,2026-03-23,yes,v1.596
mdxfind,SHA1revBASE64,e768,SHA1revBASE64,v1.213,2026-03-23,no,2026-03-23,yes,v1.596
mdxfind,SHA1revBASE64x,e769,SHA1revBASE64x,v1.213,2026-03-23,no,2026-03-23,yes,v1.596
mdxfind,SHA1BASE64CUSTBASE64MD5,e770,SHA1BASE64CUSTBASE64MD5,v1.213,2026-03-23,no,2026-03-23,yes,v1.596
mdxfind,SHA1MD5sub1-16,e771,SHA1MD5sub1-16,v1.213,2026-03-23,no,2026-03-23,yes,v1.596
mdxfind,SHA1MD5sub1-16MD5,e772,SHA1MD5sub1-16MD5,v1.213,2026-03-23,no,2026-03-23,yes,v1.596
mdxfind,SHA1MD5sub1-16MD5MD5,e773,SHA1MD5sub1-16MD5MD5,v1.213,2026-03-23,no,2026-03-23,yes,v1.596
mdxfind,SHA1SHA1sub1-16,e774,SHA1SHA1sub1-16,v1.213,2026-03-23,no,2026-03-23,yes,v1.596
mdxfind,MD4UTF16MD5MD5MD5MD5,e775,MD4UTF16MD5MD5MD5MD5,v1.213,2026-03-23,no,2026-03-23,yes,v1.596
mdxfind,MD4UTF16SHA1UC,e776,MD4UTF16SHA1UC,v1.213,2026-03-23,no,2026-03-23,yes,v1.596
mdxfind,MD4UTF16MD5x,e777,MD4UTF16MD5x,v1.213,2026-03-23,no,2026-03-23,yes,v1.596
mdxfind,MD4UTF16SHA1x,e778,MD4UTF16SHA1x,v1.213,2026-03-23,no,2026-03-23,yes,v1.596
mdxfind,MD4UTF16SHA256MD5,e779,MD4UTF16SHA256MD5,v1.213,2026-03-23,no,2026-03-23,yes,v1.596
mdxfind,MD4UTF16SHA256SHA1,e780,MD4UTF16SHA256SHA1,v1.213,2026-03-23,no,2026-03-23,yes,v1.596
mdxfind,MD4UTF16-2xMD5,e781,MD4UTF16-2xMD5,v1.213,2026-03-23,no,2026-03-23,yes,v1.596
mdxfind,MD4UTF16MD5PASSMD5SHA1PASS,e782,MD4UTF16MD5PASSMD5SHA1PASS,v1.213,2026-03-23,no,2026-03-23,yes,v1.596
mdxfind,MD4UTF16MD5PASSMD5SALT,e783,MD4UTF16MD5PASSMD5SALT,v1.213,2026-03-23,no,2026-03-23,yes,v1.596
mdxfind,MD4UTF16MD5MD5PASSMD5SALT,e784,MD4UTF16MD5MD5PASSMD5SALT,v1.213,2026-03-23,no,2026-03-23,yes,v1.596
mdxfind,MD4UTF16MD5PASSMD5SHA1SALT,e785,MD4UTF16MD5PASSMD5SHA1SALT,v1.213,2026-03-23,no,2026-03-23,yes,v1.596
mdxfind,NTLMH,e786,NTLMH,v1.213,2026-03-23,no,2026-03-23,yes,v1.596
mdxfind,MD4UTF16SQL3,e787,MD4UTF16SQL3,v1.213,2026-03-23,no,2026-03-23,yes,v1.596
mdxfind,MD4UTF16BASE64,e788,MD4UTF16BASE64,v1.213,2026-03-23,no,2026-03-23,yes,v1.596
mdxfind,MD4UTF16revBASE64x,e789,MD4UTF16revBASE64x,v1.213,2026-03-23,no,2026-03-23,yes,v1.596
mdxfind,SHA1BASE64SHA256,e790,SHA1BASE64SHA256,v1.213,2026-03-23,no,2026-03-23,yes,v1.596
mdxfind,MD4UTF16BASE64SHA256,e791,MD4UTF16BASE64SHA256,v1.213,2026-03-23,no,2026-03-23,yes,v1.596
mdxfind,HMAC-MD5-KPASS,e792,HMAC-MD5-KPASS,v1.213,2026-03-23,no,2026-03-23,yes,v1.596
mdxfind,HMAC-SHA1-KPASS,e793,HMAC-SHA1-KPASS,v1.213,2026-03-23,no,2026-03-23,yes,v1.596
mdxfind,HMAC-SHA224-KPASS,e794,HMAC-SHA224-KPASS,v1.213,2026-03-23,no,2026-03-23,yes,v1.596
mdxfind,HMAC-SHA256-KPASS,e795,HMAC-SHA256-KPASS,v1.213,2026-03-23,no,2026-03-23,yes,v1.596
mdxfind,HMAC-SHA384-KPASS,e796,HMAC-SHA384-KPASS,v1.213,2026-03-23,no,2026-03-23,yes,v1.596
mdxfind,HMAC-SHA512-KPASS,e797,HMAC-SHA512-KPASS,v1.213,2026-03-23,no,2026-03-23,yes,v1.596
mdxfind,HMAC-RMD160-KPASS,e798,HMAC-RMD160-KPASS,v1.213,2026-03-23,no,2026-03-23,yes,v1.596
mdxfind,HMAC-RMD320-KPASS,e799,HMAC-RMD320-KPASS,v1.213,2026-03-23,no,2026-03-23,yes,v1.596
mdxfind,MD5UTF16LE,e800,MD5UTF16LE,v1.213,2026-03-23,no,2026-03-23,yes,v1.596
mdxfind,MD5UTF16LEPASSSALT,e801,MD5UTF16LEPASSSALT,v1.213,2026-03-23,no,2026-03-23,yes,v1.596
mdxfind,MD5UTF16LESALTPASS,e802,MD5UTF16LESALTPASS,v1.213,2026-03-23,no,2026-03-23,yes,v1.596
mdxfind,SHA1UTF16LEPASSSALT,e803,SHA1UTF16LEPASSSALT,v1.213,2026-03-23,no,2026-03-23,yes,v1.596
mdxfind,SHA1UTF16LESALTPASS,e804,SHA1UTF16LESALTPASS,v1.213,2026-03-23,no,2026-03-23,yes,v1.596
mdxfind,SHA256UTF16LE,e805,SHA256UTF16LE,v1.213,2026-03-23,no,2026-03-23,yes,v1.596
mdxfind,SHA256UTF16LEPASSSALT,e806,SHA256UTF16LEPASSSALT,v1.213,2026-03-23,no,2026-03-23,yes,v1.596
mdxfind,SHA256UTF16LESALTPASS,e807,SHA256UTF16LESALTPASS,v1.213,2026-03-23,no,2026-03-23,yes,v1.596
mdxfind,SHA512UTF16LE,e808,SHA512UTF16LE,v1.213,2026-03-23,no,2026-03-23,yes,v1.596
mdxfind,SHA512UTF16LEPASSSALT,e809,SHA512UTF16LEPASSSALT,v1.213,2026-03-23,no,2026-03-23,yes,v1.596
mdxfind,SHA512UTF16LESALTPASS,e810,SHA512UTF16LESALTPASS,v1.213,2026-03-23,no,2026-03-23,yes,v1.596
mdxfind,SHA384PASSSALT,e811,SHA384PASSSALT,v1.213,2026-03-23,no,2026-03-23,yes,v1.596
mdxfind,SHA384SALTPASS,e812,SHA384SALTPASS,v1.213,2026-03-23,no,2026-03-23,yes,v1.596
mdxfind,SHA384UTF16LE,e813,SHA384UTF16LE,v1.213,2026-03-23,no,2026-03-23,yes,v1.596
mdxfind,SHA384UTF16LEPASSSALT,e814,SHA384UTF16LEPASSSALT,v1.213,2026-03-23,no,2026-03-23,yes,v1.596
mdxfind,SHA384UTF16LESALTPASS,e815,SHA384UTF16LESALTPASS,v1.213,2026-03-23,no,2026-03-23,yes,v1.596
mdxfind,RMD320,e816,RMD320,v1.213,2026-03-23,no,2026-03-23,yes,v1.596
mdxfind,MD5-SHA1SALTPASS,e817,MD5-SHA1SALTPASS,v1.213,2026-03-23,no,2026-03-23,yes,v1.596
mdxfind,MD5-SALTMD5PASS-SALT,e818,MD5-SALTMD5PASS-SALT,v1.213,2026-03-23,no,2026-03-23,yes,v1.596
mdxfind,MD5-MD5MD5PASSSALT-PEP,e819,MD5-MD5MD5PASSSALT-PEP,v1.213,2026-03-23,no,2026-03-23,yes,v1.596
mdxfind,MD5-MD5SALT-MD5MD5PASS,e820,MD5-MD5SALT-MD5MD5PASS,v1.213,2026-03-23,no,2026-03-23,yes,v1.596
mdxfind,MD5-MD5MD5PASSSALT-PEP2,e821,MD5-MD5MD5PASSSALT-PEP2,v1.213,2026-03-23,no,2026-03-23,yes,v1.596
mdxfind,MD5-SALT-SHA1PEPPASS,e822,MD5-SALT-SHA1PEPPASS,v1.213,2026-03-23,no,2026-03-23,yes,v1.596
mdxfind,SHA1-SALTSHA1PASSSALT,e823,SHA1-SALTSHA1PASSSALT,v1.213,2026-03-23,no,2026-03-23,yes,v1.596
mdxfind,SHA1-SALTSHA1U16,e824,SHA1-SALTSHA1U16,v1.213,2026-03-23,no,2026-03-23,yes,v1.596
mdxfind,SHA256SALTPASSSALT,e825,SHA256SALTPASSSALT,v1.213,2026-03-23,no,2026-03-23,yes,v1.596
mdxfind,SHA256-SALTSHA256RAW,e826,SHA256-SALTSHA256RAW,v1.213,2026-03-23,no,2026-03-23,yes,v1.596
mdxfind,WRLSALTPASSSALT,e827,WRLSALTPASSSALT,v1.213,2026-03-23,no,2026-03-23,yes,v1.596
mdxfind,HMAC-BLAKE2S,e828,HMAC-BLAKE2S,v1.213,2026-03-23,no,2026-03-23,yes,v1.596
mdxfind,MURMUR64A,e829,MURMUR64A,v1.213,2026-03-23,no,2026-03-23,yes,v1.596
mdxfind,MURMUR64AZERO,e830,MURMUR64AZERO,v1.213,2026-03-23,no,2026-03-23,yes,v1.596
mdxfind,SHA224PASSSALT,e831,SHA224PASSSALT,v1.213,2026-03-23,no,2026-03-23,yes,v1.596
mdxfind,SHA224SALTPASS,e832,SHA224SALTPASS,v1.213,2026-03-23,no,2026-03-23,yes,v1.596
mdxfind,SSHA1BASE64,e833,SSHA1BASE64,v1.213,2026-03-23,no,2026-03-23,yes,v1.596
mdxfind,SHA1PASSHEXSALT,e834,SHA1PASSHEXSALT,v1.213,2026-03-23,no,2026-03-23,yes,v1.596
mdxfind,SSHA256BASE64,e835,SSHA256BASE64,v1.213,2026-03-23,no,2026-03-23,yes,v1.596
mdxfind,SSHA512BASE64,e836,SSHA512BASE64,v1.213,2026-03-23,no,2026-03-23,yes,v1.596
mdxfind,HMAC-STREEBOG256-KPASS,e837,HMAC-STREEBOG256-KPASS,v1.213,2026-03-23,no,2026-03-23,yes,v1.596
mdxfind,HMAC-STREEBOG256,e838,HMAC-STREEBOG256,v1.213,2026-03-23,no,2026-03-23,yes,v1.596
mdxfind,HMAC-STREEBOG512-KPASS,e839,HMAC-STREEBOG512-KPASS,v1.213,2026-03-23,no,2026-03-23,yes,v1.596
mdxfind,HMAC-STREEBOG512,e840,HMAC-STREEBOG512,v1.213,2026-03-23,no,2026-03-23,yes,v1.596
mdxfind,BLAKE2B512,e841,BLAKE2B512,v1.213,2026-03-23,no,2026-03-23,yes,v1.596
mdxfind,BLAKE2B512PASSSALT,e842,BLAKE2B512PASSSALT,v1.213,2026-03-23,no,2026-03-23,yes,v1.596
mdxfind,BLAKE2B512SALTPASS,e843,BLAKE2B512SALTPASS,v1.213,2026-03-23,no,2026-03-23,yes,v1.596
mdxfind,BLAKE2S256,e844,BLAKE2S256,v1.213,2026-03-23,no,2026-03-23,yes,v1.596
mdxfind,BLAKE2B256,e845,BLAKE2B256,v1.213,2026-03-23,no,2026-03-23,yes,v1.596
mdxfind,BLAKE2B256PASSSALT,e846,BLAKE2B256PASSSALT,v1.213,2026-03-23,no,2026-03-23,yes,v1.596
mdxfind,BLAKE2B256SALTPASS,e847,BLAKE2B256SALTPASS,v1.213,2026-03-23,no,2026-03-23,yes,v1.596
mdxfind,DESENCRYPT,e848,DESENCRYPT,v1.213,2026-03-23,no,2026-03-23,yes,v1.596
mdxfind,DES3ENCRYPT,e849,DES3ENCRYPT,v1.213,2026-03-23,no,2026-03-23,yes,v1.596
mdxfind,MSSQL2000,e850,MSSQL2000,v1.213,2026-03-23,no,2026-03-23,yes,v1.596
mdxfind,MSSQL2005,e851,MSSQL2005,v1.213,2026-03-23,no,2026-03-23,yes,v1.596
mdxfind,MSSQL2012,e852,MSSQL2012,v1.213,2026-03-23,no,2026-03-23,yes,v1.596
mdxfind,MACOSX,e853,MACOSX,v1.213,2026-03-23,no,2026-03-23,yes,v1.596
mdxfind,MACOSX7,e854,MACOSX7,v1.213,2026-03-23,no,2026-03-23,yes,v1.596
mdxfind,POSTGRESQL,e855,POSTGRESQL,v1.213,2026-03-23,no,2026-03-23,yes,v1.596
mdxfind,JUNIPERSSG,e856,JUNIPERSSG,v1.213,2026-03-23,no,2026-03-23,yes,v1.596
mdxfind,SKYPE,e857,SKYPE,v1.213,2026-03-23,no,2026-03-23,yes,v1.596
mdxfind,PEOPLESOFT,e858,PEOPLESOFT,v1.213,2026-03-23,no,2026-03-23,yes,v1.596
mdxfind,EPISERVER,e859,EPISERVER,v1.213,2026-03-23,no,2026-03-23,yes,v1.596
mdxfind,HMAILSERVER,e860,HMAILSERVER,v1.213,2026-03-23,no,2026-03-23,yes,v1.596
mdxfind,CISCOPIX,e861,CISCOPIX,v1.213,2026-03-23,no,2026-03-23,yes,v1.596
mdxfind,CISCOASA,e862,CISCOASA,v1.213,2026-03-23,no,2026-03-23,yes,v1.596
mdxfind,MEDIAWIKI,e863,MEDIAWIKI,v1.213,2026-03-23,no,2026-03-23,yes,v1.596
mdxfind,DAHUA,e864,DAHUA,v1.213,2026-03-23,no,2026-03-23,yes,v1.596
mdxfind,CISCO4,e865,CISCO4,v1.213,2026-03-23,no,2026-03-23,yes,v1.596
mdxfind,CISCOISE,e866,CISCOISE,v1.213,2026-03-23,no,2026-03-23,yes,v1.596
mdxfind,SAMSUNGSHA1,e867,SAMSUNGSHA1,v1.213,2026-03-23,no,2026-03-23,yes,v1.596
mdxfind,AIX-MD5,e868,AIX-MD5,v1.213,2026-03-23,no,2026-03-23,yes,v1.596
mdxfind,AIX-SHA1,e869,AIX-SHA1,v1.213,2026-03-23,no,2026-03-23,yes,v1.596
mdxfind,AIX-SHA256,e870,AIX-SHA256,v1.213,2026-03-23,no,2026-03-23,yes,v1.596
mdxfind,AIX-SHA512,e871,AIX-SHA512,v1.213,2026-03-23,no,2026-03-23,yes,v1.596
mdxfind,IPMI2-SHA1,e872,IPMI2-SHA1,v1.213,2026-03-23,no,2026-03-23,yes,v1.596
mdxfind,IPMI2-MD5,e873,IPMI2-MD5,v1.213,2026-03-23,no,2026-03-23,yes,v1.596
mdxfind,KRB5PA23,e874,KRB5PA23,v1.213,2026-03-23,no,2026-03-23,yes,v1.596
mdxfind,MYSQL-SHA256CRYPT,e875,MYSQL-SHA256CRYPT,v1.213,2026-03-23,no,2026-03-23,yes,v1.596
mdxfind,DRUPAL7,e876,DRUPAL7,v1.213,2026-03-23,no,2026-03-23,yes,v1.596
mdxfind,SYBASE-ASE,e877,SYBASE-ASE,v1.213,2026-03-23,no,2026-03-23,yes,v1.596
mdxfind,NETSCALER,e878,NETSCALER,v1.213,2026-03-23,no,2026-03-23,yes,v1.596
mdxfind,NSEC3,e879,NSEC3,v1.213,2026-03-23,no,2026-03-23,yes,v1.596
mdxfind,WBB3,e880,WBB3,v1.213,2026-03-23,no,2026-03-23,yes,v1.596
mdxfind,RACF,e881,RACF,v1.213,2026-03-23,no,2026-03-23,yes,v1.596
mdxfind,DOMINO5,e882,DOMINO5,v1.213,2026-03-23,no,2026-03-23,yes,v1.596
mdxfind,DOMINO6,e883,DOMINO6,v1.213,2026-03-23,no,2026-03-23,yes,v1.596
mdxfind,SCRYPT,e884,SCRYPT,v1.213,2026-03-23,no,2026-03-23,yes,v1.596
mdxfind,JUNIPERIVE,e885,JUNIPERIVE,v1.213,2026-03-23,no,2026-03-23,yes,v1.596
mdxfind,PHPS,e886,PHPS,v1.213,2026-03-23,no,2026-03-23,yes,v1.596
mdxfind,ARUBAOS,e887,ARUBAOS,v1.213,2026-03-23,no,2026-03-23,yes,v1.596
mdxfind,ISCSI-CHAP,e888,ISCSI-CHAP,v1.213,2026-03-23,no,2026-03-23,yes,v1.596
mdxfind,WERKZEUG-MD5,e889,WERKZEUG-MD5,v1.213,2026-03-23,no,2026-03-23,yes,v1.596
mdxfind,WERKZEUG-SHA256,e890,WERKZEUG-SHA256,v1.213,2026-03-23,no,2026-03-23,yes,v1.596
mdxfind,AUTHME,e891,AUTHME,v1.213,2026-03-23,no,2026-03-23,yes,v1.596
mdxfind,NETWITNESS,e892,NETWITNESS,v1.213,2026-03-23,no,2026-03-23,yes,v1.596
mdxfind,NETSCALER-SHA512,e893,NETSCALER-SHA512,v1.213,2026-03-23,no,2026-03-23,yes,v1.596
mdxfind,SHA1SHA1SALTPASSSALT,e894,SHA1SHA1SALTPASSSALT,v1.213,2026-03-23,no,2026-03-23,yes,v1.596
mdxfind,NETSCALER-PBKDF2,e895,NETSCALER-PBKDF2,v1.213,2026-03-23,no,2026-03-23,yes,v1.596
mdxfind,ORACLE7,e896,ORACLE7,v1.213,2026-03-23,no,2026-03-23,yes,v1.596
mdxfind,NETNTLMV1,e897,NETNTLMV1,v1.213,2026-03-23,no,2026-03-23,yes,v1.596
mdxfind,NETNTLMV2,e898,NETNTLMV2,v1.213,2026-03-23,no,2026-03-23,yes,v1.596
mdxfind,LASTPASS,e899,LASTPASS,v1.213,2026-03-23,no,2026-03-23,yes,v1.596
mdxfind,FORTIGATE,e900,FORTIGATE,v1.213,2026-03-23,no,2026-03-23,yes,v1.596
mdxfind,DOMINO8,e901,DOMINO8,v1.213,2026-03-23,no,2026-03-23,yes,v1.596
mdxfind,SIPHASH,e902,SIPHASH,v1.213,2026-03-23,no,2026-03-23,yes,v1.596
mdxfind,CRAMMD5,e903,CRAMMD5,v1.213,2026-03-23,no,2026-03-23,yes,v1.596
mdxfind,SAPCODVNH,e904,SAPCODVNH,v1.213,2026-03-23,no,2026-03-23,yes,v1.596
mdxfind,REDHAT389DS,e905,REDHAT389DS,v1.213,2026-03-23,no,2026-03-23,yes,v1.596
mdxfind,POSTGRESCRAM,e906,POSTGRESCRAM,v1.213,2026-03-23,no,2026-03-23,yes,v1.596
mdxfind,MYSQLCRAM,e907,MYSQLCRAM,v1.213,2026-03-23,no,2026-03-23,yes,v1.596
mdxfind,SHIRO1,e908,SHIRO1,v1.213,2026-03-23,no,2026-03-23,yes,v1.596
mdxfind,ECRYPTFS,e909,ECRYPTFS,v1.213,2026-03-23,no,2026-03-23,yes,v1.596
mdxfind,ORACLE12,e910,ORACLE12,v1.213,2026-03-23,no,2026-03-23,yes,v1.596
mdxfind,COLDFUSION10,e911,COLDFUSION10,v1.213,2026-03-23,no,2026-03-23,yes,v1.596
mdxfind,AZURESYNC,e912,AZURESYNC,v1.213,2026-03-23,no,2026-03-23,yes,v1.596
mdxfind,ANDROIDFDE,e913,ANDROIDFDE,v1.213,2026-03-23,no,2026-03-23,yes,v1.596
mdxfind,KRB5TGS23,e914,KRB5TGS23,v1.213,2026-03-23,no,2026-03-23,yes,v1.596
mdxfind,AXCRYPT,e915,AXCRYPT,v1.213,2026-03-23,no,2026-03-23,yes,v1.596
mdxfind,AXCRYPTSHA1,e916,AXCRYPTSHA1,v1.213,2026-03-23,no,2026-03-23,yes,v1.596
mdxfind,CISCO9,e917,CISCO9,v1.213,2026-03-23,no,2026-03-23,yes,v1.596
mdxfind,DCC2,e918,DCC2,v1.213,2026-03-23,no,2026-03-23,yes,v1.596
mdxfind,PWSAFE3,e919,PWSAFE3,v1.213,2026-03-23,no,2026-03-23,yes,v1.596
mdxfind,IKEPSK-MD5,e920,IKEPSK-MD5,v1.213,2026-03-23,no,2026-03-23,yes,v1.596
mdxfind,IKEPSK-SHA1,e921,IKEPSK-SHA1,v1.213,2026-03-23,no,2026-03-23,yes,v1.596
mdxfind,SAP-BCODE,e922,SAP-BCODE,v1.213,2026-03-23,no,2026-03-23,yes,v1.596
mdxfind,SAP-BCODE4,e923,SAP-BCODE4,v1.213,2026-03-23,no,2026-03-23,yes,v1.596
mdxfind,SAP-PASSCODE,e924,SAP-PASSCODE,v1.213,2026-03-23,no,2026-03-23,yes,v1.596
mdxfind,SAP-PASSCODE5,e925,SAP-PASSCODE5,v1.213,2026-03-23,no,2026-03-23,yes,v1.596
mdxfind,AS400-DES,e926,AS400-DES,v1.213,2026-03-23,no,2026-03-23,yes,v1.596
mdxfind,PS-TOKEN,e927,PS-TOKEN,v1.213,2026-03-23,no,2026-03-23,yes,v1.596
mdxfind,WINPHONE,e928,WINPHONE,v1.213,2026-03-23,no,2026-03-23,yes,v1.596
mdxfind,RACF-KDFAES,e929,RACF-KDFAES,v1.213,2026-03-23,no,2026-03-23,yes,v1.596
mdxfind,TACACS,e930,TACACS,v1.213,2026-03-23,no,2026-03-23,yes,v1.596
mdxfind,APPLE-SECURE-NOTES,e931,APPLE-SECURE-NOTES,v1.213,2026-03-23,no,2026-03-23,yes,v1.596
mdxfind,CRAMMD5-DOVECOT,e932,CRAMMD5-DOVECOT,v1.213,2026-03-23,no,2026-03-23,yes,v1.596
mdxfind,JWT,e933,JWT,v1.213,2026-03-23,no,2026-03-23,yes,v1.596
mdxfind,QNX-MD5,e934,QNX-MD5,v1.213,2026-03-23,no,2026-03-23,yes,v1.596
mdxfind,QNX-SHA256,e935,QNX-SHA256,v1.213,2026-03-23,no,2026-03-23,yes,v1.596
mdxfind,QNX-SHA512,e936,QNX-SHA512,v1.213,2026-03-23,no,2026-03-23,yes,v1.596
mdxfind,QNX7-SHA512,e937,QNX7-SHA512,v1.213,2026-03-23,no,2026-03-23,yes,v1.596
mdxfind,SHA1-S1PS2,e938,SHA1-S1PS2,v1.213,2026-03-23,no,2026-03-23,yes,v1.596
mdxfind,RAILS-RESTFUL,e939,RAILS-RESTFUL,v1.213,2026-03-23,no,2026-03-23,yes,v1.596
mdxfind,KRB5PA-17,e940,KRB5PA-17,v1.213,2026-03-23,no,2026-03-23,yes,v1.596
mdxfind,KRB5PA-18,e941,KRB5PA-18,v1.213,2026-03-23,no,2026-03-23,yes,v1.596
mdxfind,WPA-PMKID,e942,WPA-PMKID,v1.213,2026-03-23,no,2026-03-23,yes,v1.596
mdxfind,WPA-EAPOL,e943,WPA-EAPOL,v1.213,2026-03-23,no,2026-03-23,yes,v1.596
mdxfind,ANSIBLE-VAULT,e944,ANSIBLE-VAULT,v1.213,2026-03-23,no,2026-03-23,yes,v1.596
mdxfind,APFS,e945,APFS,v1.213,2026-03-23,no,2026-03-23,yes,v1.596
mdxfind,OTM-SHA256,e946,OTM-SHA256,v1.213,2026-03-23,no,2026-03-23,yes,v1.596
mdxfind,TELEGRAM-SHA256,e947,TELEGRAM-SHA256,v1.213,2026-03-23,no,2026-03-23,yes,v1.596
mdxfind,WEB2PY-SHA512,e948,WEB2PY-SHA512,v1.213,2026-03-23,no,2026-03-23,yes,v1.596
mdxfind,SOLARWINDS,e949,SOLARWINDS,v1.213,2026-03-23,no,2026-03-23,yes,v1.596
mdxfind,SOLARWINDS2,e950,SOLARWINDS2,v1.213,2026-03-23,no,2026-03-23,yes,v1.596
mdxfind,SIMPLACMS,e951,SIMPLACMS,v1.213,2026-03-23,no,2026-03-23,yes,v1.596
mdxfind,APPLE-KEYCHAIN,e952,APPLE-KEYCHAIN,v1.213,2026-03-23,no,2026-03-23,yes,v1.596
mdxfind,APPLE-IWORK,e953,APPLE-IWORK,v1.213,2026-03-23,no,2026-03-23,yes,v1.596
mdxfind,BITWARDEN,e954,BITWARDEN,v1.213,2026-03-23,no,2026-03-23,yes,v1.596
mdxfind,MONGODB-SHA1,e955,MONGODB-SHA1,v1.213,2026-03-23,no,2026-03-23,yes,v1.596
mdxfind,MONGODB-SHA256,e956,MONGODB-SHA256,v1.213,2026-03-23,no,2026-03-23,yes,v1.596
mdxfind,FORTIGATE256,e957,FORTIGATE256,v1.213,2026-03-23,no,2026-03-23,yes,v1.596
mdxfind,UMBRACO,e958,UMBRACO,v1.213,2026-03-23,no,2026-03-23,yes,v1.596
mdxfind,DAHUA-AUTH,e959,DAHUA-AUTH,v1.213,2026-03-23,no,2026-03-23,yes,v1.596
mdxfind,BESDER-AUTH,e960,BESDER-AUTH,v1.213,2026-03-23,no,2026-03-23,yes,v1.596
mdxfind,SQLCIPHER,e961,SQLCIPHER,v1.213,2026-03-23,no,2026-03-23,yes,v1.596
mdxfind,RORAILS-SHA1,e962,RORAILS-SHA1,v1.213,2026-03-23,no,2026-03-23,yes,v1.596
mdxfind,AES128-NOKDF,e963,AES128-NOKDF,v1.213,2026-03-23,no,2026-03-23,yes,v1.596
mdxfind,AES192-NOKDF,e964,AES192-NOKDF,v1.213,2026-03-23,no,2026-03-23,yes,v1.596
mdxfind,AES256-NOKDF,e965,AES256-NOKDF,v1.213,2026-03-23,no,2026-03-23,yes,v1.596
mdxfind,VMWARE-VMX,e966,VMWARE-VMX,v1.213,2026-03-23,no,2026-03-23,yes,v1.596
mdxfind,BCRYPTSHA512,e967,BCRYPTSHA512,v1.213,2026-03-23,no,2026-03-23,yes,v1.596
mdxfind,POSTGRESSCRAM256,e968,POSTGRESSCRAM256,v1.213,2026-03-23,no,2026-03-23,yes,v1.596
mdxfind,AWSSIGV4,e969,AWSSIGV4,v1.213,2026-03-23,no,2026-03-23,yes,v1.596
mdxfind,KRB5DB17,e970,KRB5DB17,v1.213,2026-03-23,no,2026-03-23,yes,v1.596
mdxfind,KRB5DB18,e971,KRB5DB18,v1.213,2026-03-23,no,2026-03-23,yes,v1.596
mdxfind,MURMUR3,e972,MURMUR3,v1.213,2026-03-23,no,2026-03-23,yes,v1.596
mdxfind,VEEAM-VBK,e973,VEEAM-VBK,v1.213,2026-03-23,no,2026-03-23,yes,v1.596
mdxfind,MSSNTP,e974,MSSNTP,v1.213,2026-03-23,no,2026-03-23,yes,v1.596
mdxfind,SSPR-MD5,e975,SSPR-MD5,v1.213,2026-03-23,no,2026-03-23,yes,v1.596
mdxfind,SSPR-SHA1,e976,SSPR-SHA1,v1.213,2026-03-23,no,2026-03-23,yes,v1.596
mdxfind,SSPR-SHA1S,e977,SSPR-SHA1S,v1.213,2026-03-23,no,2026-03-23,yes,v1.596
mdxfind,SSPR-SHA256,e978,SSPR-SHA256,v1.213,2026-03-23,no,2026-03-23,yes,v1.596
mdxfind,SSPR-SHA512,e979,SSPR-SHA512,v1.213,2026-03-23,no,2026-03-23,yes,v1.596
mdxfind,EMPIRECMS,e980,EMPIRECMS,v1.213,2026-03-23,no,2026-03-23,yes,v1.596
mdxfind,PBKDF1-SHA1,e981,PBKDF1-SHA1,v1.213,2026-03-23,no,2026-03-23,yes,v1.596
mdxfind,MSONLINE,e982,MSONLINE,v1.213,2026-03-23,no,2026-03-23,yes,v1.596
mdxfind,WBB4,e983,WBB4,v1.213,2026-03-23,no,2026-03-23,yes,v1.596
mdxfind,SAPCODVNH512,e984,SAPCODVNH512,v1.213,2026-03-23,no,2026-03-23,yes,v1.596
mdxfind,SM3CRYPT,e985,SM3CRYPT,v1.213,2026-03-23,no,2026-03-23,yes,v1.596
mdxfind,AS400SSHA1,e986,AS400SSHA1,v1.213,2026-03-23,no,2026-03-23,yes,v1.596
mdxfind,ARGON2,e987,ARGON2,v1.213,2026-03-23,no,2026-03-23,yes,v1.596
mdxfind,SM3,e988,SM3,v1.213,2026-03-23,no,2026-03-23,yes,v1.596
mdxfind,BCRYPTHMACSHA256,e989,BCRYPTHMACSHA256,v1.213,2026-03-23,no,2026-03-23,yes,v1.596
mdxfind,WPA-PMK,e990,WPA-PMK,v1.213,2026-03-23,no,2026-03-23,yes,v1.596
mdxfind,MD5SALT1SALT2,e991,MD5SALT1SALT2,v1.213,2026-03-23,no,2026-03-23,yes,v1.596
mdxfind,SYMFONY256,e992,SYMFONY256,v1.213,2026-03-23,no,2026-03-23,yes,v1.596
mdxfind,WPBCRYPT,e993,WPBCRYPT,v1.213,2026-03-23,no,2026-03-23,yes,v1.596
mdxfind,GOST12512CRYPT,e994,GOST12512CRYPT,v1.213,2026-03-23,no,2026-03-23,yes,v1.596
mdxfind,YESCRYPT,e995,YESCRYPT,v1.245,2026-03-30,yes,2026-03-30,yes,v1.596
mdxfind,MD5SHA256SHA256,e996,MD5SHA256SHA256,v1.302,2026-04-14,yes,2026-04-14,yes,v1.596
mdxfind,BSDICRYPT,e997,BSDICRYPT,v1.525,2026-06-04,yes,2026-06-04,yes,v1.596
mdxfind,GOST-YESCRYPT,e998,GOST-YESCRYPT,v1.531,2026-08-09,yes,2026-08-09,yes,v1.596
mdxfind,SHA1CRYPT,e999,SHA1CRYPT,v1.531,2026-08-09,yes,2026-08-09,yes,v1.596
mdxfind,7ZIP,e1000,7ZIP,v1.531,2026-08-09,yes,2026-08-09,yes,v1.596
mdxfind,CMIYC,e1001,CMIYC,v1.531,2026-08-09,yes,2026-08-09,yes,v1.596
mdxfind,RMD256,e1002,RMD256,v1.545,2026-08-29,yes,2026-08-29,yes,v1.596
mdxfind,MD4SALTPASS,e1003,MD4SALTPASS,v1.576,2026-09-02,yes,2026-09-02,yes,v1.596
mdxfind,MD4PASSSALT,e1004,MD4PASSSALT,v1.576,2026-09-02,yes,2026-09-02,yes,v1.596
mdxfind,SHA1UCUSERPASS,e1005,SHA1UCUSERPASS,v1.576,2026-09-02,yes,2026-09-02,yes,v1.596
mdxfind,SHA1USERCOLONPASS,e1006,SHA1USERCOLONPASS,v1.576,2026-09-02,yes,2026-09-02,yes,v1.596
mdxfind,MD5PASSSALTMD5PASSSALT,e1007,MD5PASSSALTMD5PASSSALT,v1.576,2026-09-02,yes,2026-09-02,yes,v1.596
mdxfind,QAS-VASAUTH,e1008,QAS-VASAUTH,v1.576,2026-09-02,yes,2026-09-02,yes,v1.596
mdxfind,POSTOFFICE,e1009,POSTOFFICE,v1.576,2026-09-02,yes,2026-09-02,yes,v1.596
mdxfind,IPB2,e1010,IPB2,v1.576,2026-09-02,yes,2026-09-02,yes,v1.596
mdxfind,MD5USERMD5PASSSALT,e1011,MD5USERMD5PASSSALT,v1.576,2026-09-02,yes,2026-09-02,yes,v1.596
mdxfind,RVARY,e1012,RVARY,v1.576,2026-09-02,yes,2026-09-02,yes,v1.596
mdxfind,SHA512RAWPASSSALT,e1013,SHA512RAWPASSSALT,v1.576,2026-09-02,yes,2026-09-02,yes,v1.596
mdxfind,EPISERVER-SID,e1014,EPISERVER-SID,v1.576,2026-09-02,yes,2026-09-02,yes,v1.596
mdxfind,ORACLE11,e1015,ORACLE11,v1.576,2026-09-02,yes,2026-09-02,yes,v1.596
mdxfind,SAPCODVNH256,e1016,SAPCODVNH256,v1.576,2026-09-02,yes,2026-09-02,yes,v1.596
mdxfind,SAPCODVNH384,e1017,SAPCODVNH384,v1.576,2026-09-02,yes,2026-09-02,yes,v1.596
mdxfind,MONGODB,e1018,MONGODB,v1.576,2026-09-02,yes,2026-09-02,yes,v1.596
mdxfind,H3C,e1019,H3C,v1.576,2026-09-02,yes,2026-09-02,yes,v1.596
mdxfind,ARGON2MD5,e1020,ARGON2MD5,v1.576,2026-09-02,yes,2026-09-02,yes,v1.596
mdxfind,DRAGONFLY3-32,e1021,DRAGONFLY3-32,v1.576,2026-09-02,yes,2026-09-02,yes,v1.596
mdxfind,DRAGONFLY3-64,e1022,DRAGONFLY3-64,v1.576,2026-09-02,yes,2026-09-02,yes,v1.596
mdxfind,DRAGONFLY4-32,e1023,DRAGONFLY4-32,v1.576,2026-09-02,yes,2026-09-02,yes,v1.596
mdxfind,DRAGONFLY4-64,e1024,DRAGONFLY4-64,v1.576,2026-09-02,yes,2026-09-02,yes,v1.596
mdxfind,GOST12256CRYPT,e1025,GOST12256CRYPT,v1.576,2026-09-02,yes,2026-09-02,yes,v1.596
mdxfind,GOST94CRYPT,e1026,GOST94CRYPT,v1.576,2026-09-02,yes,2026-09-02,yes,v1.596
mdxfind,SUNMD5,e1027,SUNMD5,v1.576,2026-09-02,yes,2026-09-02,yes,v1.596
mdxfind,CRYPTOPPLEGACY,e1028,CRYPTOPPLEGACY,v1.596,2026-09-19,yes,2026-09-19,yes,v1.596
mdxfind,CRYPTOPPDEFAULT,e1029,CRYPTOPPDEFAULT,v1.596,2026-09-19,yes,2026-09-19,yes,v1.596
