id,name,aliases,expression,expression_tier,john_dynamic_expr,denotation,category,application,status,merged_into,hashcat,hashcat_state,john,john_state,mdxfind,mdxfind_state,crack_state,vectors,serialization,primary_form,relations,legacy,notes
keyed-md5-ripv2-ospf-bgp-snmpv2,"""Keyed MD5"" RIPv2, OSPF, BGP, SNMPv2",,,absent,,"""Keyed MD5"" RIPv2, OSPF, BGP, SNMPv2",,,ok,,,unknown,net-md5,proven,,unknown,no,1,unknown,,,,
keyed-sha1-bfd,"""Keyed SHA1"" BFD",,,absent,,"""Keyed SHA1"" BFD",,,ok,,,unknown,net-sha1,proven,,unknown,no,1,unknown,,,,
md5-authentication-hsrp-hsrpv2-vrrp-glbp,"""MD5 authentication"" HSRP, HSRPv2, VRRP, GLBP",,,absent,,"""MD5 authentication"" HSRP, HSRPv2, VRRP, GLBP",,,ok,,,unknown,hsrp,proven,,unknown,no,1,unknown,,,,
md5-based-authentication-dahua,"""MD5 based authentication"" Dahua",,,absent,,"""MD5 based authentication"" Dahua",,,ok,,,unknown,dahua,proven,,unknown,no,1,unknown,,,,
md5-based-authentication-vtp,"""MD5 based authentication"" VTP",,,absent,,"""MD5 based authentication"" VTP",,,ok,,,unknown,vtp,proven,,unknown,no,1,unknown,,,,
pfx-p12,"(.pfx, .p12)",,,absent,,"(.pfx, .p12)",,,needs-review,,,unknown,pfx,claimed,,unknown,no,0,unknown,,,,
1password-agile-keychain,1Password Agile Keychain,,,absent,,1Password Agile Keychain,,,needs-review,,,unknown,agilekeychain,claimed,,unknown,no,0,unknown,,,,
1password-cloud-keychain,1Password Cloud Keychain,,,absent,,1Password Cloud Keychain,,,needs-review,,,unknown,cloudkeychain,claimed,,unknown,no,0,unknown,,,,
1password-agilekeychain,"1Password, agilekeychain",,,absent,,"1Password, agilekeychain",application,,ok,,6600,proven,,unknown,,unknown,no,1,unknown,,,,
1password-cloudkeychain,"1Password, cloudkeychain",,,absent,,"1Password, cloudkeychain",application,,ok,,8200,proven,,unknown,,unknown,no,1,unknown,,,,
1password-mobilekeychain-1password-8,"1Password, mobilekeychain (1Password 8)",,,absent,,"1Password, mobilekeychain (1Password 8)",application,,ok,,31800,proven,,unknown,,unknown,no,1,unknown,,,,
7-zip-archive-encryption,7-Zip archive encryption,,,absent,,7-Zip archive encryption,,,ok,,,unknown,7z 7z-opencl,proven,,unknown,no,1,unknown,,,,
7zip,7ZIP,,,absent,,"sevenzip(pass, salt)",application,,ok,,11600,proven,,unknown,7ZIP,proven,no,2,divergent,,,,
adobe-aem-sspr-sha-256-with-salt,"Adobe AEM (SSPR, SHA-256 with Salt)",,,absent,,"Adobe AEM (SSPR, SHA-256 with Salt)",application,,ok,,32031,proven,sspr sspr-opencl,proven,,unknown,no,1,shared,,,,
adobe-aem-sspr-sha-512-with-salt,"Adobe AEM (SSPR, SHA-512 with Salt)",,,absent,,"Adobe AEM (SSPR, SHA-512 with Salt)",application,,ok,,32041,proven,sspr sspr-opencl,proven,,unknown,no,1,shared,,,,
aes-crypt-sha256,AES Crypt (SHA256),,,absent,,AES Crypt (SHA256),application,,ok,,22400,proven,,unknown,,unknown,no,1,unknown,,,,
aes128-nokdf,AES128-NOKDF,,,absent,,"aes_ecb_encrypt(pad(pass, 16), fromhex(salt))",primitive,,ok,,26401,proven,,unknown,AES128-NOKDF,proven,no,1,shared,,,,
aes192-nokdf,AES192-NOKDF,,,absent,,"aes_ecb_encrypt(pad(pass, 24), fromhex(salt))",primitive,,ok,,26402,proven,,unknown,AES192-NOKDF,proven,no,1,shared,,,,
aes256-nokdf,AES256-NOKDF,,,absent,,"aes_ecb_encrypt(pad(pass, 32), fromhex(salt))",primitive,,ok,,26403,proven,,unknown,AES256-NOKDF,proven,no,1,shared,,,,
aich,AICH,,,absent,,aich(pass),,,ok,,100,proven,Raw-SHA1 dynamic_26 raw-SHA1-opencl,proven,AICH,proven,no,1,shared,,collides with sha1lsb35 (truncation),,
aix-md5,AIX-MD5,,,absent,,"md5crypt(pass, salt)",application,,ok,,6300,proven,md5crypt md5crypt-long md5crypt-opencl,proven,AIX-MD5,proven,no,1,shared,,,,
aix-sha1,AIX-SHA1,,,absent,,"pbkdf2_sha1(pass, salt, N, 20)",application,,ok,,6700,proven,aix-ssha1,proven,AIX-SHA1,proven,no,1,shared,,,,
aix-sha256,AIX-SHA256,,,absent,,"pbkdf2_sha256(pass, salt, N, 32)",application,,ok,,6400,proven,aix-ssha256,proven,AIX-SHA256,proven,no,1,shared,,,,
aix-sha512,AIX-SHA512,,,absent,,"pbkdf2_sha512(pass, salt, N, 64)",application,,ok,,6500,proven,aix-ssha512,proven,AIX-SHA512,proven,no,1,shared,,,,
andotp,andOTP,,,absent,,andOTP,,,ok,,,unknown,andOTP,proven,,unknown,no,1,unknown,,,,
android-backup,Android Backup,,,absent,,Android Backup,application,,ok,,18900,proven,,unknown,,unknown,no,1,unknown,,,,
android-fde-le-4-3,Android FDE <= 4.3,,,absent,,Android FDE <= 4.3,application,,ok,,8800,proven,fde,proven,,unknown,no,1,shared,,,,
androidbackup,AndroidBackup,,,absent,,AndroidBackup,application,,ok,,18900,proven,AndroidBackup AndroidBackup-opencl,proven,,unknown,no,1,shared,,,,
androidfde,ANDROIDFDE,,,absent,,"pbkdf2_sha1(pass, salt, 2000, 16)",application,,ok,,12900,proven,,unknown,ANDROIDFDE,proven,no,1,shared,,,,
anope-irc-services-enc-sha256,Anope IRC Services (enc_sha256),,,absent,,Anope IRC Services (enc_sha256),application,,ok,,30700,proven,,unknown,,unknown,no,1,unknown,,,,
ansible-vault,ANSIBLE-VAULT,,,,,,application,,ok,,16900,proven,ansible ansible-opencl,proven,ANSIBLE-VAULT,proven,no,1,shared,,,,
apache-apr1,Apache $apr1$,,,absent,,"apr1(pass, salt)",application,,ok,,1600,proven,md5crypt md5crypt-long md5crypt-opencl,proven,APR1,proven,no,1,shared,,,MD5APR1,
apfs,APFS,,,,,,application,,ok,,18300,proven,FVDE FVDE-opencl,proven,APFS,proven,no,1,shared,,,,
apple-dmg,Apple DMG,,,absent,,Apple DMG,,,needs-review,,,unknown,dmg,claimed,,unknown,no,0,unknown,,,,
apple-iwork-09-or-newer,Apple iWork '09 or newer,,,absent,,Apple iWork '09 or newer,application,,ok,,23300,proven,iwork iwork-opencl,proven,,unknown,no,1,shared,,,,
apple-secure-notes,Apple Secure Notes,,,absent,,Apple Secure Notes,application,,ok,,16200,proven,notes notes-opencl,proven,,unknown,no,1,shared,,,,
apple-iwork,APPLE-IWORK,,,absent,,"pbkdf2_sha1(pass, salt, 50000, 16)",application,,ok,,23300,proven,,unknown,APPLE-IWORK,proven,no,1,shared,,,,
apple-keychain,APPLE-KEYCHAIN,,,absent,,"pbkdf2_sha1(pass, salt, 1000, 24)",application,,ok,,23100,proven,keychain keychain-opencl,proven,APPLE-KEYCHAIN,proven,no,1,shared,,,,
apple-secure-notes-mdxfindapple-secure-notes,APPLE-SECURE-NOTES,,,absent,,"pbkdf2_sha256(pass, salt, 20000, 32)",application,,needs-review,,16700,proven,FVDE FVDE-opencl,proven,APPLE-SECURE-NOTES,claimed,no,1,shared,,,,
argon2,ARGON2,,,absent,,"argon2(pass, salt, m, t, p)",kdf,,ok,,34000,proven,Argon2 argon2-opencl,proven,ARGON2,proven,no,3,shared,,,,
argon2id-bridged-reference-implementation-tunings,Argon2id [Bridged: reference implementation + tunings],,,absent,,Argon2id [Bridged: reference implementation + tunings],kdf,,ok,,70000,proven,Argon2 argon2-opencl,proven,,unknown,no,1,shared,,,,
armory-wallet,Armory wallet,,,absent,,Armory wallet,,,ok,,,unknown,armory,proven,,unknown,no,1,unknown,,,,
arubaos,ARUBAOS,,,,,,application,,ok,,125,proven,,unknown,ARUBAOS,proven,no,1,shared,,,,
as-400-des,AS/400 DES,,,absent,,AS/400 DES,,,ok,,,unknown,as400-des,proven,,unknown,no,1,unknown,,,,
as400-des,AS400-DES,,,absent,,"upper(as400_des(pass, salt))",application,,ok,,8501,proven,,unknown,AS400-DES,proven,no,2,shared,,,,
as400-saltedsha1,AS400-SaltedSHA1,,,absent,,AS400-SaltedSHA1,,,ok,,,unknown,as400-ssha1,proven,,unknown,no,1,unknown,,,,
as400ssha1,AS400SSHA1,,,,,,application,,ok,,35200,proven,,unknown,AS400SSHA1,proven,no,1,shared,,,,
astra-linux-gost12256hash,Astra Linux $gost12256hash$,,,absent,,Astra Linux $gost12256hash$,,,ok,,,unknown,streebog256crypt streebog256crypt-opencl,proven,,unknown,no,1,unknown,,,,
astra-linux-gost94hash,Astra Linux $gost94hash$,,,absent,,Astra Linux $gost94hash$,,,ok,,,unknown,gost94crypt gost94crypt-opencl,proven,,unknown,no,1,unknown,,,,
atlassian-pbkdf2-hmac-sha1,Atlassian (PBKDF2-HMAC-SHA1),,,absent,,Atlassian (PBKDF2-HMAC-SHA1),application,,ok,,12001,proven,PBKDF2-HMAC-SHA1 PBKDF2-HMAC-SHA1-opencl,proven,,unknown,no,1,shared,,,,
authme,AUTHME,,,,,,application,,ok,,20711,proven,,unknown,AUTHME,proven,no,1,shared,,,,
awssigv4,AWSSIGV4,,,,,,protocol,,ok,,28700,proven,,unknown,AWSSIGV4,proven,no,1,shared,,,,
axcrypt,AXCRYPT,,,absent,,"axcrypt(pass, fromhex(salt), iter)",application,,ok,,13200,proven,AxCrypt axcrypt-opencl,proven,AXCRYPT,proven,no,1,shared,,,,
axcrypt-2-aes-128,AxCrypt 2 AES-128,,,absent,,AxCrypt 2 AES-128,application,,ok,,23500,proven,,unknown,,unknown,no,1,unknown,,,,"john has an AxCrypt 2.x format and it is NOT recorded here, because the measurement is ambiguous and a guess would be a false claim either way. Measured 2026-09-01: john --format=axcrypt2-opencl LOADS this entry's vector (""Loaded 1 password hash ... AxCrypt 2.x [PBKDF2-SHA512 AES OpenCL]"") and then does not recover ""hashcat"" from it, while the same format recovers axcrypt-2-aes-256's vector on the first candidate. That is not a parse failure -- john accepted the hash and rejected the password -- so either john's format does not implement the AES-128 key wrap, or this vector is not what it says. The vector itself is sound: hashcat mode 23500 round-trips it, tier vector. Left open for upstream rather than resolved by picking a side."
axcrypt-2-aes-256,AxCrypt 2 AES-256,,,absent,,AxCrypt 2 AES-256,application,,ok,,23600,proven,AxCrypt axcrypt2-opencl,proven,,unknown,no,1,shared,,,,
axcryptsha1,AXCRYPTSHA1,,"cut(sha1($p),0,32)",upstream,,,application,,needs-review,,13300,proven,,unknown,AXCRYPTSHA1,proven,no,1,shared,,same as sha1-substr-0-32 (encoding),,
azuread,AzureAD,,,absent,,AzureAD,,,ok,,,unknown,AzureAD,proven,,unknown,no,1,unknown,,,,
azuresync,AZURESYNC,,,absent,,"pbkdf2_sha256(pass, salt, 1000, 32)",application,,ok,,12800,proven,,unknown,AZURESYNC,proven,no,1,shared,,,,
battlenet,Battlenet,,,absent,,Battlenet,,,needs-review,,,unknown,WoWSRP,claimed,,unknown,no,0,unknown,,,,
bcrypt,Bcrypt,,,absent,,"bcrypt(pass, salt, 12)",application,,ok,,3200,proven,bcrypt bcrypt-opencl,proven,BCRYPT,proven,no,1,shared,,,BCRYPT,
bcrypt-md5-pass,bcrypt(md5($pass)),,,,,,kdf,,ok,,25600,proven,,unknown,,unknown,no,1,unknown,,,,
bcrypt-md5-plain,bcrypt(md5($plain)),,,absent,,bcrypt(md5($plain)),kdf,,ok,,25600,proven,,unknown,BCRYPTMD5,proven,no,1,shared,,,BCRYPTMD5,
bcrypt-sha1-pass,bcrypt(sha1($pass)),,,,,,kdf,,ok,,25800,proven,,unknown,,unknown,no,1,unknown,,,,
bcrypt-sha1-plain,bcrypt(sha1($plain)),,,absent,,bcrypt(sha1($plain)),kdf,,ok,,25800,proven,,unknown,BCRYPTSHA1,proven,no,1,shared,,,BCRYPTSHA1,
bcrypt256,BCRYPT256,,,absent,,"bcrypt(sha256(pass), salt, 12)",kdf,,ok,,30600,proven,,unknown,BCRYPT256,proven,no,1,shared,,,,
bcrypthmacsha256,BCRYPTHMACSHA256,,,absent,,"bcrypt(base64(hmac_sha256_bin(salt, pass)), salt, N)",kdf,,ok,,30601,proven,,unknown,BCRYPTHMACSHA256,proven,no,1,shared,,,,
bcryptsha512,BCRYPTSHA512,,,absent,,"bcrypt(sha512(pass), salt, cost)",kdf,,ok,,28400,proven,,unknown,BCRYPTSHA512,proven,no,1,shared,,,,
besder-auth,BESDER-AUTH,,,absent,,besder_encode(md5_bin(pass)),application,,ok,,24901,proven,,unknown,BESDER-AUTH,proven,no,1,shared,,,,
bestcrypt-v3-volume-encryption,BestCrypt v3 Volume Encryption,,,absent,,BestCrypt v3 Volume Encryption,application,,ok,,23900,proven,,unknown,,unknown,no,1,unknown,,,,
bestcrypt-v4-volume-encryption,BestCrypt v4 Volume Encryption,,,absent,,BestCrypt v4 Volume Encryption,application,,ok,,24000,proven,BestCryptVE4,proven,,unknown,no,1,shared,,,,
bisq-wallet-scrypt,Bisq .wallet (scrypt),,,absent,,Bisq .wallet (scrypt),application,,ok,,29800,proven,,unknown,,unknown,no,1,unknown,,,,
bitcoin-raw-private-key-p2pkh-compressed,"Bitcoin raw private key (P2PKH), compressed",,,absent,,"Bitcoin raw private key (P2PKH), compressed",application,,ok,,30901,proven,,unknown,,unknown,no,1,unknown,,,,
bitcoin-raw-private-key-p2pkh-uncompressed,"Bitcoin raw private key (P2PKH), uncompressed",,,absent,,"Bitcoin raw private key (P2PKH), uncompressed",application,,ok,,30902,proven,,unknown,,unknown,no,1,unknown,,,,
bitcoin-raw-private-key-p2sh-p2wpkh-compressed,"Bitcoin raw private key (P2SH(P2WPKH)), compressed",,,absent,,"Bitcoin raw private key (P2SH(P2WPKH)), compressed",application,,ok,,30905,proven,,unknown,,unknown,no,1,unknown,,,,
bitcoin-raw-private-key-p2sh-p2wpkh-uncompressed,"Bitcoin raw private key (P2SH(P2WPKH)), uncompressed",,,absent,,"Bitcoin raw private key (P2SH(P2WPKH)), uncompressed",application,,ok,,30906,proven,,unknown,,unknown,no,1,unknown,,,,
bitcoin-raw-private-key-p2wpkh-bech32-compressed,"Bitcoin raw private key (P2WPKH, Bech32), compressed",,,absent,,"Bitcoin raw private key (P2WPKH, Bech32), compressed",application,,ok,,30903,proven,,unknown,,unknown,no,1,unknown,,,,
bitcoin-raw-private-key-p2wpkh-bech32-uncompressed,"Bitcoin raw private key (P2WPKH, Bech32), uncompressed",,,absent,,"Bitcoin raw private key (P2WPKH, Bech32), uncompressed",application,,ok,,30904,proven,,unknown,,unknown,no,1,unknown,,,,
bitcoin-wif-private-key-p2pkh-compressed,"Bitcoin WIF private key (P2PKH), compressed",,,absent,,"Bitcoin WIF private key (P2PKH), compressed",application,,ok,,28501,proven,,unknown,,unknown,no,1,unknown,,,,
bitcoin-wif-private-key-p2pkh-uncompressed,"Bitcoin WIF private key (P2PKH), uncompressed",,,absent,,"Bitcoin WIF private key (P2PKH), uncompressed",application,,ok,,28502,proven,,unknown,,unknown,no,1,unknown,,,,
bitcoin-wif-private-key-p2sh-p2wpkh-compressed,"Bitcoin WIF private key (P2SH(P2WPKH)), compressed",,,absent,,"Bitcoin WIF private key (P2SH(P2WPKH)), compressed",application,,ok,,28505,proven,,unknown,,unknown,no,1,unknown,,,,
bitcoin-wif-private-key-p2sh-p2wpkh-uncompressed,"Bitcoin WIF private key (P2SH(P2WPKH)), uncompressed",,,absent,,"Bitcoin WIF private key (P2SH(P2WPKH)), uncompressed",application,,ok,,28506,proven,,unknown,,unknown,no,1,unknown,,,,
bitcoin-wif-private-key-p2wpkh-bech32-compressed,"Bitcoin WIF private key (P2WPKH, Bech32), compressed",,,absent,,"Bitcoin WIF private key (P2WPKH, Bech32), compressed",application,,ok,,28503,proven,,unknown,,unknown,no,1,unknown,,,,
bitcoin-wif-private-key-p2wpkh-bech32-uncompressed,"Bitcoin WIF private key (P2WPKH, Bech32), uncompressed",,,absent,,"Bitcoin WIF private key (P2WPKH, Bech32), uncompressed",application,,ok,,28504,proven,,unknown,,unknown,no,1,unknown,,,,
bitcoin-litecoin-wallet-dat,Bitcoin/Litecoin wallet.dat,,,absent,,Bitcoin/Litecoin wallet.dat,application,,ok,,11300,proven,Bitcoin Bitcoin-opencl,proven,,unknown,no,1,shared,,,,
bitlocker-johnbitlocker,BitLocker,,,absent,,BitLocker,,,ok,,,unknown,BitLocker BitLocker-opencl,proven,,unknown,no,1,unknown,,,,
bitlocker,BitLocker,,,absent,,BitLocker,application,,ok,,22100,proven,,unknown,,unknown,no,1,unknown,,,,
bitshares-wallet,BitShares Wallet,,,absent,,BitShares Wallet,,,ok,,,unknown,bitshares,proven,,unknown,no,1,unknown,,,,
bitwarden,BITWARDEN,,,absent,,"pbkdf2_sha256(pass, salt, N, 32)",application,,ok,,23400,proven,,unknown,BITWARDEN,proven,no,1,shared,,,,
bitwarden-password-manager,Bitwarden Password Manager,,,absent,,Bitwarden Password Manager,,,ok,,,unknown,Bitwarden bitwarden-opencl,proven,,unknown,no,1,unknown,,,,
blackberry-es10,Blackberry-ES10,,,absent,,Blackberry-ES10,,,ok,,,unknown,Blackberry-ES10,proven,,unknown,no,1,unknown,,,,
blake224,BLAKE224,,,absent,,blake224(pass),,,ok,,,no,,unknown,BLAKE224,proven,no,1,unknown,,,BLAKE224,
blake256,BLAKE256,,,absent,,blake256(pass),,,ok,,,no,,unknown,BLAKE256,proven,no,1,unknown,,,BLAKE256,
blake2b256,BLAKE2B256,,,absent,,blake2b256(pass),,,ok,,34800,proven,,unknown,BLAKE2B256,proven,no,1,shared,,,,
blake2b256passsalt,BLAKE2B256PASSSALT,,,absent,,blake2b256(pass . salt),composite,,ok,,34810,proven,,unknown,BLAKE2B256PASSSALT,proven,no,1,shared,,,,
blake2b256saltpass,BLAKE2B256SALTPASS,,,absent,,blake2b256(salt . pass),composite,,ok,,34820,proven,,unknown,BLAKE2B256SALTPASS,proven,no,1,shared,,,,
blake2b512,BLAKE2B512,,,absent,,blake2b512(pass),,,ok,,600,proven,Raw-Blake2,proven,BLAKE2B512,proven,no,1,shared,,,,
blake2b512passsalt,BLAKE2B512PASSSALT,,,absent,,blake2b512(pass . salt),composite,,ok,,610,proven,,unknown,BLAKE2B512PASSSALT,proven,no,1,shared,,,,
blake2b512saltpass,BLAKE2B512SALTPASS,,,absent,,blake2b512(salt . pass),composite,,ok,,620,proven,,unknown,BLAKE2B512SALTPASS,proven,no,1,shared,,,,
blake2s256,BLAKE2S256,,,absent,,blake2s256(pass),,,needs-review,,31000,proven,,unknown,BLAKE2S256,claimed,no,1,unknown,,,,
blake384,BLAKE384,,,absent,,blake384(pass),,,ok,,,no,,unknown,BLAKE384,proven,no,1,unknown,,,BLAKE384,
blake512,BLAKE512,,,absent,,blake512(pass),,,ok,,,no,,unknown,BLAKE512,proven,no,1,unknown,,,BLAKE512,
blockchain-my-wallet,"Blockchain, My Wallet",,,absent,,"Blockchain, My Wallet",application,,ok,,12700,proven,Blockchain blockchain-opencl,proven,,unknown,no,1,shared,,,,
blockchain-my-wallet-legacy-wallets,"Blockchain, My Wallet, Legacy Wallets",,,absent,,"Blockchain, My Wallet, Legacy Wallets",application,,ok,,34700,proven,,unknown,,unknown,no,1,unknown,,,,
blockchain-my-wallet-second-password-sha256,"Blockchain, My Wallet, Second Password (SHA256)",,,absent,,"Blockchain, My Wallet, Second Password (SHA256)",application,,ok,,18800,proven,,unknown,,unknown,no,1,unknown,,,,
blockchain-my-wallet-v2,"Blockchain, My Wallet, V2",,,absent,,"Blockchain, My Wallet, V2",application,,ok,,15200,proven,Blockchain blockchain-opencl,proven,,unknown,no,1,shared,,,,
bmw224,BMW224,,,absent,,bmw224(pass),,,ok,,,no,,unknown,BMW224,proven,no,1,unknown,,,BMW224,
bmw256,BMW256,,,absent,,bmw256(pass),,,ok,,,no,,unknown,BMW256,proven,no,1,unknown,,,BMW256,
bmw384,BMW384,,,absent,,bmw384(pass),,,ok,,,no,,unknown,BMW384,proven,no,1,unknown,,,BMW384,
bmw512,BMW512,,,absent,,bmw512(pass),,,ok,,,no,,unknown,BMW512,proven,no,1,unknown,,,BMW512,
bouncycastle,BouncyCastle,,,absent,,BouncyCastle,,,needs-review,,,unknown,BKS,claimed,,unknown,no,0,unknown,,,,
bsdicrypt,BSDICRYPT,,,absent,,"bsdicrypt(pass, salt)",application,,ok,,12400,proven,bsdicrypt,proven,BSDICRYPT,proven,no,1,shared,,,,
c-r,C/R,,,absent,,C/R,,,ok,,,unknown,MSCHAPv2,proven,,unknown,no,1,unknown,,,,
cardano-encrypted-128-byte-secret-key-a-k-a-xprv,Cardano Encrypted 128-byte Secret Key (a.k.a XPrv),,,absent,,Cardano Encrypted 128-byte Secret Key (a.k.a XPrv),,,needs-review,,,unknown,cardano,claimed,,unknown,no,0,unknown,,,,
chacha20,ChaCha20,,,absent,,ChaCha20,primitive,,ok,,15400,proven,,unknown,,unknown,no,1,unknown,,,,
cisco-asa,Cisco ASA,,,absent,,Cisco ASA,,,ok,,,unknown,asa-md5,proven,,unknown,no,1,unknown,,,,
cisco4,CISCO4,,,,,,application,,ok,,5700,proven,Raw-SHA256 raw-SHA256-opencl,proven,CISCO4,proven,no,1,shared,,,,
cisco8,CISCO8,,,absent,,"pbkdf2_sha256(pass, salt, 20000, 32)",application,,ok,,9200,proven,PBKDF2-HMAC-SHA256 PBKDF2-HMAC-SHA256-opencl,proven,CISCO8,proven,no,2,shared,,,not supported,
cisco9,CISCO9,,,absent,,"scrypt(pass, salt, 16384, 1, 1)",application,,ok,,9300,proven,scrypt,proven,CISCO9,proven,no,2,shared,,,,
ciscoasa,CISCOASA,,,absent,,"cisco_pix_encode(md5_bin(pad(pass . salt, 16)))",application,Cisco ASA,ok,,2410,proven,dynamic_20,proven,CISCOASA,proven,no,1,shared,,same as md5-pass-salt (application),,
ciscoise,CISCOISE,,,absent,,"pbkdf2_sha256(pass, salt, 1000, 32)",application,,ok,,5720,proven,Iterated-SHA256 Iterated-SHA256-opencl,proven,CISCOISE,proven,no,1,shared,,,,
ciscopix,CISCOPIX,,,absent,,"cisco_pix_encode(md5_bin(pad(pass, 16)))",application,,needs-review,,2400,proven,dynamic_19 pix-md5,claimed,CISCOPIX,proven,no,1,shared,,,,
clearquest,ClearQuest,,,absent,,ClearQuest,,,needs-review,,,unknown,cq,claimed,,unknown,no,0,unknown,,,,
cmiyc,CMIYC,,,absent,,"cmiyc(pass, salt)",,,ok,,,unknown,,unknown,CMIYC,proven,no,1,unknown,,,,
coldfusion10,COLDFUSION10,,sha256($s.upper(sha1($p))),upstream,,,application,,needs-review,,12600,proven,dynamic_1588,proven,COLDFUSION10,proven,no,1,shared,,,,
crammd5,CRAMMD5,,,absent,,"hmac_md5(pass, challenge)",protocol,,ok,,10200,proven,HMAC-MD5,proven,CRAMMD5,proven,no,1,shared,,,,
crammd5-dovecot,CRAMMD5-DOVECOT,,,absent,,"hmac_md5(pass, challenge)",application,,ok,,16400,proven,,unknown,CRAMMD5-DOVECOT,proven,no,1,shared,,,,
crc32-johncrc32,CRC32,,,absent,,CRC32,,,ok,,,unknown,CRC32,proven,,unknown,no,1,unknown,,,,
crc32,CRC32,,,absent,,CRC32,primitive,,ok,,11500,proven,,unknown,,unknown,no,1,unknown,,,,
crc32c,CRC32C,,,absent,,CRC32C,primitive,,ok,,27900,proven,,unknown,,unknown,no,1,unknown,,,,
crc64jones,CRC64Jones,,,absent,,CRC64Jones,primitive,,ok,,28000,proven,,unknown,,unknown,no,1,unknown,,,,
cryptext,CRYPTEXT,,,,,,,,ok,,,unknown,,unknown,CRYPTEXT,proven,no,1,unknown,,,,
cryptosafe,cryptoSafe,,,absent,,cryptoSafe,,,ok,,,unknown,cryptoSafe cryptosafe-opencl,proven,,unknown,no,1,unknown,,,,
cube224,CUBE224,,,absent,,cube224(pass),,,ok,,,no,,unknown,CUBE224,proven,no,1,unknown,,,CUBE224,
cube256,CUBE256,,,absent,,cube256(pass),,,ok,,,no,,unknown,CUBE256,proven,no,1,unknown,,,CUBE256,
cube384,CUBE384,,,absent,,cube384(pass),,,ok,,,no,,unknown,CUBE384,proven,no,1,unknown,,,CUBE384,
cube512,CUBE512,,,absent,,cube512(pass),,,ok,,,no,,unknown,CUBE512,proven,no,1,unknown,,,CUBE512,
custom-crc-32,custom CRC-32,,,absent,,custom CRC-32,,,ok,,,unknown,PST,proven,,unknown,no,1,unknown,,,,
dahua,DAHUA,,,absent,,,composite,,needs-review,,3730,proven,,unknown,DAHUA,claimed,no,1,unknown,,,,
dahua-auth,DAHUA-AUTH,,,absent,,dahua_encode(md5_bin(pass)),application,,ok,,24900,proven,,unknown,DAHUA-AUTH,proven,no,1,shared,,,,
dane-rfc7929-rfc8162-sha2-256,DANE RFC7929/RFC8162 SHA2-256,,,absent,,DANE RFC7929/RFC8162 SHA2-256,protocol,,ok,,30420,proven,,unknown,SHA256 SHA256RAW,proven,no,1,shared,,,,
dashlane-password-manager,Dashlane Password Manager,,,absent,,Dashlane Password Manager,,,ok,,,unknown,dashlane dashlane-opencl,proven,,unknown,no,1,unknown,,,,
dcc2,DCC2,,,absent,,"pbkdf2_sha1(md4(utf16le(pass)), utf16le(username), 10240, 16)",application,,ok,,2100,proven,mscash2 mscash2-opencl,proven,DCC2,proven,no,1,shared,,,,
des3encrypt,DES3ENCRYPT,,,absent,,"des3(pass, fromhex(salt))",primitive,,ok,,14100,proven,,unknown,DES3ENCRYPT,proven,no,2,shared,,,,
descrypt-plain,descrypt($plain),,,absent,,descrypt($plain),application,,ok,,1500,proven,descrypt descrypt-opencl,proven,DESCRYPT,proven,claimed,1,shared,,,DESCRYPT,
desencrypt,DESENCRYPT,,,absent,,"des(pass, fromhex(salt))",primitive,,ok,,14000,proven,,unknown,DESENCRYPT,proven,no,2,shared,,,,
digest-md5-c-r,DIGEST-MD5 C/R,,,absent,,DIGEST-MD5 C/R,,,ok,,,unknown,dmd5,proven,,unknown,no,1,unknown,,,,
diskcryptor,DiskCryptor,,,absent,,DiskCryptor,,,ok,,,unknown,diskcryptor diskcryptor-aes-opencl,proven,,unknown,no,2,unknown,,,,"Vector(s) added 2026-09-01 from john's own src test data, because john --list=format-details truncates example_ciphertext at 896 characters and every container example is longer than that. The plaintext is john's finding, not the source's claim: each hash was cracked under the CPU format this entry names and under the GPU build that has no CPU twin, and both recovered the plaintext recorded here."
diskcryptor-sha512-xts-1024-bit,DiskCryptor SHA512 + XTS 1024 bit,,,absent,,DiskCryptor SHA512 + XTS 1024 bit,application,,ok,,20012,proven,,unknown,,unknown,no,1,unknown,,,,
diskcryptor-sha512-xts-1536-bit,DiskCryptor SHA512 + XTS 1536 bit,,,absent,,DiskCryptor SHA512 + XTS 1536 bit,application,,ok,,20013,proven,,unknown,,unknown,no,1,unknown,,,,
diskcryptor-sha512-xts-512-bit,DiskCryptor SHA512 + XTS 512 bit,,,absent,,DiskCryptor SHA512 + XTS 512 bit,application,,ok,,20011,proven,,unknown,,unknown,no,1,unknown,,,,
django,Django,,,absent,,Django,,,ok,,,unknown,Django,proven,,unknown,no,1,unknown,,,,
django-sha-1,Django (SHA-1),,,absent,,Django (SHA-1),application,,ok,,124,proven,,unknown,,unknown,no,1,unknown,,,,
django-scrypt,django-scrypt,,,absent,,django-scrypt,,,ok,,,unknown,django-scrypt,proven,,unknown,no,1,unknown,,,,
dnssec-nsec3,DNSSEC NSEC3,,,absent,,DNSSEC NSEC3,,,needs-review,,,unknown,nsec3,claimed,,unknown,no,0,unknown,,,,
dogechain-info-wallet,Dogechain.info Wallet,,,absent,,Dogechain.info Wallet,application,,ok,,32500,proven,,unknown,,unknown,no,1,unknown,,,,
domain-cached-credentials-dcc-ms-cache-nt,"Domain Cached Credentials (DCC), MS Cache (NT)",,,absent,,"Domain Cached Credentials (DCC), MS Cache (NT)",application,,ok,,31500,proven,,unknown,,unknown,no,1,unknown,,,,
domain-cached-credentials-2-dcc2-ms-cache-2-nt,"Domain Cached Credentials 2 (DCC2), MS Cache 2, (NT)",,,absent,,"Domain Cached Credentials 2 (DCC2), MS Cache 2, (NT)",application,,ok,,31600,proven,,unknown,,unknown,no,1,unknown,,,,
domino5,DOMINO5,,,absent,,domino5(pass),application,,ok,,8600,proven,,unknown,DOMINO5,proven,no,1,shared,,,,
domino6,DOMINO6,,,absent,,"domino6(pass, fromhex(salt))",application,,ok,,8700,proven,dominosec,proven,DOMINO6,proven,no,1,shared,,,,
domino8,DOMINO8,,,,,,application,,ok,,9100,proven,dominosec8,proven,DOMINO8,proven,no,1,shared,,,,
dpapi-masterkey-file-v1-context-1-and-2,DPAPI masterkey file v1 (context 1 and 2),,,absent,,DPAPI masterkey file v1 (context 1 and 2),application,,ok,,15300,proven,DPAPImk,proven,,unknown,no,1,shared,,,,
dpapi-masterkey-file-v1-context-3,DPAPI masterkey file v1 (context 3),,,absent,,DPAPI masterkey file v1 (context 3),application,,ok,,15310,proven,DPAPImk,proven,,unknown,no,1,shared,,,,
dpapi-masterkey-file-v2-context-1-and-2,DPAPI masterkey file v2 (context 1 and 2),,,absent,,DPAPI masterkey file v2 (context 1 and 2),application,,ok,,15900,proven,DPAPImk,proven,,unknown,no,1,shared,,,,
dpapi-masterkey-file-v2-context-3,DPAPI masterkey file v2 (context 3),,,absent,,DPAPI masterkey file v2 (context 3),application,,ok,,15910,proven,DPAPImk,proven,,unknown,no,1,shared,,,,
dragonfly-bsd-3-w-bug-32-bit,"DragonFly BSD $3$ w/ bug, 32-bit",,,absent,,"DragonFly BSD $3$ w/ bug, 32-bit",,,ok,,,unknown,dragonfly3-32,proven,,unknown,no,1,unknown,,,,
dragonfly-bsd-3-w-bug-64-bit,"DragonFly BSD $3$ w/ bug, 64-bit",,,absent,,"DragonFly BSD $3$ w/ bug, 64-bit",,,ok,,,unknown,dragonfly3-64,proven,,unknown,no,1,unknown,,,,
dragonfly-bsd-4-w-bugs-32-bit,"DragonFly BSD $4$ w/ bugs, 32-bit",,,absent,,"DragonFly BSD $4$ w/ bugs, 32-bit",,,ok,,,unknown,dragonfly4-32,proven,,unknown,no,1,unknown,,,,
dragonfly-bsd-4-w-bugs-64-bit,"DragonFly BSD $4$ w/ bugs, 64-bit",,,absent,,"DragonFly BSD $4$ w/ bugs, 64-bit",,,ok,,,unknown,dragonfly4-64,proven,,unknown,no,1,unknown,,,,
drupal-7,Drupal 7,,,,,,,,ok,,7900,proven,Drupal7,proven,,unknown,no,1,shared,,,DRUPAL7,
drupal7,DRUPAL7,,,absent,,"phpass(pass, salt, N)",,,ok,,7900,proven,Drupal7,proven,DRUPAL7,proven,no,1,shared,,,,
dummy,dummy,,,absent,,dummy,,,ok,,,unknown,dummy,proven,,unknown,no,1,unknown,,,,
dynamic-md5-p,dynamic=md5($p),,,absent,,dynamic=md5($p),,,ok,,,unknown,dynamic=md5($p),proven,,unknown,no,1,unknown,,,,
dynamic-1004,dynamic_1004,,,absent,,dynamic_1004,,,ok,,,unknown,dynamic_1004,proven,,unknown,no,1,unknown,,,,
dynamic-1005,dynamic_1005,,,absent,,dynamic_1005,,,ok,,,unknown,dynamic_1005,proven,,unknown,no,1,unknown,,,,
dynamic-1006,dynamic_1006,,,absent,,dynamic_1006,,,ok,,,unknown,dynamic_1006,proven,,unknown,no,1,unknown,,,,
dynamic-1008,dynamic_1008,,,absent,,dynamic_1008,,,ok,,,unknown,dynamic_1008,proven,,unknown,no,1,unknown,,,,
dynamic-1015,dynamic_1015,,,absent,,dynamic_1015,,,needs-review,,,unknown,dynamic_1015,claimed,,unknown,no,0,unknown,,,,
dynamic-1029,dynamic_1029,,,absent,,dynamic_1029,,,ok,,,unknown,dynamic_1029,proven,,unknown,no,1,unknown,,,,
dynamic-1030,dynamic_1030,,,absent,,dynamic_1030,,,needs-review,,,unknown,dynamic_1030,claimed,,unknown,no,0,unknown,,,,
dynamic-1031,dynamic_1031,,,absent,,dynamic_1031,,,ok,,,unknown,dynamic_1031,proven,,unknown,no,1,unknown,,,,
dynamic-1032,dynamic_1032,,,absent,,dynamic_1032,,,ok,,,unknown,dynamic_1032,proven,,unknown,no,1,unknown,,,,
dynamic-1034,dynamic_1034,,,absent,,dynamic_1034,,,needs-review,,,unknown,dynamic_1034,claimed,,unknown,no,0,unknown,,,,
dynamic-1401,dynamic_1401,,,absent,,dynamic_1401,,,needs-review,,,unknown,dynamic_1401,claimed,,unknown,no,0,unknown,,,,
dynamic-15,dynamic_15,,,absent,,dynamic_15,,,ok,,,unknown,dynamic_15,proven,,unknown,no,1,unknown,,,,
dynamic-1505,dynamic_1505,,,absent,,dynamic_1505,,,ok,,,unknown,dynamic_1505,proven,,unknown,no,1,unknown,,,,
dynamic-1506,dynamic_1506,,,absent,,dynamic_1506,,,needs-review,,,unknown,dynamic_1506,claimed,,unknown,no,0,unknown,,,,
dynamic-1507,dynamic_1507,,,absent,,dynamic_1507,,,needs-review,,,unknown,dynamic_1507,claimed,,unknown,no,0,unknown,,,,
dynamic-1528,dynamic_1528,,,absent,,dynamic_1528,,,ok,,,unknown,dynamic_1528,proven,,unknown,no,1,unknown,,,,
dynamic-1529,dynamic_1529,,,absent,,dynamic_1529,,,needs-review,,,unknown,dynamic_1529,claimed,,unknown,no,0,unknown,,,,
dynamic-1550,dynamic_1550,,,absent,,dynamic_1550,,,ok,,,unknown,dynamic_1550,proven,,unknown,no,1,unknown,,,,
dynamic-1551,dynamic_1551,,,absent,,dynamic_1551,,,ok,,,unknown,dynamic_1551,proven,,unknown,no,1,unknown,,,,
dynamic-1552,dynamic_1552,,,absent,,dynamic_1552,,,ok,,,unknown,dynamic_1552,proven,,unknown,no,1,unknown,,,,
dynamic-1560,dynamic_1560,,,absent,,dynamic_1560,,,ok,,,unknown,dynamic_1560,proven,,unknown,no,1,unknown,,,,
dynamic-1590,dynamic_1590,,,absent,,dynamic_1590,,,ok,,,unknown,dynamic_1590,proven,,unknown,no,1,unknown,,,,
dynamic-16,dynamic_16,,,absent,,dynamic_16,,,ok,,,unknown,dynamic_16,proven,,unknown,no,1,unknown,,,,
dynamic-1602,dynamic_1602,,,absent,,dynamic_1602,,,needs-review,,,unknown,dynamic_1602,claimed,,unknown,no,0,unknown,,,,
dynamic-1608,dynamic_1608,,,absent,,dynamic_1608,,,ok,,,unknown,dynamic_1608,proven,,unknown,no,1,unknown,,,,
dynamic-18,dynamic_18,,,absent,,dynamic_18,,,ok,,,unknown,dynamic_18,proven,,unknown,no,1,unknown,,,,
dynamic-2002,dynamic_2002,,,absent,,dynamic_2002,,,ok,,,unknown,dynamic_2002,proven,,unknown,no,1,unknown,,,,
dynamic-2003,dynamic_2003,,,absent,,dynamic_2003,,,ok,,,unknown,dynamic_2003,proven,,unknown,no,1,unknown,,,,
dynamic-31,dynamic_31,,,absent,,dynamic_31,,,ok,,,unknown,dynamic_31,proven,,unknown,no,1,unknown,,,,
dynamic-32,dynamic_32,,,absent,,dynamic_32,,,ok,,,unknown,dynamic_32,proven,,unknown,no,1,unknown,,,,
dynamic-35,dynamic_35,,,absent,,dynamic_35,,,ok,,,unknown,dynamic_35,proven,,unknown,no,1,unknown,,,,
dynamic-36,dynamic_36,,,absent,,dynamic_36,,,ok,,,unknown,dynamic_36,proven,,unknown,no,1,unknown,,,,
dynamic-39,dynamic_39,,,absent,,dynamic_39,,,ok,,,unknown,dynamic_39,proven,,unknown,no,1,unknown,,,,
dynamic-40,dynamic_40,,,absent,,dynamic_40,,,ok,,,unknown,dynamic_40,proven,,unknown,no,1,unknown,,,,
echo224,ECHO224,,,absent,,echo224(pass),,,ok,,,no,,unknown,ECHO224,proven,no,1,unknown,,,ECHO224,
echo256,ECHO256,,,absent,,echo256(pass),,,ok,,,no,,unknown,ECHO256,proven,no,1,unknown,,,ECHO256,
echo384,ECHO384,,,absent,,echo384(pass),,,ok,,,no,,unknown,ECHO384,proven,no,1,unknown,,,ECHO384,
echo512,ECHO512,,,absent,,echo512(pass),,,ok,,,no,,unknown,ECHO512,proven,no,1,unknown,,,ECHO512,
ecryptfs,ECRYPTFS,,,,,,application,,ok,,12200,proven,eCryptfs,proven,ECRYPTFS,proven,no,1,shared,,,,
ed2k,ED2K,,,absent,,ed2k(pass),,,ok,,900,proven,Raw-MD4 dynamic_30 raw-MD4-opencl,proven,ED2K,proven,no,1,shared,,,,
edon256,EDON256,,,absent,,edon256(pass),,,ok,,,no,,unknown,EDON256,proven,no,1,unknown,,,EDON256,
edon512,EDON512,,,absent,,edon512(pass),,,ok,,,no,,unknown,EDON512,proven,no,1,unknown,,,EDON512,
eggdrop,Eggdrop,,,absent,,Eggdrop,,,ok,,,unknown,bfegg,proven,,unknown,no,1,unknown,,,,
eigrp-md5-hmac-sha-256-authentication,EIGRP MD5 / HMAC-SHA-256 authentication,,,absent,,EIGRP MD5 / HMAC-SHA-256 authentication,,,ok,,,unknown,eigrp,proven,,unknown,no,1,unknown,,,,
electrum-wallet-salt-type-1-3,Electrum Wallet (Salt-Type 1-3),,,absent,,Electrum Wallet (Salt-Type 1-3),application,,ok,,16600,proven,electrum,proven,,unknown,no,1,shared,,,,
electrum-wallet-salt-type-4,Electrum Wallet (Salt-Type 4),,,absent,,Electrum Wallet (Salt-Type 4),application,,ok,,21700,proven,electrum electrum-modern-opencl,proven,,unknown,no,1,shared,,,,
electrum-wallet-salt-type-5,Electrum Wallet (Salt-Type 5),,,absent,,Electrum Wallet (Salt-Type 5),application,,ok,,21800,proven,electrum,proven,,unknown,no,1,shared,,,,
empirecms,EMPIRECMS,,,,,,,,ok,,32300,proven,,unknown,EMPIRECMS,proven,no,1,shared,,,,
encfs,EncFS,,,absent,,EncFS,,,ok,,,unknown,EncFS EncFS-opencl,proven,,unknown,no,1,unknown,,,,
encsecurity-datavault-md5-keychain,ENCsecurity Datavault (MD5/keychain),,,absent,,ENCsecurity Datavault (MD5/keychain),application,,ok,,29940,proven,ENCDataVault-MD5,proven,,unknown,no,1,shared,,,,
encsecurity-datavault-md5-no-keychain,ENCsecurity Datavault (MD5/no keychain),,,absent,,ENCsecurity Datavault (MD5/no keychain),application,,ok,,29930,proven,ENCDataVault-MD5,proven,,unknown,no,1,shared,,,,
encsecurity-datavault-pbkdf2-keychain,ENCsecurity Datavault (PBKDF2/keychain),,,absent,,ENCsecurity Datavault (PBKDF2/keychain),application,,ok,,29920,proven,ENCDataVault-PBKDF2,proven,,unknown,no,1,shared,,,,
encsecurity-datavault-pbkdf2-no-keychain,ENCsecurity Datavault (PBKDF2/no keychain),,,absent,,ENCsecurity Datavault (PBKDF2/no keychain),application,,ok,,29910,proven,ENCDataVault-PBKDF2,proven,,unknown,no,1,shared,,,,
enpass-password-manager,Enpass Password Manager,,,absent,,Enpass Password Manager,,,needs-review,,,unknown,enpass,claimed,,unknown,no,0,unknown,,,,
episerver-johnepiserver,EPiServer,,,absent,,EPiServer,,,ok,,,unknown,EPiServer,proven,,unknown,no,1,unknown,,,,
episerver,EPISERVER,,base64(sha1_raw($s.$p)),upstream,,,application,,needs-review,,141,proven,,unknown,EPISERVER,proven,no,1,shared,,,,
episerver-6-x-lt-net-4,Episerver 6.x < .NET 4,,,absent,,Episerver 6.x < .NET 4,application,,ok,,141,proven,,unknown,,unknown,no,1,unknown,,,,
episerver-6-x-ge-net-4,Episerver 6.x >= .NET 4,,,absent,,Episerver 6.x >= .NET 4,application,,ok,,1441,proven,,unknown,,unknown,no,1,unknown,,,,
episerver-sid,EPiServer SID,,,absent,,EPiServer SID,,,ok,,,unknown,EPI,proven,,unknown,no,1,unknown,,,,
ethereum-pre-sale-wallet-pbkdf2-hmac-sha256,"Ethereum Pre-Sale Wallet, PBKDF2-HMAC-SHA256",,,absent,,"Ethereum Pre-Sale Wallet, PBKDF2-HMAC-SHA256",application,,ok,,16300,proven,ethereum ethereum-presale-opencl,proven,,unknown,no,1,shared,,,,
ethereum-wallet-pbkdf2-hmac-sha256,"Ethereum Wallet, PBKDF2-HMAC-SHA256",,,absent,,"Ethereum Wallet, PBKDF2-HMAC-SHA256",application,,ok,,15600,proven,ethereum ethereum-opencl,proven,,unknown,no,1,shared,,,,
ethereum-wallet-scrypt,"Ethereum Wallet, SCRYPT",,,absent,,"Ethereum Wallet, SCRYPT",application,,ok,,15700,proven,ethereum,proven,,unknown,no,1,shared,,,,
exodus-desktop-wallet-scrypt,Exodus Desktop Wallet (scrypt),,,absent,,Exodus Desktop Wallet (scrypt),application,,ok,,28200,proven,,unknown,,unknown,no,1,unknown,,,,
filevault-2,FileVault 2,,,absent,,FileVault 2,application,,ok,,16700,proven,FVDE FVDE-opencl,proven,,unknown,no,1,shared,,,,
filezilla-server-ge-0-9-55,FileZilla Server >= 0.9.55,,,absent,,FileZilla Server >= 0.9.55,application,,ok,,15000,proven,dynamic_82,proven,SHA512PASSSALT,proven,no,1,shared,,,,
flask-session-cookie-salt-salt-pass,Flask Session Cookie ($salt.$salt.$pass),,,absent,,Flask Session Cookie ($salt.$salt.$pass),protocol,,ok,,29100,proven,,unknown,,unknown,no,1,unknown,,,,
fortigate,FORTIGATE,,,,,,application,,ok,,7000,proven,Fortigate,proven,FORTIGATE,proven,no,1,shared,,,,
fortigate256,FORTIGATE256,,,,,,application,,ok,,26300,proven,Fortigate256,proven,FORTIGATE256,proven,no,1,shared,,,,
freebsd-geli,FreeBSD GELI,,,absent,,FreeBSD GELI,,,needs-review,,,unknown,geli,claimed,,unknown,no,0,unknown,,,,
fugue224,FUGUE224,,,absent,,fugue224(pass),,,ok,,,no,,unknown,FUGUE224,proven,no,1,unknown,,,FUGUE224,
fugue256,FUGUE256,,,absent,,fugue256(pass),,,ok,,,no,,unknown,FUGUE256,proven,no,1,unknown,,,FUGUE256,
fugue384,FUGUE384,,,absent,,fugue384(pass),,,ok,,,no,,unknown,FUGUE384,proven,no,1,unknown,,,FUGUE384,
fugue512,FUGUE512,,,absent,,fugue512(pass),,,ok,,,no,,unknown,FUGUE512,proven,no,1,unknown,,,FUGUE512,
generic-crypt-3,generic crypt(3),,,absent,,generic crypt(3),application,,ok,,1500,proven,crypt,proven,,unknown,no,1,shared,,,,
generic-hash-bridged-python-interpreter-free-threading,Generic Hash [Bridged: Python Interpreter free-threading],,,absent,,Generic Hash [Bridged: Python Interpreter free-threading],,,needs-review,,72000,claimed,,unknown,,unknown,no,1,unknown,,,,
generic-hash-bridged-python-interpreter-with-gil,Generic Hash [Bridged: Python Interpreter with GIL],,,absent,,Generic Hash [Bridged: Python Interpreter with GIL],,,needs-review,,73000,claimed,,unknown,,unknown,no,1,unknown,,,,
generic-hash-bridged-rust,Generic Hash [Bridged: Rust],,,absent,,Generic Hash [Bridged: Rust],,,needs-review,,74000,claimed,,unknown,,unknown,no,1,unknown,,,,
gnome-keyring,GNOME Keyring,,,absent,,GNOME Keyring,,,ok,,,unknown,keyring keyring-opencl,proven,,unknown,no,1,unknown,,,,
gost-x2,GOST (2 iterations),,gost(gost($p)),vector,dynamic=gost(gost($p)),,iterated,,ok,,,unknown,dynamic_93,proven,GOST -i2,proven,no,1,shared,,,,
gost-r-34-11-94,GOST R 34.11-94,,,absent,,GOST R 34.11-94,,,needs-review,,,unknown,gost,claimed,,unknown,no,0,unknown,,,,
gost-md5-plain-plain,gost(md5($plain).$plain),,gost(md5($p).$p),vector,dynamic=gost(md5($p).$p),,composite,,ok,,,no,,unknown,GOSTMD5PASS,proven,no,1,unknown,,,GOST(MD5(PLAIN)PLAIN),
gost-md5-salt-plain-salt,"gost(md5($salt.$plain)."":"".$salt)","gost(md5($salt.$plain).$salt); gost(md5($salt.$plain)."":"".$salt."":"")",,absent,,gost(pass . salt),,,ok,,,no,,unknown,GOSTHEXSALT,proven,no,3,unknown,,,GOST(MD5(SALTPLAIN)INSDPSALT),
gost-yescrypt-mdxfindgost-yescrypt,GOST-YESCRYPT,,,absent,,"gost_yescrypt(pass, salt)",kdf,,ok,,36200,proven,,unknown,GOST-YESCRYPT,proven,no,1,shared,,,,
gost-yescrypt,gost-yescrypt,,,absent,,gost-yescrypt,kdf,,ok,,36200,proven,,unknown,,unknown,no,1,unknown,,,,
gost12512crypt,GOST12512CRYPT,,,absent,,"gost12_512crypt(pass, salt, rounds)",application,,ok,,35600,proven,streebog512crypt streebog512crypt-opencl,proven,GOST12512CRYPT,proven,no,1,shared,,,,
gost2012-32,GOST2012-32,,,absent,,gost2012_32(pass),,,ok,,11700,proven,Stribog-256,proven,GOST2012-32,proven,no,1,shared,,same as streebog-32-plain (naming),,
gost2012-64,GOST2012-64,,,absent,,gost2012_64(pass),,,ok,,11800,proven,Stribog-512,proven,GOST2012-64,proven,no,1,shared,,same as streebog-64-plain (naming),,
gostmd5,GOSTMD5,,gost(md5($p)),vector,dynamic=gost(md5($p)),,composite,,ok,,,no,,unknown,GOSTMD5,proven,no,1,unknown,,,GOSTMD5,
gpg-aes-128-aes-256-sha-1-pass,GPG (AES-128/AES-256 (SHA-1($pass))),,,absent,,GPG (AES-128/AES-256 (SHA-1($pass))),application,,ok,,17010,proven,gpg gpg-opencl,proven,,unknown,no,1,shared,,,,
gpg-aes-128-aes-256-sha-256-pass,GPG (AES-128/AES-256 (SHA-256($pass))),,,absent,,GPG (AES-128/AES-256 (SHA-256($pass))),application,,ok,,17030,proven,gpg gpg-opencl,proven,,unknown,no,1,shared,,,,
gpg-aes-128-aes-256-sha-512-pass,GPG (AES-128/AES-256 (SHA-512($pass))),,,absent,,GPG (AES-128/AES-256 (SHA-512($pass))),application,,ok,,17020,proven,gpg gpg-opencl,proven,,unknown,no,1,shared,,,,
gpg-aes-ocb-128-sha-1-pass,GPG (AES-OCB-128 (SHA-1($pass))),,,absent,,GPG (AES-OCB-128 (SHA-1($pass))),application,,ok,,17050,proven,,unknown,,unknown,no,1,unknown,,,,
gpg-cast5-sha-1-pass,GPG (CAST5 (SHA-1($pass))),,,absent,,GPG (CAST5 (SHA-1($pass))),application,,ok,,17040,proven,gpg,proven,,unknown,no,1,shared,,,,
groestl224,GROESTL224,,,absent,,groestl224(pass),,,ok,,,no,,unknown,GROESTL224,proven,no,1,unknown,,,GROESTL224,
groestl256,GROESTL256,,,absent,,groestl256(pass),,,ok,,,no,,unknown,GROESTL256,proven,no,1,unknown,,,GROESTL256,
groestl384,GROESTL384,,,absent,,groestl384(pass),,,ok,,,no,,unknown,GROESTL384,proven,no,1,unknown,,,GROESTL384,
groestl512,GROESTL512,,,absent,,groestl512(pass),,,ok,,,no,,unknown,GROESTL512,proven,no,1,unknown,,,GROESTL512,
grub-2,GRUB 2,,,absent,,GRUB 2,application,,ok,,7200,proven,PBKDF2-HMAC-SHA512 PBKDF2-HMAC-SHA512-opencl,proven,,unknown,no,1,shared,,,,
h3c-huawei-hpe,H3C/Huawei/HPE,,,absent,,H3C/Huawei/HPE,,,ok,,,unknown,h3c,proven,,unknown,no,1,unknown,,,,
half-md5,Half MD5,,,,,,,,ok,,5100,proven,,unknown,MD5 MD5RAW,proven,no,1,shared,,,CUTn-16MD5; n/a,(n denoting the starting position n>=0)
halflm-c-r,HalfLM C/R,,,absent,,HalfLM C/R,,,needs-review,,,unknown,nethalflm,claimed,,unknown,no,0,unknown,,,,
hamsi224,HAMSI224,,,absent,,hamsi224(pass),,,ok,,,no,,unknown,HAMSI224,proven,no,1,unknown,,,HAMSI224,
hamsi256,HAMSI256,,,absent,,hamsi256(pass),,,ok,,,no,,unknown,HAMSI256,proven,no,1,unknown,,,HAMSI256,
hamsi384,HAMSI384,,,absent,,hamsi384(pass),,,ok,,,no,,unknown,HAMSI384,proven,no,1,unknown,,,HAMSI384,
hamsi512,HAMSI512,,,absent,,hamsi512(pass),,,ok,,,no,,unknown,HAMSI512,proven,no,1,unknown,,,HAMSI512,
has-160-librhash,has-160 (librhash),,,absent,,has160(pass),,,ok,,,no,has-160,proven,HAS160,proven,no,1,shared,,,HAS-160,
hash-gost-plain,"hash('gost', $plain)",,gost($p),vector,dynamic=gost($p),,primitive,,ok,,6900,proven,dynamic_90,proven,GOST,proven,no,1,shared,,,GOST,
hash-gost-crypto-plain,"hash('gost-crypto', $plain)",,,absent,,"hash('gost-crypto', $plain)",,,ok,,,no,,unknown,GOST-CRYPTO,proven,no,1,unknown,,,GOST-CRYPTO,
hashknownhosts-hmac-sha1,HashKnownHosts HMAC-SHA1,,,absent,,HashKnownHosts HMAC-SHA1,,,ok,,,unknown,known_hosts,proven,,unknown,no,1,unknown,,,,
hav128,HAV128,,haval128_3($p),vector,dynamic=haval128_3($p),,primitive,,ok,,,no,dynamic_160,proven,HAV128,proven,no,1,shared,,,HAVAL128-3,
hav128-x2,HAV128 (2 iterations),,haval128_3(haval128_3($p)),vector,dynamic=haval128_3(haval128_3($p)),,iterated,,ok,,,unknown,dynamic_163,proven,HAV128 -i2,proven,no,1,shared,,,,
hav128-4,HAV128-4,,haval128_4($p),vector,dynamic=haval128_4($p),,primitive,,ok,,,no,dynamic_170,proven,HAV128-4,proven,no,1,shared,,,HAVAL128-4,
hav128-4-x2,HAV128-4 (2 iterations),,haval128_4(haval128_4($p)),vector,dynamic=haval128_4(haval128_4($p)),,iterated,,ok,,,unknown,dynamic_173,proven,HAV128-4 -i2,proven,no,1,shared,,,,
hav128-5,HAV128-5,,haval128_5($p),vector,dynamic=haval128_5($p),,primitive,,ok,,,no,dynamic_180,proven,HAV128-5,proven,no,1,shared,,,HAVAL128-5,
hav128-5-x2,HAV128-5 (2 iterations),,haval128_5(haval128_5($p)),vector,dynamic=haval128_5(haval128_5($p)),,iterated,,ok,,,unknown,dynamic_183,proven,HAV128-5 -i2,proven,no,1,shared,,,,
hav160-3,HAV160-3,,haval160_3($p),vector,dynamic=haval160_3($p),,primitive,,ok,,,no,dynamic_190,proven,HAV160-3,proven,no,1,shared,,,HAVAL160-3,
hav160-3-x2,HAV160-3 (2 iterations),,haval160_3(haval160_3($p)),vector,dynamic=haval160_3(haval160_3($p)),,iterated,,ok,,,unknown,dynamic_193,proven,HAV160-3 -i2,proven,no,1,shared,,,,
hav160-4,HAV160-4,,haval160_4($p),vector,dynamic=haval160_4($p),,primitive,,ok,,,no,dynamic_200,proven,HAV160-4,proven,no,1,shared,,,HAVAL160-4,
hav160-4-x2,HAV160-4 (2 iterations),,haval160_4(haval160_4($p)),vector,dynamic=haval160_4(haval160_4($p)),,iterated,,ok,,,unknown,dynamic_203,proven,HAV160-4 -i2,proven,no,1,shared,,,,
hav160-5,HAV160-5,,haval160_5($p),vector,dynamic=haval160_5($p),,primitive,,ok,,,no,dynamic_210,proven,HAV160-5,proven,no,1,shared,,,HAVAL160-5,
hav160-5-x2,HAV160-5 (2 iterations),,haval160_5(haval160_5($p)),vector,dynamic=haval160_5(haval160_5($p)),,iterated,,ok,,,unknown,dynamic_213,proven,HAV160-5 -i2,proven,no,1,shared,,,,
hav192-3,HAV192-3,,haval192_3($p),vector,dynamic=haval192_3($p),,primitive,,ok,,,no,dynamic_220,proven,HAV192-3,proven,no,1,shared,,,HAVAL192-3,
hav192-3-x2,HAV192-3 (2 iterations),,haval192_3(haval192_3($p)),vector,dynamic=haval192_3(haval192_3($p)),,iterated,,ok,,,unknown,dynamic_223,proven,HAV192-3 -i2,proven,no,1,shared,,,,
hav192-4,HAV192-4,,haval192_4($p),vector,dynamic=haval192_4($p),,primitive,,ok,,,no,dynamic_230,proven,HAV192-4,proven,no,1,shared,,,HAVAL192-4,sheet vector corrected 2026-08-29: the HAVAL-192 4-pass and 5-pass example hashes were swapped in the source sheet. mdxfind pinned to each type and john dynamic_230/dynamic_240 independently agree on the pairing now recorded.
hav192-4-x2,HAV192-4 (2 iterations),,haval192_4(haval192_4($p)),vector,dynamic=haval192_4(haval192_4($p)),,iterated,,ok,,,unknown,dynamic_233,proven,HAV192-4 -i2,proven,no,1,shared,,,,
hav192-5,HAV192-5,,haval192_5($p),vector,dynamic=haval192_5($p),,primitive,,ok,,,no,dynamic_240,proven,HAV192-5,proven,no,1,shared,,,HAVAL192-5,sheet vector corrected 2026-08-29: the HAVAL-192 4-pass and 5-pass example hashes were swapped in the source sheet. mdxfind pinned to each type and john dynamic_230/dynamic_240 independently agree on the pairing now recorded.
hav192-5-x2,HAV192-5 (2 iterations),,haval192_5(haval192_5($p)),vector,dynamic=haval192_5(haval192_5($p)),,iterated,,ok,,,unknown,dynamic_243,proven,HAV192-5 -i2,proven,no,1,shared,,,,
hav224-3,HAV224-3,,haval224_3($p),vector,dynamic=haval224_3($p),,primitive,,ok,,,no,dynamic_250,proven,HAV224-3,proven,no,1,shared,,,HAVAL224-3,
hav224-3-x2,HAV224-3 (2 iterations),,haval224_3(haval224_3($p)),vector,dynamic=haval224_3(haval224_3($p)),,iterated,,ok,,,unknown,dynamic_253,proven,HAV224-3 -i2,proven,no,1,shared,,,,
hav224-4,HAV224-4,,haval224_4($p),vector,dynamic=haval224_4($p),,primitive,,ok,,,no,dynamic_260,proven,HAV224-4,proven,no,1,shared,,,HAVAL224-4,
hav224-4-x2,HAV224-4 (2 iterations),,haval224_4(haval224_4($p)),vector,dynamic=haval224_4(haval224_4($p)),,iterated,,ok,,,unknown,dynamic_263,proven,HAV224-4 -i2,proven,no,1,shared,,,,
hav224-5,HAV224-5,,haval224_5($p),vector,dynamic=haval224_5($p),,primitive,,ok,,,no,dynamic_270,proven,HAV224-5,proven,no,1,shared,,,HAVAL224-5,
hav224-5-x2,HAV224-5 (2 iterations),,haval224_5(haval224_5($p)),vector,dynamic=haval224_5(haval224_5($p)),,iterated,,ok,,,unknown,dynamic_273,proven,HAV224-5 -i2,proven,no,1,shared,,,,
hav256-x2,HAV256 (2 iterations),,haval256_3(haval256_3($p)),vector,dynamic=haval256_3(haval256_3($p)),,iterated,,ok,,,unknown,dynamic_283,proven,HAV256 -i2,proven,no,1,shared,,,,
hav256-4,HAV256-4,,haval256_4($p),vector,dynamic=haval256_4($p),,primitive,,ok,,,no,dynamic_290,proven,HAV256-4,proven,no,1,shared,,,HAVAL256-4,
hav256-4-x2,HAV256-4 (2 iterations),,haval256_4(haval256_4($p)),vector,dynamic=haval256_4(haval256_4($p)),,iterated,,ok,,,unknown,dynamic_293,proven,HAV256-4 -i2,proven,no,1,shared,,,,
hav256-5,HAV256-5,,haval256_5($p),vector,dynamic=haval256_5($p),,primitive,,ok,,,no,dynamic_300,proven,HAV256-5,proven,no,1,shared,,,HAVAL256-5,
hav256-5-x2,HAV256-5 (2 iterations),,haval256_5(haval256_5($p)),vector,dynamic=haval256_5(haval256_5($p)),,iterated,,ok,,,unknown,dynamic_303,proven,HAV256-5 -i2,proven,no,1,shared,,,,
haval-128-4,HAVAL-128-4,,,absent,,HAVAL-128-4,,,needs-review,,,unknown,HAVAL-128-4,claimed,,unknown,no,0,unknown,,,,
haval-256-3,HAVAL-256-3,HAV256,haval256_3($p),vector,dynamic=haval256_3($p),,primitive,,ok,,,no,HAVAL-256-3 dynamic_280,proven,HAV256,proven,no,2,shared,,duplicate of hav256,HAVAL256-3,
haval128-3-md5-plain,haval128_3(md5($plain)),,haval128_3(md5($p)),vector,dynamic=haval128_3(md5($p)),,composite,,ok,,,no,,unknown,HAV128MD5,proven,no,1,unknown,,,HAVAL128-3MD5,
haval128-3-md5-plain-plain,haval128_3(md5($plain).$plain),,haval128_3(md5($p).$p),vector,dynamic=haval128_3(md5($p).$p),,composite,,ok,,,no,,unknown,HAV128MD5PASS,proven,no,1,unknown,,,HAVAL128-3(MD5(PLAIN)PLAIN),
haval128-3-md5-salt-plain-salt,"haval128_3(md5($salt.$plain)."":"".$salt)","haval128_3(md5($salt.$plain)."":"".$salt."":""); haval128_3(md5($salt.$plain).$salt)",,absent,,hav128(pass . salt),,,ok,,,no,,unknown,HAV128HEXSALT,proven,no,3,unknown,,,HAVAL128-3(MD5(SALTPLAIN)INSDPSALT),
haval128-4-md5-plain,haval128_4(md5($plain)),,haval128_4(md5($p)),vector,dynamic=haval128_4(md5($p)),,composite,,ok,,,no,,unknown,HAV128-4MD5,proven,no,1,unknown,,,HAVAL128-4MD5,
haval128-4-md5-plain-plain,haval128_4(md5($plain).$plain),,haval128_4(md5($p).$p),vector,dynamic=haval128_4(md5($p).$p),,composite,,ok,,,no,,unknown,HAV128-4MD5PASS,proven,no,1,unknown,,,HAVAL128-4(MD5(PLAIN)PLAIN),
haval128-5-md5-plain,haval128_5(md5($plain)),,haval128_5(md5($p)),vector,dynamic=haval128_5(md5($p)),,composite,,ok,,,no,,unknown,HAV128-5MD5,proven,no,1,unknown,,,HAVAL128-5MD5,
haval128-5-md5-plain-plain,haval128_5(md5($plain).$plain),,haval128_5(md5($p).$p),vector,dynamic=haval128_5(md5($p).$p),,composite,,ok,,,no,,unknown,HAV128-5MD5PASS,proven,no,1,unknown,,,HAVAL128-5(MD5(PLAIN)PLAIN),
haval160-3-md5-plain,haval160_3(md5($plain)),,haval160_3(md5($p)),vector,dynamic=haval160_3(md5($p)),,composite,,ok,,,no,,unknown,HAV160-3MD5,proven,no,1,unknown,,,HAVAL160-3MD5,
haval160-3-md5-plain-plain,haval160_3(md5($plain).$plain),,haval160_3(md5($p).$p),vector,dynamic=haval160_3(md5($p).$p),,composite,,ok,,,no,,unknown,HAV160-3MD5PASS,proven,no,1,unknown,,,HAVAL160-3(MD5(PLAIN)PLAIN),
haval160-4-md5-plain,haval160_4(md5($plain)),,haval160_4(md5($p)),vector,dynamic=haval160_4(md5($p)),,composite,,ok,,,no,,unknown,HAV160-4MD5,proven,no,1,unknown,,,HAVAL160-4MD5,
haval160-4-md5-plain-plain,haval160_4(md5($plain).$plain),,haval160_4(md5($p).$p),vector,dynamic=haval160_4(md5($p).$p),,composite,,ok,,,no,,unknown,HAV160-4MD5PASS,proven,no,1,unknown,,,HAVAL160-4(MD5(PLAIN)PLAIN),
haval160-5-md5-plain,haval160_5(md5($plain)),,haval160_5(md5($p)),vector,dynamic=haval160_5(md5($p)),,composite,,ok,,,no,,unknown,HAV160-5MD5,proven,no,1,unknown,,,HAVAL160-5MD5,
haval160-5-md5-plain-plain,haval160_5(md5($plain).$plain),,haval160_5(md5($p).$p),vector,dynamic=haval160_5(md5($p).$p),,composite,,ok,,,no,,unknown,HAV160-5MD5PASS,proven,no,1,unknown,,,HAVAL160-5(MD5(PLAIN)PLAIN),
haval192-3-md5-plain,haval192_3(md5($plain)),,haval192_3(md5($p)),vector,dynamic=haval192_3(md5($p)),,composite,,ok,,,no,,unknown,HAV192-3MD5,proven,no,1,unknown,,,HAVAL192-3MD5,
haval192-3-md5-plain-plain,haval192_3(md5($plain).$plain),,haval192_3(md5($p).$p),vector,dynamic=haval192_3(md5($p).$p),,composite,,ok,,,no,,unknown,HAV192-3MD5PASS,proven,no,1,unknown,,,HAVAL192-3(MD5(PLAIN)PLAIN),
haval192-4-md5-plain,haval192_4(md5($plain)),,haval192_4(md5($p)),vector,dynamic=haval192_4(md5($p)),,composite,,ok,,,no,,unknown,HAV192-4MD5,proven,no,1,unknown,,,HAVAL192-4MD5,
haval192-4-md5-plain-plain,haval192_4(md5($plain).$plain),,haval192_4(md5($p).$p),vector,dynamic=haval192_4(md5($p).$p),,composite,,ok,,,no,,unknown,HAV192-4MD5PASS,proven,no,1,unknown,,,HAVAL192-4(MD5(PLAIN)PLAIN),
haval192-5-md5-plain,haval192_5(md5($plain)),,haval192_5(md5($p)),vector,dynamic=haval192_5(md5($p)),,composite,,ok,,,no,,unknown,HAV192-5MD5,proven,no,1,unknown,,,HAVAL192-5MD5,
haval192-5-md5-plain-plain,haval192_5(md5($plain).$plain),,haval192_5(md5($p).$p),vector,dynamic=haval192_5(md5($p).$p),,composite,,ok,,,no,,unknown,HAV192-5MD5PASS,proven,no,1,unknown,,,HAVAL192-5(MD5(PLAIN)PLAIN),
haval224-3-md5-plain,haval224_3(md5($plain)),,haval224_3(md5($p)),vector,dynamic=haval224_3(md5($p)),,composite,,ok,,,no,,unknown,HAV224-3MD5,proven,no,1,unknown,,,HAVAL224-3MD5,
haval224-3-md5-plain-plain,haval224_3(md5($plain).$plain),,haval224_3(md5($p).$p),vector,dynamic=haval224_3(md5($p).$p),,composite,,ok,,,no,,unknown,HAV224-3MD5PASS,proven,no,1,unknown,,,HAVAL224-3(MD5(PLAIN)PLAIN),
haval224-4-md5-plain,haval224_4(md5($plain)),,haval224_4(md5($p)),vector,dynamic=haval224_4(md5($p)),,composite,,ok,,,no,,unknown,HAV224-4MD5,proven,no,1,unknown,,,HAVAL224-4MD5,
haval224-4-md5-plain-plain,haval224_4(md5($plain).$plain),,haval224_4(md5($p).$p),vector,dynamic=haval224_4(md5($p).$p),,composite,,ok,,,no,,unknown,HAV224-4MD5PASS,proven,no,1,unknown,,,HAVAL224-4(MD5(PLAIN)PLAIN),
haval224-5-md5-plain,haval224_5(md5($plain)),,haval224_5(md5($p)),vector,dynamic=haval224_5(md5($p)),,composite,,ok,,,no,,unknown,HAV224-5MD5,proven,no,1,unknown,,,HAVAL224-5MD5,
haval224-5-md5-plain-plain,haval224_5(md5($plain).$plain),,haval224_5(md5($p).$p),vector,dynamic=haval224_5(md5($p).$p),,composite,,ok,,,no,,unknown,HAV224-5MD5PASS,proven,no,1,unknown,,,HAVAL224-5(MD5(PLAIN)PLAIN),
haval256-3-md5-plain,haval256_3(md5($plain)),,haval256_3(md5($p)),vector,dynamic=haval256_3(md5($p)),,composite,,ok,,,no,,unknown,HAV256MD5,proven,no,1,unknown,,,HAVAL256-3MD5,
haval256-3-md5-plain-plain,haval256_3(md5($plain).$plain),,haval256_3(md5($p).$p),vector,dynamic=haval256_3(md5($p).$p),,composite,,ok,,,no,,unknown,HAV256MD5PASS,proven,no,1,unknown,,,HAVAL256-3(MD5(PLAIN)PLAIN),
haval256-4-md5-plain,haval256_4(md5($plain)),,haval256_4(md5($p)),vector,dynamic=haval256_4(md5($p)),,composite,,ok,,,no,,unknown,HAV256-4MD5,proven,no,1,unknown,,,HAVAL256-4MD5,
haval256-4-md5-plain-plain,haval256_4(md5($plain).$plain),,haval256_4(md5($p).$p),vector,dynamic=haval256_4(md5($p).$p),,composite,,ok,,,no,,unknown,HAV256-4MD5PASS,proven,no,1,unknown,,,HAVAL256-4(MD5(PLAIN)PLAIN),
haval256-5-md5-plain,haval256_5(md5($plain)),,haval256_5(md5($p)),vector,dynamic=haval256_5(md5($p)),,composite,,ok,,,no,,unknown,HAV256-5MD5,proven,no,1,unknown,,,HAVAL256-5MD5,
haval256-5-md5-plain-plain,haval256_5(md5($plain).$plain),,haval256_5(md5($p).$p),vector,dynamic=haval256_5(md5($p).$p),,composite,,ok,,,no,,unknown,HAV256-5MD5PASS,proven,no,1,unknown,,,HAVAL256-5(MD5(PLAIN)PLAIN),
hmac-gost-plain-salt,"hmac(""gost"", $plain, $salt)",,,absent,,"hmac(""gost"", $plain, $salt)",,,ok,,,no,,unknown,HMAC-GOST,proven,no,1,unknown,,,not supported,
hmac-haval128-3-plain-salt,"hmac(""haval128,3"", $plain, $salt)",,,absent,,"hmac(""haval128,3"", $plain, $salt)",,,ok,,,no,,unknown,HMAC-HAV128,proven,no,1,unknown,,,not supported,
hmac-haval160-3-plain-salt,"hmac(""haval160,3"", $plain, $salt)",,,absent,,"hmac(""haval160,3"", $plain, $salt)",,,ok,,,no,,unknown,HMAC-HAV160,proven,no,1,unknown,,,not supported,
hmac-haval192-3-plain-salt,"hmac(""haval192,3"", $plain, $salt)",,,absent,,"hmac(""haval192,3"", $plain, $salt)",,,ok,,,no,,unknown,HMAC-HAV192,proven,no,1,unknown,,,not supported,
hmac-haval224-3-plain-salt,"hmac(""haval224,3"", $plain, $salt)",,,absent,,"hmac(""haval224,3"", $plain, $salt)",,,ok,,,no,,unknown,HMAC-HAV224,proven,no,1,unknown,,,not supported,
hmac-haval256-3-plain-salt,"hmac(""haval256,3"", $plain, $salt)",,,absent,,"hmac(""haval256,3"", $plain, $salt)",,,ok,,,no,,unknown,HMAC-HAV256,proven,no,1,unknown,,,not supported,
hmac-md2-plain-salt,"hmac(""md2"", $plain, $salt)",,,absent,,"hmac(""md2"", $plain, $salt)",,,ok,,,no,,unknown,HMAC-MD2,proven,no,1,unknown,,,not supported,
hmac-md4-plain-salt,"hmac(""md4"", $plain, $salt)",,,absent,,"hmac(""md4"", $plain, $salt)",,,ok,,,no,,unknown,HMAC-MD4,proven,no,1,unknown,,,not supported,
hmac-md5-plain-salt,"hmac(""md5"", $plain, $salt)",,,absent,,"hmac(""md5"", $plain, $salt)",composite,,ok,,60,proven,,unknown,HMAC-MD5,proven,no,1,shared,,,not supported,
hmac-ripemd128-plain-salt,"hmac(""ripemd128"", $plain, $salt)",,,absent,,"hmac(""ripemd128"", $plain, $salt)",,,ok,,,no,,unknown,HMAC-RMD128,proven,no,1,unknown,,,not supported,
hmac-ripemd160-plain-salt,"hmac(""ripemd160"", $plain, $salt)",,,absent,,"hmac(""ripemd160"", $plain, $salt)",composite,,ok,,6060,proven,,unknown,HMAC-RMD160,proven,no,1,shared,,,not supported,
hmac-ripemd256-plain-salt,"hmac(""ripemd256"", $plain, $salt)",,,absent,,"hmac(""ripemd256"", $plain, $salt)",,,ok,,,no,,unknown,HMAC-RMD256,proven,no,1,unknown,,,not supported,
hmac-ripemd320-plain-salt,"hmac(""ripemd320"", $plain, $salt)",,,absent,,"hmac(""ripemd320"", $plain, $salt)",composite,,ok,,33660,proven,,unknown,HMAC-RMD320,proven,no,1,shared,,,not supported,
hmac-sha1-plain-salt,"hmac(""sha1"", $plain, $salt)",,,absent,,"hmac(""sha1"", $plain, $salt)",composite,,ok,,160,proven,,unknown,HMAC-SHA1,proven,no,1,shared,,,not supported,
hmac-sha224-plain-salt,"hmac(""sha224"", $plain, $salt)",,,absent,,"hmac(""sha224"", $plain, $salt)",,,ok,,,no,,unknown,HMAC-SHA224,proven,no,1,unknown,,,not supported,
hmac-sha256-plain-salt,"hmac(""sha256"", $plain, $salt)",,,absent,,"hmac(""sha256"", $plain, $salt)",composite,,ok,,1460,proven,,unknown,HMAC-SHA256,proven,no,1,shared,,,not supported,
hmac-sha512-plain-salt,"hmac(""sha512"", $plain, $salt)",,,absent,,"hmac(""sha512"", $plain, $salt)",composite,,ok,,1760,proven,,unknown,HMAC-SHA512,proven,no,1,shared,,,not supported,
hmac-snefru128-plain-salt,"hmac(""snefru128"", $plain, $salt)",,,absent,,"hmac(""snefru128"", $plain, $salt)",,,ok,,,no,,unknown,HMAC-SNE128,proven,no,1,unknown,,,not supported,
hmac-snefru256-plain-salt,"hmac(""snefru256"", $plain, $salt)",,,absent,,"hmac(""snefru256"", $plain, $salt)",,,ok,,,no,,unknown,HMAC-SNE256,proven,no,1,unknown,,,not supported,
hmac-tiger128-3-plain-salt,"hmac(""tiger128,3"", $plain, $salt)",,,absent,,"hmac(""tiger128,3"", $plain, $salt)",,,ok,,,no,,unknown,HMAC-TIGER128,proven,no,1,unknown,,,not supported,
hmac-tiger160-3-plain-salt,"hmac(""tiger160,3"", $plain, $salt)",,,absent,,"hmac(""tiger160,3"", $plain, $salt)",,,ok,,,no,,unknown,HMAC-TIGER160,proven,no,1,unknown,,,not supported,
hmac-tiger192-3-plain-salt,"hmac(""tiger192,3"", $plain, $salt)",,,absent,,"hmac(""tiger192,3"", $plain, $salt)",,,ok,,,no,,unknown,HMAC-TIGER192,proven,no,1,unknown,,,not supported,
hmac-whirlpool-plain-salt,"hmac(""whirlpool"", $plain, $salt)",,,absent,,"hmac(""whirlpool"", $plain, $salt)",,,ok,,,no,,unknown,HMAC-WRL,proven,no,1,unknown,,,not supported,
hmac-blake2s,HMAC-BLAKE2S,,,absent,,"hmac_blake2s(pass, salt)",composite,,ok,,33300,proven,,unknown,HMAC-BLAKE2S,proven,no,1,shared,,,,
hmac-md5-hmac-sha1-rsvp-is-is-omapi-rndc-tsig,"HMAC-MD5 / HMAC-SHA1, RSVP, IS-IS, OMAPI, RNDC, TSIG",,,absent,,"HMAC-MD5 / HMAC-SHA1, RSVP, IS-IS, OMAPI, RNDC, TSIG",,,ok,,,unknown,rsvp,proven,,unknown,no,1,unknown,,,,
hmac-md5-kpass,HMAC-MD5-KPASS,,,absent,,"hmac_md5(salt, pass)",composite,,ok,,50,proven,,unknown,HMAC-MD5-KPASS,proven,no,1,shared,,,,
hmac-ripemd160-key-salt,HMAC-RIPEMD160 (key = $salt),,,absent,,HMAC-RIPEMD160 (key = $salt),composite,,ok,,6060,proven,,unknown,,unknown,no,1,unknown,,,,
hmac-ripemd320-key-salt,HMAC-RIPEMD320 (key = $salt),,,absent,,HMAC-RIPEMD320 (key = $salt),composite,,ok,,33660,proven,,unknown,,unknown,no,1,unknown,,,,
hmac-rmd160-kpass,HMAC-RMD160-KPASS,,,absent,,"hmac_rmd160(salt, pass)",composite,,ok,,6050,proven,,unknown,HMAC-RMD160-KPASS,proven,no,1,shared,,,,
hmac-rmd320-kpass,HMAC-RMD320-KPASS,,,absent,,"hmac_rmd320(salt, pass)",composite,,ok,,33650,proven,,unknown,HMAC-RMD320-KPASS,proven,no,1,shared,,,,
hmac-sha1,HMAC-SHA1,,,absent,,HMAC-SHA1,,,ok,,,unknown,HMAC-SHA1,proven,,unknown,no,1,unknown,,,,
hmac-sha1-kpass,HMAC-SHA1-KPASS,,,absent,,"hmac_sha1(salt, pass)",composite,,ok,,150,proven,,unknown,HMAC-SHA1-KPASS,proven,no,1,shared,,,,
hmac-sha224,HMAC-SHA224,,,absent,,HMAC-SHA224,,,ok,,,unknown,HMAC-SHA224,proven,,unknown,no,1,unknown,,,,
hmac-sha224-kpass,HMAC-SHA224-KPASS,,,absent,,"hmac_sha224(salt, pass)",,,ok,,,unknown,,unknown,HMAC-SHA224-KPASS,proven,no,1,unknown,,,,
hmac-sha256-key-salt,HMAC-SHA256 (key = $salt),,,absent,,HMAC-SHA256 (key = $salt),composite,,ok,,1460,proven,,unknown,,unknown,no,1,unknown,,,,
hmac-sha256-kpass,HMAC-SHA256-KPASS,,,absent,,"hmac_sha256(salt, pass)",composite,,ok,,1450,proven,,unknown,HMAC-SHA256-KPASS,proven,no,1,shared,,,,
hmac-sha384-johnhmac-sha384,HMAC-SHA384,,,absent,,HMAC-SHA384,,,ok,,,unknown,HMAC-SHA384,proven,,unknown,no,1,unknown,,,,
hmac-sha384,HMAC-SHA384,,,absent,,"hmac_sha384(pass, user)",,,ok,,,unknown,,unknown,HMAC-SHA384,proven,no,1,unknown,,,,
hmac-sha384-kpass,HMAC-SHA384-KPASS,,,absent,,"hmac_sha384(salt, pass)",,,ok,,,unknown,,unknown,HMAC-SHA384-KPASS,proven,no,1,unknown,,,,
hmac-sha512,HMAC-SHA512,,,absent,,HMAC-SHA512,,,ok,,,unknown,HMAC-SHA512,proven,,unknown,no,1,unknown,,,,
hmac-sha512-key-salt,HMAC-SHA512 (key = $salt),,,absent,,HMAC-SHA512 (key = $salt),composite,,ok,,1760,proven,,unknown,,unknown,no,1,unknown,,,,
hmac-sha512-kpass,HMAC-SHA512-KPASS,,,absent,,"hmac_sha512(salt, pass)",composite,,ok,,1750,proven,,unknown,HMAC-SHA512-KPASS,proven,no,1,shared,,,,
hmac-streebog256,HMAC-STREEBOG256,,,absent,,"hmac_streebog256(pass, salt)",composite,,ok,,11760,proven,,unknown,HMAC-STREEBOG256,proven,no,1,shared,,,,
hmac-streebog256-kpass,HMAC-STREEBOG256-KPASS,,,absent,,"hmac_streebog256(salt, pass)",composite,,ok,,11750,proven,,unknown,HMAC-STREEBOG256-KPASS,proven,no,1,shared,,,,
hmac-streebog512,HMAC-STREEBOG512,,,absent,,"hmac_streebog512(pass, salt)",composite,,ok,,11860,proven,,unknown,HMAC-STREEBOG512,proven,no,1,shared,,,,
hmac-streebog512-kpass,HMAC-STREEBOG512-KPASS,,,absent,,"hmac_streebog512(salt, pass)",composite,,ok,,11850,proven,,unknown,HMAC-STREEBOG512-KPASS,proven,no,1,shared,,,,
hmailserver,HMAILSERVER,,,absent,,,application,,ok,,1421,proven,hMailServer,proven,HMAILSERVER,proven,no,2,shared,,,,
http-digest-access-authentication,HTTP Digest access authentication,,,absent,,HTTP Digest access authentication,,,ok,,,unknown,hdaa,proven,,unknown,no,1,unknown,,,,
huawei-sha1-md5-pass-salt,Huawei sha1(md5($pass).$salt),,sha1(md5($p).$s),vector,dynamic=sha1(md5($p).$s),,application,,ok,,4711,proven,,unknown,SHA1MD5PASS-SALT SHA1MD5SALT,proven,no,1,shared,,same as sha1-md5-pass-salt (application),,
ibm-toshiba-4690,IBM/Toshiba 4690,,,absent,,IBM/Toshiba 4690,,,ok,,,unknown,adxcrypt,proven,,unknown,no,1,unknown,,,,
ikepsk-md5,IKEPSK-MD5,,,,,,protocol,,ok,,5300,proven,,unknown,IKEPSK-MD5,proven,no,2,shared,,,,
ikepsk-sha1,IKEPSK-SHA1,,,,,,protocol,,ok,,5400,proven,,unknown,IKEPSK-SHA1,proven,no,2,shared,,,,
invision-power-board-2-x,Invision Power Board 2.x,,,absent,,Invision Power Board 2.x,,,ok,,,unknown,ipb2,proven,,unknown,no,1,unknown,,,,
ipb2-mybb1-2,"IPB2+, MyBB1.2+",,md5(md5($s).md5($p)),vector,dynamic=md5(md5($s).md5($p)),,composite,,ok,,2811,proven,dynamic_12,proven,MD5-MD5SALTMD5PASS,proven,no,2,shared,,,"IPB / MYBB; IPB2+, MyBB1.2+",
iphone-passcode-uid-key-system-keybag,iPhone passcode (UID key + System Keybag),,,absent,,iPhone passcode (UID key + System Keybag),application,,ok,,26500,proven,,unknown,,unknown,no,1,unknown,,,,
ipmi-2-0-rakp-rmcp-johnrakp-sha1,IPMI 2.0 RAKP (RMCP+),,,absent,,IPMI 2.0 RAKP (RMCP+),,,ok,,,unknown,RAKP-SHA1 RAKP-SHA1-opencl,proven,,unknown,no,1,unknown,,,,
ipmi-2-0-rakp-rmcp-johnrakp-sha256,IPMI 2.0 RAKP (RMCP+),,,absent,,IPMI 2.0 RAKP (RMCP+),,,ok,,,unknown,RAKP-SHA256 RAKP-SHA256-opencl,proven,,unknown,no,1,unknown,,,,
ipmi-2-0-rakp-rmcp,IPMI 2.0 RAKP (RMCP+),,,absent,,IPMI 2.0 RAKP (RMCP+),,,ok,,,unknown,RAKP-MD5 RAKP-MD5-opencl,proven,,unknown,no,1,unknown,,,,
ipmi2-md5,IPMI2-MD5,,,absent,,"hmac_md5(pass, rakp_data)",protocol,,ok,,7350,proven,,unknown,IPMI2-MD5,proven,no,2,shared,,,,
ipmi2-sha1,IPMI2-SHA1,,,absent,,"hmac_sha1(pass, rakp_data)",protocol,,ok,,7300,proven,,unknown,IPMI2-SHA1,proven,no,2,shared,,,,
ipsec-ah-hmac-md5-96,IPsec AH HMAC-MD5-96,,,absent,,IPsec AH HMAC-MD5-96,,,ok,,,unknown,net-ah,proven,,unknown,no,1,unknown,,,,
iscsi-chap-authentication-eap-md5,iSCSI CHAP authentication / EAP-MD5,,,absent,,iSCSI CHAP authentication / EAP-MD5,,,ok,,,unknown,chap,proven,,unknown,no,1,unknown,,,,
iscsi-chap,ISCSI-CHAP,,,,,,protocol,,ok,,4800,proven,,unknown,ISCSI-CHAP,proven,no,1,shared,,,,
itunes-backup-lt-10-0,iTunes backup < 10.0,,,absent,,iTunes backup < 10.0,application,,ok,,14700,proven,itunes-backup,proven,,unknown,no,1,shared,,,,
itunes-backup-ge-10-0,iTunes backup >= 10.0,,,absent,,iTunes backup >= 10.0,application,,ok,,14800,proven,itunes-backup,proven,,unknown,no,1,shared,,,,
java-keystore,Java KeyStore,,,absent,,Java KeyStore,,,needs-review,,,unknown,keystore,claimed,,unknown,no,0,unknown,,,,
java-object-hashcode,Java Object hashCode(),,,absent,,Java Object hashCode(),primitive,,ok,,18700,proven,,unknown,,unknown,no,1,unknown,,,,
jetico-bestcrypt-jbc,Jetico BestCrypt (.jbc),,,absent,,Jetico BestCrypt (.jbc),,,ok,,,unknown,BestCrypt,proven,,unknown,no,1,unknown,,,,
jh224,JH224,,,absent,,jh224(pass),,,ok,,,no,,unknown,JH224,proven,no,1,unknown,,,JH224,
jh256,JH256,,,absent,,jh256(pass),,,ok,,,no,,unknown,JH256,proven,no,1,unknown,,,JH256,
jh384,JH384,,,absent,,jh384(pass),,,ok,,,no,,unknown,JH384,proven,no,1,unknown,,,JH384,
jh512,JH512,,,absent,,jh512(pass),,,ok,,,no,,unknown,JH512,proven,no,1,unknown,,,JH512,
jks-java-key-store-private-keys-sha1,JKS Java Key Store Private Keys (SHA1),,,absent,,JKS Java Key Store Private Keys (SHA1),application,,ok,,15500,proven,,unknown,,unknown,no,1,unknown,,,,
joomla,Joomla,,md5($p.$s),vector,dynamic=md5($p.$s),,application,Joomla <2.5.18,ok,,11,proven,dynamic_1 dynamic_1014 dynamic_1016 dynamic_2001,proven,MD5PASSSALT,proven,no,3,shared,,same as md5-pass-salt (application),JOOMLA; Joomla,
juniperive,JUNIPERIVE,,,,,,application,,ok,,501,proven,,unknown,JUNIPERIVE,proven,no,2,shared,,,,
juniperssg,JUNIPERSSG,,,absent,,"juniper_encode(md5_bin(user . "":Administration Tools:"" . pass))",application,,ok,,22,proven,,unknown,JUNIPERSSG,proven,no,1,shared,,,,
jwt,JWT,,,absent,,"hmac_sha256(pass, header . ""."" . payload)",protocol,,ok,,16500,proven,HMAC-SHA256,proven,JWT,proven,no,2,shared,,,,
kde-kwallet,KDE KWallet,,,absent,,KDE KWallet,,,ok,,,unknown,kwallet,proven,,unknown,no,1,unknown,,,,
keccak224,KECCAK224,,keccak_224($p),upstream,dynamic=keccak_224($p),,primitive,,needs-review,,17700,proven,dynamic_430,proven,KECCAK224,proven,no,1,shared,,,KECCAK224,
keccak224-x2,KECCAK224 (2 iterations),,keccak_224(keccak_224($p)),upstream,dynamic=keccak_224(keccak_224($p)),,iterated,,needs-review,,,unknown,dynamic_433,proven,KECCAK224 -i2,proven,no,1,shared,,,,
keccak256,KECCAK256,,keccak_256($p),vector,dynamic=keccak_256($p),,primitive,,ok,,17800,proven,Raw-Keccak-256 dynamic_410,proven,KECCAK256,proven,no,1,shared,,,KECCAK256,
keccak256-x2,KECCAK256 (2 iterations),,keccak_256(keccak_256($p)),vector,dynamic=keccak_256(keccak_256($p)),,iterated,,ok,,,unknown,dynamic_413,proven,KECCAK256 -i2,proven,no,1,shared,,,,
keccak384,KECCAK384,,keccak_384($p),upstream,dynamic=keccak_384($p),,primitive,,needs-review,,17900,proven,dynamic_440,proven,KECCAK384,proven,no,1,shared,,,KECCAK384,
keccak384-x2,KECCAK384 (2 iterations),,keccak_384(keccak_384($p)),upstream,dynamic=keccak_384(keccak_384($p)),,iterated,,needs-review,,,unknown,dynamic_443,proven,KECCAK384 -i2,proven,no,1,shared,,,,
keccak512,KECCAK512,,keccak_512($p),vector,dynamic=keccak_512($p),,primitive,,ok,,18000,proven,dynamic_420,proven,KECCAK512,proven,no,1,shared,,,KECCAK512,
keccak512-x2,KECCAK512 (2 iterations),,keccak_512(keccak_512($p)),vector,dynamic=keccak_512(keccak_512($p)),,iterated,,ok,,,unknown,dynamic_423,proven,KECCAK512 -i2,proven,no,1,shared,,,,
keepass-kdbx-v2-v3,KeePass (KDBX v2/v3),,,absent,,KeePass (KDBX v2/v3),application,,ok,,13400,proven,KeePass KeePass-opencl,proven,,unknown,no,1,shared,,,,
keepass-kdbx-v2-v3-keyfile-only,KeePass (KDBX v2/v3) - keyfile only,,,absent,,KeePass (KDBX v2/v3) - keyfile only,application,,ok,,29700,proven,,unknown,,unknown,no,1,unknown,,,,
keepass-aeskdf-kdbx-v4,KeePass AESKDF (KDBX v4),,,absent,,KeePass AESKDF (KDBX v4),application,,ok,,34301,proven,KeePass KeePass-opencl,proven,,unknown,no,1,shared,,,,
keepass-argon2-kdbx-v4,KeePass Argon2 (KDBX v4),,,absent,,KeePass Argon2 (KDBX v4),application,,ok,,34300,proven,KeePass KeePass-Argon2-opencl,proven,,unknown,no,1,shared,,,,
keplr-wallet,Keplr Wallet,,,absent,,Keplr Wallet,,,ok,,,unknown,keplr,proven,,unknown,no,1,unknown,,,,
kerberos-5-as-rep-etype-17-18-23,Kerberos 5 AS-REP etype 17/18/23,,,absent,,Kerberos 5 AS-REP etype 17/18/23,protocol,,ok,,32100,proven,krb5asrep krb5asrep-aes-opencl,proven,,unknown,no,1,shared,,,,
kerberos-5-as-req-pre-auth-etype-17-18,Kerberos 5 AS-REQ Pre-Auth etype 17/18,,,absent,,Kerberos 5 AS-REQ Pre-Auth etype 17/18,,,ok,,,unknown,krb5pa-sha1 krb5pa-sha1-opencl,proven,,unknown,no,1,unknown,,,,
kerberos-5-db-etype-17,Kerberos 5 DB etype 17,,,absent,,Kerberos 5 DB etype 17,,,ok,,,unknown,krb5-17,proven,,unknown,no,1,unknown,,,,
kerberos-5-db-etype-18,Kerberos 5 DB etype 18,,,absent,,Kerberos 5 DB etype 18,,,ok,,,unknown,krb5-18,proven,,unknown,no,1,unknown,,,,
kerberos-5-db-etype-3,Kerberos 5 DB etype 3,,,absent,,Kerberos 5 DB etype 3,,,ok,,,unknown,krb5-3,proven,,unknown,no,1,unknown,,,,
kerberos-5-etype-17-as-rep,"Kerberos 5, etype 17, AS-REP",,,absent,,"Kerberos 5, etype 17, AS-REP",protocol,,ok,,32100,proven,krb5asrep krb5asrep-aes-opencl,proven,,unknown,no,2,divergent,,,,"Vector(s) 'hashcat' added 2026-09-01: the SAME Kerberos 5 AS-REP credential(s) already above, re-serialized into the form john reads. They are not independent evidence -- do not read two agreeing vectors here as corroboration. hashcat writes $krb5asrep$<et>$<user>$<REALM>$<checksum>$<data>; john writes $krb5asrep$<et>$<REALM><user>$<data>$<checksum>. The re-encoding was not assumed: each transcoded string was handed to john with only the plaintext the hashcat vector already states, and fell under both the CPU format and the GPU build."
kerberos-5-etype-17-tgs-rep,"Kerberos 5, etype 17, TGS-REP",,,absent,,"Kerberos 5, etype 17, TGS-REP",protocol,,ok,,19600,proven,krb5tgs-sha1 krb5tgs-sha1-opencl,proven,,unknown,no,1,shared,,,,
kerberos-5-etype-18-as-rep,"Kerberos 5, etype 18, AS-REP",,,absent,,"Kerberos 5, etype 18, AS-REP",protocol,,ok,,32200,proven,krb5asrep krb5asrep-aes-opencl,proven,,unknown,no,2,divergent,,,,"Vector(s) 'hashcat' added 2026-09-01: the SAME Kerberos 5 AS-REP credential(s) already above, re-serialized into the form john reads. They are not independent evidence -- do not read two agreeing vectors here as corroboration. hashcat writes $krb5asrep$<et>$<user>$<REALM>$<checksum>$<data>; john writes $krb5asrep$<et>$<REALM><user>$<data>$<checksum>. The re-encoding was not assumed: each transcoded string was handed to john with only the plaintext the hashcat vector already states, and fell under both the CPU format and the GPU build."
kerberos-5-etype-18-tgs-rep,"Kerberos 5, etype 18, TGS-REP",,,absent,,"Kerberos 5, etype 18, TGS-REP",protocol,,ok,,19700,proven,krb5tgs-sha1 krb5tgs-sha1-opencl,proven,,unknown,no,1,shared,,,,
kerberos-5-etype-23-as-rep,"Kerberos 5, etype 23, AS-REP",,,absent,,"Kerberos 5, etype 23, AS-REP",protocol,,ok,,18200,proven,,unknown,,unknown,no,1,unknown,,,,
kerberos-5-etype-23-as-rep-nt,"Kerberos 5, etype 23, AS-REP (NT)",,,absent,,"Kerberos 5, etype 23, AS-REP (NT)",protocol,,ok,,35400,proven,,unknown,,unknown,no,1,unknown,,,,
kerberos-5-etype-23-tgs-rep-nt,"Kerberos 5, etype 23, TGS-REP (NT)",,,absent,,"Kerberos 5, etype 23, TGS-REP (NT)",protocol,,ok,,35300,proven,,unknown,,unknown,no,1,unknown,,,,
kerberos-afs,Kerberos AFS,,,absent,,Kerberos AFS,,,ok,,,unknown,AFS,proven,,unknown,no,1,unknown,,,,
kerberos-v4-tgt,Kerberos v4 TGT,,,absent,,Kerberos v4 TGT,,,ok,,,unknown,krb4,proven,,unknown,no,1,unknown,,,,
kerberos-v5-tgt,Kerberos v5 TGT,,,absent,,Kerberos v5 TGT,,,ok,,,unknown,krb5,proven,,unknown,no,1,unknown,,,,
knx-ip-secure-device-authentication-code,KNX IP Secure - Device Authentication Code,,,absent,,KNX IP Secure - Device Authentication Code,application,,ok,,25900,proven,,unknown,,unknown,no,1,unknown,,,,
krb5db17,KRB5DB17,,,absent,,"aes128_cts_hmac_sha1(pass, realm, user)",protocol,,ok,,28800,proven,,unknown,KRB5DB17,proven,no,1,shared,,,,
krb5db18,KRB5DB18,,,absent,,"aes256_cts_hmac_sha1(pass, realm, user)",protocol,,ok,,28900,proven,,unknown,KRB5DB18,proven,no,1,shared,,,,
krb5pa-17,KRB5PA-17,,,absent,,"aes128_cts_hmac_sha1(pass, realm, user)",protocol,,ok,,19800,proven,,unknown,KRB5PA-17,proven,no,2,shared,,,,
krb5pa-18,KRB5PA-18,,,absent,,"aes256_cts_hmac_sha1(pass, realm, user)",protocol,,ok,,19900,proven,,unknown,KRB5PA-18,proven,no,2,shared,,,,
krb5pa23,KRB5PA23,,,absent,,"rc4_hmac_md5(pass, realm, user, timestamp)",protocol,,ok,,7500,proven,krb5pa-md5 krb5pa-md5-opencl,proven,KRB5PA23,proven,no,2,shared,,,,
krb5tgs23,KRB5TGS23,,,absent,,"rc4_hmac_md5(pass, realm, spn)",protocol,,ok,,13100,proven,krb5tgs krb5tgs-opencl,proven,KRB5TGS23,proven,no,3,shared,,,,
kremlin-encrypt-3-0-w-newdes,Kremlin Encrypt 3.0 w/NewDES,,,absent,,Kremlin Encrypt 3.0 w/NewDES,application,,ok,,32700,proven,,unknown,,unknown,no,1,unknown,,,,
lastpass,LASTPASS,,,absent,,"pbkdf2_sha256(pass, salt, N, 32)",application,,ok,,6800,proven,,unknown,LASTPASS,proven,no,2,shared,,,,
lastpass-cli,LastPass CLI,,,absent,,LastPass CLI,,,ok,,,unknown,lpcli lpcli-opencl,proven,,unknown,no,1,unknown,,,,
lastpass-offline,LastPass offline,,,absent,,LastPass offline,,,ok,,,unknown,lp lp-opencl,proven,,unknown,no,1,unknown,,,,
leet,leet,,,absent,,leet,,,ok,,,unknown,leet,proven,,unknown,no,1,unknown,,,,
leet-sha512-wrl-user,LEET-SHA512-WRL-USER,,,absent,,emit(sha512(pass . user)); emit(wrl(user . pass)),,,ok,,,no,,unknown,LEET-SHA512-WRL-USER,proven,no,1,unknown,,,,
linux-kernel-crypto-api-2-4,Linux Kernel Crypto API (2.4),,,absent,,Linux Kernel Crypto API (2.4),primitive,,ok,,14500,proven,,unknown,,unknown,no,1,unknown,,,,
lm,LM,,,absent,,lm(pass),application,,needs-review,,3000,proven,LM LM-opencl,claimed,LM,proven,no,2,shared,,,LM; n/a,
lm-c-r,LM C/R,,,absent,,LM C/R,,,needs-review,,,unknown,netlm,claimed,,unknown,no,0,unknown,,,,
lotus-notes-domino-5,Lotus Notes/Domino 5,,,absent,,Lotus Notes/Domino 5,application,,ok,,8600,proven,lotus5 lotus5-opencl,proven,,unknown,no,1,unknown,,,,
lotus-notes-domino-8-5,Lotus Notes/Domino 8.5,,,absent,,Lotus Notes/Domino 8.5,,,ok,,,unknown,lotus85,proven,,unknown,no,1,unknown,,,,
luffa224,LUFFA224,,,absent,,luffa224(pass),,,ok,,,no,,unknown,LUFFA224,proven,no,1,unknown,,,LUFFA224,
luffa256,LUFFA256,,,absent,,luffa256(pass),,,ok,,,no,,unknown,LUFFA256,proven,no,1,unknown,,,LUFFA256,
luffa384,LUFFA384,,,absent,,luffa384(pass),,,ok,,,no,,unknown,LUFFA384,proven,no,1,unknown,,,LUFFA384,
luffa512,LUFFA512,,,absent,,luffa512(pass),,,ok,,,no,,unknown,LUFFA512,proven,no,1,unknown,,,LUFFA512,
luks,LUKS,,,absent,,LUKS,,,needs-review,,,unknown,LUKS,claimed,,unknown,no,0,unknown,,,,
luks-v1-ripemd-160-aes,LUKS v1 RIPEMD-160 + AES,,,absent,,LUKS v1 RIPEMD-160 + AES,application,,ok,,29541,proven,,unknown,,unknown,no,1,unknown,,,,
luks-v1-ripemd-160-serpent,LUKS v1 RIPEMD-160 + Serpent,,,absent,,LUKS v1 RIPEMD-160 + Serpent,application,,ok,,29542,proven,,unknown,,unknown,no,1,unknown,,,,
luks-v1-ripemd-160-twofish,LUKS v1 RIPEMD-160 + Twofish,,,absent,,LUKS v1 RIPEMD-160 + Twofish,application,,needs-review,,29543,proven,,unknown,,unknown,no,1,unknown,,,,
luks-v1-sha-1-aes,LUKS v1 SHA-1 + AES,,,absent,,LUKS v1 SHA-1 + AES,application,,ok,,29511,proven,,unknown,,unknown,no,1,unknown,,,,
luks-v1-sha-1-serpent,LUKS v1 SHA-1 + Serpent,,,absent,,LUKS v1 SHA-1 + Serpent,application,,ok,,29512,proven,,unknown,,unknown,no,1,unknown,,,,
luks-v1-sha-1-twofish,LUKS v1 SHA-1 + Twofish,,,absent,,LUKS v1 SHA-1 + Twofish,application,,ok,,29513,proven,,unknown,,unknown,no,1,unknown,,,,
luks-v1-sha-256-aes,LUKS v1 SHA-256 + AES,,,absent,,LUKS v1 SHA-256 + AES,application,,ok,,29521,proven,,unknown,,unknown,no,1,unknown,,,,
luks-v1-sha-256-serpent,LUKS v1 SHA-256 + Serpent,,,absent,,LUKS v1 SHA-256 + Serpent,application,,ok,,29522,proven,,unknown,,unknown,no,1,unknown,,,,
luks-v1-sha-256-twofish,LUKS v1 SHA-256 + Twofish,,,absent,,LUKS v1 SHA-256 + Twofish,application,,ok,,29523,proven,,unknown,,unknown,no,1,unknown,,,,
luks-v1-sha-512-aes,LUKS v1 SHA-512 + AES,,,absent,,LUKS v1 SHA-512 + AES,application,,ok,,29531,proven,,unknown,,unknown,no,1,unknown,,,,
luks-v1-sha-512-serpent,LUKS v1 SHA-512 + Serpent,,,absent,,LUKS v1 SHA-512 + Serpent,application,,ok,,29532,proven,,unknown,,unknown,no,1,unknown,,,,
luks-v1-sha-512-twofish,LUKS v1 SHA-512 + Twofish,,,absent,,LUKS v1 SHA-512 + Twofish,application,,needs-review,,29533,proven,,unknown,,unknown,no,1,unknown,,,,
luks-v2-argon2-sha-256-aes,LUKS v2 argon2 + SHA-256 + AES,,,absent,,LUKS v2 argon2 + SHA-256 + AES,application,,ok,,34100,proven,,unknown,,unknown,no,1,unknown,,,,
mac-os-x-10-4-10-6,Mac OS X 10.4 - 10.6,,,absent,,Mac OS X 10.4 - 10.6,application,,ok,,122,proven,xsha,proven,,unknown,no,1,unknown,,,,
macos-v10-8-pbkdf2-sha512,macOS v10.8+ (PBKDF2-SHA512),,,absent,,macOS v10.8+ (PBKDF2-SHA512),application,,ok,,7100,proven,PBKDF2-HMAC-SHA512 PBKDF2-HMAC-SHA512-opencl,proven,,unknown,no,1,shared,,,,
macosx,MACOSX,,sha1(fromhex($s).$p),upstream,,,application,,needs-review,,122,proven,,unknown,MACOSX,proven,no,1,shared,,,,
macosx7,MACOSX7,,,absent,,"pbkdf2_sha512(pass, salt, N, 128)",application,,ok,,1722,proven,xsha512 XSHA512-opencl XSHA512-free-opencl,proven,MACOSX7,proven,no,1,shared,,,,
mangos,MANGOS,,"sha1(upper($s).$c1.upper($p)),c1=\x3a",upstream,,,,,ok,,,unknown,,unknown,MANGOS,proven,no,1,unknown,,,,
md2-johnmd2,MD2,,,absent,,MD2,,,ok,,,unknown,MD2,proven,,unknown,no,1,unknown,,,,
md2,MD2,,md2($p),vector,dynamic=md2($p),,primitive,,ok,,,no,dynamic_310,proven,MD2,proven,no,1,shared,,,MD2,
md2-x2,MD2 (2 iterations),,md2(md2($p)),vector,dynamic=md2(md2($p)),,iterated,,ok,,,unknown,dynamic_313,proven,MD2 -i2,proven,no,1,shared,,,,
md2-md5-plain,md2(md5($plain)),,md2(md5($p)),vector,dynamic=md2(md5($p)),,composite,,ok,,,no,,unknown,MD2MD5,proven,no,1,unknown,,,MD2MD5,
md2-md5-plain-plain,md2(md5($plain).$plain),,md2(md5($p).$p),vector,dynamic=md2(md5($p).$p),,composite,,ok,,,no,,unknown,MD2MD5PASS,proven,no,1,unknown,,,MD2(MD5(PLAIN)PLAIN),
md4,MD4,,md4($p),vector,dynamic=md4($p),,primitive,,ok,,900,proven,Raw-MD4 dynamic_30 raw-MD4-opencl,proven,MD4,proven,no,1,shared,,,MD4; MD4,
md4-descrypt-plain,md4(descrypt($plain)),,,absent,,md4(descrypt($plain)),,,ok,,,no,,unknown,MD4DESCRYPT,proven,no,1,unknown,,,MD4DESCRYPT,
md4-md5-plain,md4(md5($plain)),,md4(md5($p)),vector,dynamic=md4(md5($p)),,composite,,ok,,,no,,unknown,MD4MD5,proven,no,1,unknown,,,MD4MD5,
md4-md5-plain-plain,md4(md5($plain).$plain),,md4(md5($p).$p),vector,dynamic=md4(md5($p).$p),,composite,,ok,,,no,,unknown,MD4MD5PASS,proven,no,1,unknown,,,MD4(MD5(PLAIN)PLAIN),
md4-mysql3-plain,md4(mysql3($plain)),,,absent,,md4(mysql3($plain)),,,ok,,,no,,unknown,MD4SQL3,proven,no,1,unknown,,,MD4MYSQL3,
md4-sha1-md5-plain,md4(sha1(md5($plain))),,md4(sha1(md5($p))),vector,dynamic=md4(sha1(md5($p))),,composite,,ok,,,no,,unknown,MD4SHA1MD5,proven,no,1,unknown,,,MD4SHA1MD5,
md4-utf16-plain,md4(utf16($plain)),NTLM; ntlm($plain) / md4(utf16-le($plain)),md4(utf16($p)),vector,dynamic=md4(utf16($p)),,application,,ok,,1000,proven,NT NT-long dynamic_33 NT-long-opencl NT-opencl,proven,MD4UTF16 NTLM,proven,no,1,shared,,duplicate of ntlm-plain-md4-utf16-le-plain; same as md4-utf16-le-utf-8-plain (naming); same as ntlmh (naming),NTLM; NTLM,
md4-utf16-md5-plain,md4(utf16(md5($plain))),,md4(utf16(md5($p))),vector,dynamic=md4(utf16(md5($p))),,composite,,ok,,,unknown,,unknown,MD4UTF16MD5,proven,no,1,unknown,,,NTLMMD5,
md4-utf16-le-utf-8-plain,md4(utf16-le(utf-8($plain))),,md4(utf16($p)),vector,dynamic=md4(utf16($p)),,application,,ok,,1000,proven,NT NT-long dynamic_33 NT-long-opencl NT-opencl,proven,MD4UTF16 MD4UTF16UC NTLM NTLMH,proven,no,1,shared,,same as md4-utf16-plain (naming); same as ntlmh (naming),TROLLHUNTNTLM,
md4utf16-2xmd5,MD4UTF16-2xMD5,,md4(utf16(md5($p).md5($p))),vector,dynamic=md4(utf16(md5($p).md5($p))),,composite,,ok,,,unknown,,unknown,MD4UTF16-2xMD5,proven,no,1,unknown,,,,
md4utf16base64,MD4UTF16BASE64,,md4(utf16(base64($p))),upstream,,,composite,,needs-review,,,unknown,,unknown,MD4UTF16BASE64,proven,no,1,unknown,,,,
md4utf16base64sha256,MD4UTF16BASE64SHA256,,md4(utf16(base64(sha256($p)))),upstream,,,composite,,needs-review,,,unknown,,unknown,MD4UTF16BASE64SHA256,proven,no,1,unknown,,,,
md4utf16descrypt,MD4UTF16DESCRYPT,,,absent,,"descrypt(md4(utf16le(pass)), salt)",,,ok,,,unknown,,unknown,MD4UTF16DESCRYPT,proven,no,1,unknown,,,,
md4utf16md5md5,MD4UTF16MD5MD5,,md4(utf16(md5(md5($p)))),vector,dynamic=md4(utf16(md5(md5($p)))),,composite,,ok,,,unknown,,unknown,MD4UTF16MD5MD5,proven,no,1,unknown,,,,
md4utf16md5md5md5,MD4UTF16MD5MD5MD5,,md4(utf16(md5(md5(md5($p))))),vector,dynamic=md4(utf16(md5(md5(md5($p))))),,composite,,ok,,,unknown,,unknown,MD4UTF16MD5MD5MD5,proven,no,1,unknown,,,,
md4utf16md5md5md5md5,MD4UTF16MD5MD5MD5MD5,,md4(utf16(md5(md5(md5(md5($p)))))),vector,dynamic=md4(utf16(md5(md5(md5(md5($p)))))),,composite,,ok,,,unknown,,unknown,MD4UTF16MD5MD5MD5MD5,proven,no,1,unknown,,,,
md4utf16md5md5passmd5salt,MD4UTF16MD5MD5PASSMD5SALT,,,,,,,,ok,,,unknown,,unknown,MD4UTF16MD5MD5PASSMD5SALT,proven,no,1,unknown,,,,
md4utf16md5passmd5salt,MD4UTF16MD5PASSMD5SALT,,md4(utf16(md5($p).md5($s))),vector,dynamic=md4(utf16(md5($p).md5($s))),,composite,,ok,,,unknown,,unknown,MD4UTF16MD5PASSMD5SALT,proven,no,1,unknown,,,,
md4utf16md5passmd5sha1pass,MD4UTF16MD5PASSMD5SHA1PASS,,md4(utf16(md5($p).md5(sha1($p)))),vector,dynamic=md4(utf16(md5($p).md5(sha1($p)))),,composite,,ok,,,unknown,,unknown,MD4UTF16MD5PASSMD5SHA1PASS,proven,no,1,unknown,,,,
md4utf16md5passmd5sha1salt,MD4UTF16MD5PASSMD5SHA1SALT,,"md4(utf16(md5($p).md5(cut(sha1($s),0,32))))",upstream,,,composite,,needs-review,,,unknown,,unknown,MD4UTF16MD5PASSMD5SHA1SALT,proven,no,1,unknown,,,,
md4utf16md5sha1,MD4UTF16MD5SHA1,,md4(utf16(md5(sha1($p)))),vector,dynamic=md4(utf16(md5(sha1($p)))),,composite,,ok,,,unknown,,unknown,MD4UTF16MD5SHA1,proven,no,1,unknown,,,,
md4utf16md5uc,MD4UTF16MD5UC,,md4(utf16(upper(md5($p)))),vector,dynamic=md4(utf16(MD5($p))),,composite,,needs-review,,,unknown,,unknown,MD4UTF16MD5UC,proven,no,1,unknown,,,,
md4utf16md5x,MD4UTF16MD5x,,,absent,,md4(utf16le(md5^N(pass))),,,needs-review,,,unknown,,unknown,MD4UTF16MD5x,claimed,no,1,unknown,,,,
md4utf16revbase64x,MD4UTF16revBASE64x,,md4(utf16(rev(base64($p)))),upstream,,,composite,,needs-review,,,unknown,,unknown,MD4UTF16revBASE64x,proven,no,1,unknown,,,,
md4utf16sha1,MD4UTF16SHA1,,md4(utf16(sha1($p))),vector,dynamic=md4(utf16(sha1($p))),,composite,,ok,,,unknown,,unknown,MD4UTF16SHA1,proven,no,1,unknown,,,,
md4utf16sha1md5,MD4UTF16SHA1MD5,,md4(utf16(sha1(md5($p)))),vector,dynamic=md4(utf16(sha1(md5($p)))),,composite,,ok,,,unknown,,unknown,MD4UTF16SHA1MD5,proven,no,1,unknown,,,,
md4utf16sha1sha1,MD4UTF16SHA1SHA1,,md4(utf16(sha1(sha1($p)))),vector,dynamic=md4(utf16(sha1(sha1($p)))),,composite,,ok,,,unknown,,unknown,MD4UTF16SHA1SHA1,proven,no,1,unknown,,,,
md4utf16sha1uc,MD4UTF16SHA1UC,,md4(utf16(upper(sha1($p)))),vector,dynamic=md4(utf16(SHA1($p))),,composite,,needs-review,,,unknown,,unknown,MD4UTF16SHA1UC,proven,no,1,unknown,,,,
md4utf16sha1x,MD4UTF16SHA1x,,,absent,,md4(utf16le(sha1^N(pass))),,,needs-review,,,unknown,,unknown,MD4UTF16SHA1x,claimed,no,1,unknown,,,,
md4utf16sha256,MD4UTF16SHA256,,md4(utf16(sha256($p))),vector,dynamic=md4(utf16(sha256($p))),,composite,,ok,,,unknown,,unknown,MD4UTF16SHA256,proven,no,1,unknown,,,,
md4utf16sha256md5,MD4UTF16SHA256MD5,,md4(utf16(sha256(md5($p)))),vector,dynamic=md4(utf16(sha256(md5($p)))),,composite,,ok,,,unknown,,unknown,MD4UTF16SHA256MD5,proven,no,1,unknown,,,,
md4utf16sha256sha1,MD4UTF16SHA256SHA1,,md4(utf16(sha256(sha1($p)))),vector,dynamic=md4(utf16(sha256(sha1($p)))),,composite,,ok,,,unknown,,unknown,MD4UTF16SHA256SHA1,proven,no,1,unknown,,,,
md4utf16sha256sha256,MD4UTF16SHA256SHA256,,md4(utf16(sha256(sha256($p)))),vector,dynamic=md4(utf16(sha256(sha256($p)))),,composite,,ok,,,unknown,,unknown,MD4UTF16SHA256SHA256,proven,no,1,unknown,,,,
md4utf16sha256sha256sha256,MD4UTF16SHA256SHA256SHA256,,md4(utf16(sha256(sha256(sha256($p))))),vector,dynamic=md4(utf16(sha256(sha256(sha256($p))))),,composite,,ok,,,unknown,,unknown,MD4UTF16SHA256SHA256SHA256,proven,no,1,unknown,,,,
md4utf16sha256sha256sha256sha256,MD4UTF16SHA256SHA256SHA256SHA256,,md4(utf16(sha256(sha256(sha256(sha256($p)))))),vector,dynamic=md4(utf16(sha256(sha256(sha256(sha256($p)))))),,composite,,ok,,,unknown,,unknown,MD4UTF16SHA256SHA256SHA256SHA256,proven,no,1,unknown,,,,
md4utf16sha256sha256sha256sha256sha256,MD4UTF16SHA256SHA256SHA256SHA256SHA256,,md4(utf16(sha256(sha256(sha256(sha256(sha256($p))))))),vector,dynamic=md4(utf16(sha256(sha256(sha256(sha256(sha256($p))))))),,composite,,ok,,,unknown,,unknown,MD4UTF16SHA256SHA256SHA256SHA256SHA256,proven,no,1,unknown,,,,
md4utf16sha256uc,MD4UTF16SHA256UC,,md4(utf16(upper(sha256($p)))),vector,dynamic=md4(utf16(SHA256($p))),,composite,,needs-review,,,unknown,,unknown,MD4UTF16SHA256UC,proven,no,1,unknown,,,,
md4utf16sha256x,MD4UTF16SHA256x,,,absent,,md4(utf16le(sha256^N(pass))),,,needs-review,,,unknown,,unknown,MD4UTF16SHA256x,claimed,no,1,unknown,,,,
md4utf16sql3,MD4UTF16SQL3,,,absent,,md4(utf16le(mysql3(pass))),,,ok,,,unknown,,unknown,MD4UTF16SQL3,proven,no,1,unknown,,,,
md4utf16uc,MD4UTF16UC,,upper(md4(utf16($p))),vector,dynamic=MD4(utf16($p)),,application,,ok,,1000,proven,NT NT-long dynamic_33 NT-long-opencl NT-opencl,proven,MD4UTF16UC,proven,no,1,shared,,,,
md5,MD5,,md5($p),vector,dynamic=md5($p),,primitive,,ok,,0,proven,Raw-MD5 dynamic_0 raw-MD5-opencl,proven,MD5,proven,no,1,shared,,collides with md5cap (encoding); encoding of md5cdab-order-of-32bit-values (encoding); encoding of md5uc (encoding),MD5; MD5,
md5-md5-pass-pass-sha1-pass,md5( md5($pass) . $pass . sha1($pass) ),,md5(md5($p).$p.sha1($p)),vector,dynamic=md5(md5($p).$p.sha1($p)),,composite,,ok,,,no,,unknown,MD5MD5PASSSHA1,proven,no,1,unknown,,,MD5(MD5(PLAIN)PLAINSHA1(PLAIN)),
md5-mysql5-plain,"md5(""*"".mysql5($plain))",,"md5($c1.upper(sha1(sha1_raw($p)))),c1=*",vector,"dynamic=md5($c1.SHA1(sha1_raw($p))),c1=*",,,,ok,,,no,,unknown,MD5SQL5,proven,no,1,unknown,,,MD5MYSQL5TOT,
md5-mysql5-md5-plain,"md5(""*"".mysql5(md5($plain)))",,"md5($c1.upper(sha1(sha1_raw(md5($p))))),c1=*",vector,"dynamic=md5($c1.SHA1(sha1_raw(md5($p)))),c1=*",,,,ok,,,no,,unknown,MD5SQL5MD5,proven,no,1,unknown,,,MD5MYSQL5TOTMD5,
md5-substr-mysql5-plain-0-39,"md5(""*"".substr(mysql5($plain), 0, 39))",,"md5(cut($c1.upper(sha1(sha1_raw($p))),0,40)),c1=*",upstream,,,,,ok,,,no,,unknown,MD5SQL5-chop40,proven,no,1,unknown,,,MD5CUT0-40MYSQL5TOT,
md5-1-substr-mysql5-plain-0-30,"md5(""1*"".substr(mysql5($plain),0,30))","md5(""1*"".substr(strtolower(mysql5($plain)),0,30)); md5(""*"".substr(mysql5($plain), 0, 31)); md5(substr(mysql5($plain), 0, 31)); md5(""*"".substr(mysql5($plain), 0, 32)); md5(""*"".substr(strtolower(mysql5($plain)), 0, 31)); md5(substr(strtolower(mysql5($plain)), 0, 31)); md5(""*"".substr(strtolower(mysql5($plain)), 0, 32))",,absent,,"MD5SQL5-32 is MULTI-EMIT: it emits EIGHT digests per candidate and matches any of them. They are md5() of the MySQL5 digest written as upper-case hex and as lower-case hex, each taken four ways -- ""1*"" plus its first 30 characters, ""*"" plus 31, ""*"" plus 32, and the bare 32. This row name and its seven aliases are exactly those eight forms.",,,ok,,,no,,unknown,MD5SQL5-32,proven,no,8,unknown,,,MD5INS1CUT0-31MYSQL5TOT,
md5-pass-salt,md5($pass.$salt),,md5($p.$s),vector,dynamic=md5($p.$s),,composite,,ok,,10,proven,dynamic_1 dynamic_1014 dynamic_1016 dynamic_2001,proven,MD5PASSSALT,proven,no,2,shared,,same as ciscoasa (application); same as joomla (application),MD5(PLAINSALT); md5($pass.$salt),
md5-pass-md5-salt,md5($pass.md5($salt)),,md5($p.md5($s)),vector,dynamic=md5($p.md5($s)),,composite,,ok,,,no,dynamic_1011 dynamic_1012,proven,MD5-PASS-MD5SALT,proven,no,2,shared,,collides with md5-plain-md5-plain (salt-convention),MD5(PLAINMD5(SALT)); md5($pass.md5($salt)),"hashcat-legacy had mode 3720 for this; modern hashcat has no equivalent (source: the migrated sheet, unverified here - hashcat-legacy is EOL and not installed)"
md5-plain-md5-md5-md5-plain,md5($plain.$md5(md5(md5($plain)))),,md5($p.md5(md5(md5($p)))),vector,dynamic=md5($p.md5(md5(md5($p)))),,composite,,ok,,,no,,unknown,MD5PASSMD5MD5MD5,proven,no,1,unknown,,,,
md5-plain-md5-plain,md5($plain.md5($plain)),"md5($plain."":"".md5($plain))",,absent,,md5(pass . md5(pass)),,,ok,,,no,,unknown,MD5PASSMD5,proven,no,2,unknown,,collides with md5-pass-md5-salt (salt-convention),MD5(PLAINMD5(PLAIN)),
md5-plain-md5-md5-plain,md5($plain.md5(md5($plain))),,md5($p.md5(md5($p).$p)),vector,dynamic=md5($p.md5(md5($p).$p)),,composite,,ok,,,no,,unknown,MD5PASSMD5MD5PASS,proven,no,1,unknown,,,,
md5-plain-sha1-md5-plain,md5($plain.sha1(md5($plain)))),,md5($p.sha1(md5($p))),vector,dynamic=md5($p.sha1(md5($p))),,composite,,ok,,,no,,unknown,MD5PASSSHA1MD5,proven,no,1,unknown,,,,
md5-salt-pass,md5($salt.$pass),,md5($s.$p),vector,dynamic=md5($s.$p),,composite,,ok,,20,proven,dynamic_1009 dynamic_1017 dynamic_2004 dynamic_4,proven,MD5SALTPASS,proven,no,2,shared,,same as oscommerce-xt-commerce (application); same as solarwinds-serv-u (application),MD5(SALTPLAIN); md5($salt.$pass),
md5-salt-pass-salt,md5($salt.$pass.$salt),,md5($s.$p.$s),vector,dynamic=md5($s.$p.$s),,composite,,ok,,3800,proven,dynamic_2005 dynamic_5,proven,MD5SALTPASSSALT,proven,no,2,shared,,,MD5(SALTPLAINSALT); md5($salt.$pass.$salt),
md5-salt-salt-strtoupper-md5-plain,md5($salt.$salt.strtoupper(md5($plain))),md5($salt.strtoupper(md5($plain))); md5($salt.strtoupper(md5($plain)).$salt); md5(strtoupper(md5($plain)).$salt); md5(strtoupper(md5($plain)).$salt.$salt),,absent,,md5($salt.$salt.strtoupper(md5($plain))),,,ok,,,no,,unknown,MD51SALTMD5UC,proven,no,5,unknown,,,MD5(SALTSALTUCMD5(PLAIN)),
md5-salt-md5-pass,md5($salt.md5($pass)),,md5($s.md5($p)),vector,dynamic=md5($s.md5($p)),,composite,,ok,,3710,proven,dynamic_2009 dynamic_9,proven,MD5SALTMD5PASS,proven,no,2,shared,,same as md5-userid-md5-plain (salt-convention),MD5(SALTMD5(PLAIN)); md5($salt.md5($pass)),
md5-salt-md5-pass-salt,md5($salt.md5($pass.$salt)),,md5($s.md5($p.$s)),vector,dynamic=md5($s.md5($p.$s)),,composite,,ok,,4110,proven,dynamic_11 dynamic_2011,proven,MD5-SALTMD5PASSSALT,proven,unknown,2,shared,,same as md5-saltmd5passsalt (naming),MD5(SALTMD5(PLAINSALT)); md5($salt.md5($pass.$salt)),
md5-salt-md5-salt-pass,md5($salt.md5($salt.$pass)),,md5($s.md5($s.$p)),vector,dynamic=md5($s.md5($s.$p)),,composite,,ok,,4010,proven,dynamic_10 dynamic_2010,proven,MD5-SALTMD5SALTPASS,proven,no,2,shared,,,MD5(SALTMD5(SALTPLAIN)); md5($salt.md5($salt.$pass)),
md5-salt-md5-md5-salt-plain-salt-salt,md5($salt.md5(md5($salt.$plain).$salt).$salt),,md5($s.md5(md5($s.$p).$s).$s),vector,dynamic=md5($s.md5(md5($s.$p).$s).$s),,composite,,ok,,,no,,unknown,MD5-MULTISALT,proven,no,2,unknown,,,MD5(SALTMD5(MD5(SALTPLAIN)SALT)SALT),
md5-salt-sha1-salt-plain,md5($salt.sha1($salt.$plain)),,md5($s.sha1($s.$p)),vector,dynamic=md5($s.sha1($s.$p)),,composite,,ok,,21300,proven,,unknown,MD5-SALTSHA1SALTPASS,proven,no,2,shared,,,,
md5-user-0-plain,"md5($user.""\0"".$plain)",,"md5($s.$c1.$p),c1=\x00",vector,"dynamic=md5($s.$c1.$p),c1=\x00",,,,ok,,,no,,unknown,MD5USERnulPASS,proven,no,1,unknown,,,MD5(SALTNULLPLAIN),
md5-userid-md5-plain,md5($userid.md5($plain)),,md5($s.md5($p)),vector,dynamic=md5($s.md5($p)),,composite,,ok,,3710,proven,dynamic_2009 dynamic_9,proven,MD5USERIDMD5,proven,no,2,shared,,same as md5-salt-md5-pass (salt-convention),MD5(SALTMD5(PLAIN)),
md5-userid-md5-md5-plain,md5($userid.md5(md5($plain))),,md5($s.md5(md5($p))),vector,dynamic=md5($s.md5(md5($p))),,composite,,ok,,,no,,unknown,MD5USERIDMD5MD5,proven,no,1,unknown,,,MD5(SALTMD5X2(PLAIN)),
md5-base64-raw-sha256,md5(base64(raw_sha256)) ?,,md5(base64(sha256_raw($p))),upstream,,,composite,,needs-review,,,no,,unknown,MD5BASE64SHA256RAW,proven,no,1,unknown,,,MD5BASE64RAWSHA256,
md5-base64-decode-plain,md5(base64_decode($plain)),,md5(frombase64($p)),upstream,,,composite,,needs-review,,,unknown,,unknown,MD5DECBASE64,proven,no,1,unknown,,,,
md5-base64-encode-plain,md5(base64_encode($plain)),,md5(base64($p)),upstream,,,composite,,needs-review,,,no,,unknown,MD5BASE64,proven,no,1,unknown,,,MD5BASE64,
md5-base64-encode-md5-plain,md5(base64_encode(md5($plain))),,md5(base64(md5($p))),upstream,,,composite,,needs-review,,,no,,unknown,MD5BASE64MD5,proven,no,1,unknown,,,MD5BASE64MD5,
md5-base64-encode-md5-plain-true,"md5(base64_encode(md5($plain, true)))","md5(substr(base64_encode(md5($plain, true)), 0, -2))",,absent,,"md5(base64_encode(md5($plain, true)))",,,ok,,,no,,unknown,MD5BASE64MD5RAW,proven,no,2,unknown,,,MD5BASE64RAWMD5,
md5-base64-encode-md5-md5-plain,md5(base64_encode(md5(md5($plain)))),,md5(base64(md5(md5($p)))),upstream,,,composite,,needs-review,,,no,,unknown,MD5BASE64MD5MD5,proven,no,1,unknown,,,MD5BASE64MD5X2,
md5-base64-encode-md5-md5-plain-true,"md5(base64_encode(md5(md5($plain), true)))","md5(substr(base64_encode(md5(md5($plain), true)), 0, -2))",,absent,,"MD5BASE64MD5RAWMD5 is MULTI-EMIT: it matches either md5(base64(md5_raw(md5($p)))) or md5(cut(base64(md5_raw(md5($p))),0,22)), which is the same base64 with its ""=="" padding removed",composite,,needs-review,,,no,,unknown,MD5BASE64MD5RAWMD5,proven,no,2,unknown,,,MD5BASE64RAWMD5X2,
md5-base64-encode-md5-md5-md5-plain-true,"md5(base64_encode(md5(md5(md5($plain), true))))","md5(substr(base64_encode(md5(md5(md5($plain)), true)), 0, -2))",,absent,,"MD5BASE64MD5RAWMD5MD5 is MULTI-EMIT: it matches either md5(base64(md5_raw(md5(md5($p))))) or md5(cut(base64(md5_raw(md5(md5($p)))),0,22)), which is the same base64 with its ""=="" padding removed",composite,,needs-review,,,no,,unknown,MD5BASE64MD5RAWMD5MD5,proven,no,2,unknown,,,MD5BASE64RAWMD5X3,
md5-base64-encode-md5-sha1-plain-true,"md5(base64_encode(md5(sha1($plain), true)))","md5(substr(base64_encode(md5(sha1($plain), true)), 0, -2))",,absent,,"MD5BASE64MD5RAWSHA1 is MULTI-EMIT: it matches either md5(base64(md5_raw(sha1($p)))) or md5(cut(base64(md5_raw(sha1($p))),0,22)), which is the same base64 with its ""=="" padding removed",composite,,needs-review,,,no,,unknown,MD5BASE64MD5RAWSHA1,proven,no,2,unknown,,,MD5BASE64RAWMD5SHA1,
md5-base64-encode-sha1-plain-true,"md5(base64_encode(sha1($plain, true)))",,,absent,,"md5(base64_encode(sha1($plain, true)))",,,ok,,,no,,unknown,MD5BASE64SHA1RAW,proven,no,1,unknown,,,MD5BASE64RAWSHA1,
md5-base64-encode-sha1-base64-encode-sha1-plain-true-true,"md5(base64_encode(sha1(base64_encode(sha1($plain, true)), true)))",,md5(base64(sha1_raw(base64(sha1_raw($p))))),upstream,,,composite,,needs-review,,,no,,unknown,MD5BASE64SHA1RAWBASE64SHA1RAW,proven,no,1,unknown,,,MD5BASE64RAWSHA1BASE64RAWSHA1,
md5-base64-encode-sha1-md5-plain-true,"md5(base64_encode(sha1(md5($plain), true)))",,md5(base64(sha1_raw(md5($p)))),upstream,,,composite,,needs-review,,,no,,unknown,MD5BASE64SHA1RAWMD5,proven,no,1,unknown,,,MD5BASE64RAWSHA1MD5,
md5-base64-encode-str-rot13-plain,md5(base64_encode(str_rot13($plain))),,,absent,,md5(base64_encode(str_rot13($plain))),,,ok,,,no,,unknown,MD5BASE64ROT13,proven,no,1,unknown,,,MD5BASE64RO13,
md5-base64-encode-strrev-md5-plain,md5(base64_encode(strrev(md5($plain)))),,md5(base64(rev(md5($p)))),upstream,,,composite,,needs-review,,,no,,unknown,MD5BASE64revMD5,proven,no,1,unknown,,,MD5BASE64REVMD5,
md5-capitalise-md5-plain-username,"md5(cap(md5($plain))."":"".$username)",,,absent,,"MD5CAPMD5USER is MULTI-EMIT: it matches either md5(cap(md5($p)).$u) or md5(cap(md5($p))."":"".$u)",,,ok,,,no,,no,MD5CAPMD5USER,proven,no,2,unknown,,collides with md5-md5-plain-salt-3 (encoding),MD5(CAPMD5(PLAIN)SALT),"This row is mdxfind type MD5CAPMD5USER. CORRECTED TWICE on 2026-08-31, and the second correction matters more than the first. Waffle named the unknown vector d4f7dec5...:abc123 as the colon form, confirmed here by independent Digest::MD5 and by local mdxfind pinned to ^MD5CAPMD5USER$ with -F. But the hx specification (rev 1.15) Appendix A Note [24] then showed the stronger fact: MD5CAPMD5USER is a MULTI-EMIT type. It emits BOTH md5(cap(md5($p)).$u) and md5(cap(md5($p))."":"".$u) and matches if either reproduces the stored digest. So this row is not one computation, and neither of its two vectors is anomalous -- 05b56c69... is the colonless emit and d4f7dec5... is the colon emit. The first correction here wrongly called the colonless vector foreign and removed it; it is restored. A copy also sits on md5-md5-pass-salt, which is the row for the colonless construction in its own right. john has no format for either emit: discover-john.pl ran all 957 formats against the colon vector with zero matches, and the dynamic language has no literal-string token. The 198,534-construction sweep that failed to identify this missed it because it enumerated terms and never a literal separator."
md5-cut8-16-md5-plain,md5(cut8-16(md5($plain))),,"md5(cut(md5($p),8,16))",upstream,,,composite,,needs-review,,,no,,unknown,MD5sub8-24MD5,proven,no,1,unknown,,,MD5CUT8-16MD5,
md5-descrypt-plain,md5(descrypt($plain)),,,absent,,md5(descrypt($plain)),,,ok,,,no,,unknown,MD5DESCRYPT,proven,no,1,unknown,,,MD5DESCRYPT,
md5-gost-plain,md5(gost($plain)),,md5(gost($p)),vector,dynamic=md5(gost($p)),,composite,,ok,,,no,,unknown,MD5GOST,proven,no,1,unknown,,,MD5GOST,
md5-gost-md5-plain,md5(gost(md5($plain))),,md5(gost(md5($p))),vector,dynamic=md5(gost(md5($p))),,composite,,ok,,,no,,unknown,MD5GOSTMD5,proven,no,1,unknown,,,MD5GOSTMD5,
md5-haval160-3-plain,md5(haval160_3($plain)),,md5(haval160_3($p)),vector,dynamic=md5(haval160_3($p)),,composite,,ok,,,no,,unknown,MD5HAV160-3,proven,no,1,unknown,,,MD5HAVAL160-3,
md5-hesk-plain,md5(hesk($plain)) ?,,,absent,,"h=""""; for i=0 to length(pass)-1 { h=h.md5(cut(pass,i,1)) }; md5(h)",,,ok,,,no,,unknown,MD5HESK,proven,no,1,unknown,,,HESK-MD5,
md5-lm-plain,md5(lm($plain)),,,absent,,md5(lm($plain)),,,ok,,,no,,unknown,MD5LM,proven,no,1,unknown,,,MD5LM,
md5-lm-plain-ntlm-plain,md5(lm($plain).ntlm($plain)),,,absent,,md5(lm($plain).ntlm($plain)),,,ok,,,no,,unknown,MD5-LMNTLM,proven,no,1,unknown,,,MD5(LM(PLAIN)NTLM(PLAIN)),
md5-md2-plain,md5(md2($plain)),,md5(md2($p)),vector,dynamic=md5(md2($p)),,composite,,ok,,,no,,unknown,MD5MD2,proven,no,1,unknown,,,MD5MD2,
md5-md4-plain,md5(md4($plain)),,md5(md4($p)),vector,dynamic=md5(md4($p)),,composite,,ok,,,no,dynamic_34,proven,MD5MD4,proven,no,1,shared,,,MD5MD4,
md5-md5-pass,md5(md5($pass)),MD5 (2 iterations),md5(md5($p)),vector,dynamic=md5(md5($p)),,iterated,,ok,,2600,proven,dynamic_2,proven,MD5 -i2,proven,no,1,shared,,,MD5X2; md5(md5($pass)),
md5-md5-pass-salt,md5(md5($pass).$salt),,md5(md5($p).$s),vector,dynamic=md5(md5($p).$s),,composite,,needs-review,,2611 2711,claimed,dynamic_1007 dynamic_2006 dynamic_6,proven,MD5-MD5PASS-SALT,proven,no,4,shared,,same as vbulletin-v3-8-5 (application),VBULLETIN; md5(md5($pass).$salt),
md5-md5-pass-md5-salt,md5(md5($pass).md5($salt)),,md5(md5($p).md5($s)),vector,dynamic=md5(md5($p).md5($s)),,composite,,ok,,3910,proven,dynamic_13,proven,MD5-MD5PASSMD5SALT,proven,no,2,shared,,,MD5(MD5(PLAIN)MD5(SALT)); md5(md5($pass).md5($salt)),
md5-md5-pass-salt-hc2630,md5(md5($pass.$salt)),,md5(md5($p.$s)),vector,dynamic=md5(md5($p.$s)),,composite,,ok,,2630,proven,,unknown,,unknown,no,1,unknown,,,,
md5-md5-plain-salt-3,"md5(md5($plain)."":"".$username)",,,absent,,"MD5MD5USER is MULTI-EMIT: it matches either md5(md5($p).$u) or md5(md5($p)."":"".$u)",,,ok,,,no,,no,MD5MD5USER,proven,no,2,unknown,,collides with md5-capitalise-md5-plain-username (encoding),MD5(MD5(PLAIN)SALT),"This row is mdxfind type MD5MD5USER. CORRECTED TWICE on 2026-08-31, and the second correction matters more than the first. Waffle named the unknown vector d4f7dec5...:abc123 as the colon form, confirmed here by independent Digest::MD5 and by local mdxfind pinned to ^MD5MD5USER$ with -F. But the hx specification (rev 1.15) Appendix A Note [24] then showed the stronger fact: MD5MD5USER is a MULTI-EMIT type. It emits BOTH md5(md5($p).$u) and md5(md5($p)."":"".$u) and matches if either reproduces the stored digest. So this row is not one computation, and neither of its two vectors is anomalous -- 05b56c69... is the colonless emit and d4f7dec5... is the colon emit. The first correction here wrongly called the colonless vector foreign and removed it; it is restored. A copy also sits on md5-md5-pass-salt, which is the row for the colonless construction in its own right. john has no format for either emit: discover-john.pl ran all 957 formats against the colon vector with zero matches, and the dynamic language has no literal-string token. The 198,534-construction sweep that failed to identify this missed it because it enumerated terms and never a literal separator."
md5-md5-plain-plain,md5(md5($plain).$plain),"md5(md5($plain)."":"".$plain)",,absent,,md5(md5(pass).pass),,,ok,,,no,,unknown,MD5MD5PASS,proven,no,2,unknown,,,MD5(MD5(PLAIN)PLAIN),
md5-md5-plain-plain-md5-plain,md5(md5($plain).$plain.md5($plain)),,md5(md5($p).$p.md5($p)),vector,dynamic=md5(md5($p).$p.md5($p)),,composite,,ok,,,no,,unknown,MD5-MD5PASSMD5,proven,no,1,unknown,,,,
md5-md5-plain-salt-2,md5(md5($plain).$salt),"md5($salt.md5($plain)); md5(substr($salt,0,1).md5($plain).substr($salt,1,1))",,absent,,md5(salt . salt . md5(pass)),,,ok,,,no,,unknown,MD52SALTMD5,proven,no,3,unknown,,,MD5(MD5(PLAIN)SALT),
md5-md5-plain-salt,md5(md5($plain).$salt),md5(md5($plain).$salt.$salt); md5($salt.md5($plain)); md5($salt.md5($plain).$salt); md5($salt.$salt.md5($plain)),,absent,,md5(md5($plain).$salt),,,ok,,,no,,unknown,MD51SALTMD5,proven,no,5,unknown,,,MD5(MD5(PLAIN)SALT),
md5-md5-plain-md5-plain,md5(md5($plain).md5($plain)),,md5(md5($p).md5($p)),vector,dynamic=md5(md5($p).md5($p)),,composite,,ok,,,no,dynamic_1003,proven,MD5-2xMD5,proven,no,1,shared,,,MD5(MD5(PLAIN)MD5(PLAIN)),
md5-md5-plain-md5-plain-md5-plain,md5(md5($plain).md5($plain).md5($plain)),,md5(md5($p).md5($p).md5($p)),vector,dynamic=md5(md5($p).md5($p).md5($p)),,composite,,ok,,,no,,unknown,MD5-3xMD5,proven,no,1,unknown,,,MD5(MD5(PLAIN)MD5(PLAIN)MD5(PLAIN)),
md5-md5-plain-md5-md5-plain,md5(md5($plain).md5(md5($plain))),"md5(md5($plain)."":"".md5(md5($plain)))",,absent,,"h=md5(pass); emit(md5(h.md5(h))); emit(md5(h."":"".md5(h)))",,,ok,,,no,,unknown,MD5-DBL-PASS,proven,no,2,unknown,,,MD5(MD5(PLAIN)MD5X2(PLAIN)),
md5-md5-plain-sha1-plain,md5(md5($plain).sha1($plain)),,md5(md5($p).sha1($p)),vector,dynamic=md5(md5($p).sha1($p)),,composite,,ok,,,no,,unknown,MD5-1xMD5SHA1,proven,no,1,unknown,,,MD5(MD5(PLAIN)SHA1(PLAIN)),
md5-md5-plain-true,"md5(md5($plain, true))",,md5(md5_raw($p)),vector,dynamic=md5(md5_raw($p)),,iterated,,ok,,,no,dynamic_1300,proven,MD5RAW -i2,proven,no,1,shared,,,MD5RAWMD5,
md5-md5-salt-pass,md5(md5($salt).$pass),,md5(md5($s).$p),vector,dynamic=md5(md5($s).$p),,composite,,ok,,,no,dynamic_2008 dynamic_8,proven,MD5-MD5SALT-PASS,proven,no,2,shared,,,MD5(MD5(SALT)PLAIN); md5(md5($salt).$pass),
md5-md5-salt-plain-salt,"md5(md5($salt.$plain)."":"".$salt)","md5(md5($salt.$plain).$salt); md5(md5($salt.$plain)."":"".$salt."":"")",md5(md5($s.$p):$s),upstream,dynamic=md5(md5($s.$p):$s),,composite,,needs-review,,,no,dynamic_1350,proven,MD5HEXSALT,proven,no,3,shared,,,MD5(MD5(SALTPLAIN)INSDPSALT),
md5-md5-md5-pass,md5(md5(md5($pass))),MD5 (3 iterations),md5(md5(md5($p))),vector,dynamic=md5(md5(md5($p))),,iterated,,ok,,3500,proven,dynamic_3,proven,MD5 -i3,proven,no,1,shared,,,MD5X3; md5(md5(md5($pass))),"renamed 2026-08-29 - the sheet named this md5(md5($salt).$pass), but the vector is md5^3(""rosetta"") and hashcat 3500, mdxfind MD5 -i 3, john dynamic_3 and both legacy columns all agree"
md5-md5-md5-plain-salt-2,md5(md5(md5($plain)).$salt),,md5(md5(md5($p)).$s),vector,dynamic=md5(md5(md5($p)).$s),,composite,,ok,,3610,proven,,unknown,MD5MD5SALT,proven,no,2,shared,,,MD5(MD5(MD5(PLAIN))SALT),
md5-md5-md5-plain-salt-3,md5(md5(md5($plain)).$salt),"md5($salt.md5(md5($plain))); md5(substr($salt,0,1).md5(md5($plain)).substr($salt,1,1))",,,,,composite,,ok,,3610,proven,,unknown,MD52SALTMD5MD5,proven,no,3,shared,,,MD5(MD5X2(PLAIN)SALT),
md5-md5-md5-plain-salt,md5(md5(md5($plain)).$salt),md5(md5(md5($plain)).$salt.$salt); md5($salt.md5(md5($plain))); md5($salt.md5(md5($plain)).$salt); md5($salt.$salt.md5(md5($plain))),,absent,,md5(md5(md5($plain)).$salt),composite,,ok,,3610,proven,,unknown,MD51SALTMD5MD5,proven,no,5,shared,,,MD5(MD5(MD5(PLAIN))SALT),
md5-md5-md5-plain-md5-md5-plain,md5(md5(md5($plain)).md5(md5($plain))),,md5(md5(md5($p)).md5(md5($p))),vector,dynamic=md5(md5(md5($p)).md5(md5($p))),,composite,,ok,,,no,,unknown,MD5-2xMD5-MD5,proven,no,1,unknown,,,MD5(MD5X2(PLAIN)MD5X2(PLAIN)),
md5-md5-md5-plain-md5-md5-plain-md5-md5-plain,md5(md5(md5($plain)).md5(md5($plain)).md5(md5($plain))),,md5(md5(md5($p)).md5(md5($p)).md5(md5($p))),vector,dynamic=md5(md5(md5($p)).md5(md5($p)).md5(md5($p))),,composite,,ok,,,no,,unknown,MD5-3xMD5-MD5,proven,no,1,unknown,,,MD5(MD5X2(PLAIN)MD5X2(PLAIN)MD5X2(PLAIN)),
md5-md5-md5-plain-sha1-md5-plain,md5(md5(md5($plain)).sha1(md5($plain))),,md5(md5(md5($p)).sha1(md5($p))),vector,dynamic=md5(md5(md5($p)).sha1(md5($p))),,composite,,ok,,,no,,unknown,MD5-1xMD5SHA1-MD5,proven,no,1,unknown,,,MD5(MD5X2(PLAIN)SHA1(MD5(PLAIN))),
md5-md5-md5-plain-salt1-salt2,md5(md5(md5($plain).$salt1).$salt2),,,,,,composite,,ok,,31700,proven,,unknown,,unknown,no,1,unknown,,,not supported,
md5-md5-md5-md5-pass,md5(md5(md5(md5($pass)))),,md5(md5(md5(md5($p)))),vector,dynamic=md5(md5(md5(md5($p)))),,iterated,,ok,,,no,dynamic_1001,proven,MD5 -i4,proven,no,1,shared,,,MD5X4; md5(md5(md5(md5($pass)))),
md5-md5-md5-md5-plain-salt-2,md5(md5(md5(md5($plain))).$salt),"md5($salt.md5(md5(md5($plain)))); md5(substr($salt,0,1).md5(md5(md5($plain))).substr($salt,1,1))",,,,,,,ok,,,no,,unknown,MD52SALTMD5MD5MD5,proven,no,3,unknown,,,MD5(MD5X3(PLAIN)SALT),
md5-md5-md5-md5-plain-salt,md5(md5(md5(md5($plain))).$salt),md5(md5(md5(md5($plain))).$salt.$salt); md5($salt.md5(md5(md5($plain)))); md5($salt.md5(md5(md5($plain))).$salt); md5($salt.$salt.md5(md5(md5($plain)))),,absent,,md5(md5(md5(md5($plain))).$salt),,,ok,,,no,,unknown,MD51SALTMD5MD5MD5,proven,no,5,unknown,,,MD5(MD5X3(PLAIN)SALT),
md5-md5-md5-md5-plain-md5-md5-md5-plain,md5(md5(md5(md5($plain))).md5(md5(md5($plain)))),,md5(md5(md5(md5($p))).md5(md5(md5($p)))),vector,dynamic=md5(md5(md5(md5($p))).md5(md5(md5($p)))),,composite,,ok,,,no,,unknown,MD5-2xMD5-MD5MD5,proven,no,1,unknown,,,MD5(MD5X3(PLAIN)MD5X3(PLAIN)),
md5-md5-md5-md5-plain-md5-md5-md5-plain-md5-md5-md5-plain,md5(md5(md5(md5($plain))).md5(md5(md5($plain))).md5(md5(md5($plain)))),,md5(md5(md5(md5($p))).md5(md5(md5($p))).md5(md5(md5($p)))),vector,dynamic=md5(md5(md5(md5($p))).md5(md5(md5($p))).md5(md5(md5($p)))),,composite,,ok,,,no,,unknown,MD5-3xMD5-MD5MD5,proven,no,1,unknown,,,MD5(MD5X3(PLAIN)MD5X3(PLAIN)MD5X3(PLAIN)),
md5-md5-md5-md5-plain-sha1-md5-md5-plain,md5(md5(md5(md5($plain))).sha1(md5(md5($plain)))),,md5(md5(md5(md5($p))).sha1(md5(md5($p)))),vector,dynamic=md5(md5(md5(md5($p))).sha1(md5(md5($p)))),,composite,,ok,,,no,,unknown,MD5-1xMD5SHA1-MD5MD5,proven,no,1,unknown,,,MD5(MD5X3(PLAIN)SHA1(MD5X2(PLAIN))),
md5-md5-md5-md5-md5-pass,md5(md5(md5(md5(md5($pass))))),,md5(md5(md5(md5(md5($p))))),vector,dynamic=md5(md5(md5(md5(md5($p))))),,iterated,,ok,,,no,dynamic_1002,proven,MD5 -i5,proven,no,1,shared,,,MD5X5; md5(md5(md5(md5(md5($pass))))),
md5-md5-md5-md5-md5-plain-salt,md5(md5(md5(md5(md5($plain)))).$salt),md5(md5(md5(md5(md5($plain)))).$salt.$salt); md5($salt.md5(md5(md5(md5($plain))))); md5($salt.md5(md5(md5(md5($plain)))).$salt); md5($salt.$salt.md5(md5(md5(md5($plain))))),,absent,,md5(md5(md5(md5(md5($plain)))).$salt),,,ok,,,no,,unknown,MD51SALTMD5MD5MD5MD5,proven,no,5,unknown,,,MD5(MD5X4(PLAIN)SALT),
md5-md5-md5-md5-md5-plain-md5-md5-md5-md5-plain,md5(md5(md5(md5(md5($plain)))).md5(md5(md5(md5($plain))))),,md5(md5(md5(md5(md5($p)))).md5(md5(md5(md5($p))))),vector,dynamic=md5(md5(md5(md5(md5($p)))).md5(md5(md5(md5($p))))),,composite,,ok,,,no,,unknown,MD5-2xMD5-MD5MD5MD5,proven,no,1,unknown,,,MD5(MD5X4(PLAIN)MD5X4(PLAIN)),
md5-md5-md5-md5-md5-plain-md5-md5-md5-md5-plain-md5-md5-md5-md5-plain,md5(md5(md5(md5(md5($plain)))).md5(md5(md5(md5($plain)))).md5(md5(md5(md5($plain))))),,md5(md5(md5(md5(md5($p)))).md5(md5(md5(md5($p)))).md5(md5(md5(md5($p))))),vector,dynamic=md5(md5(md5(md5(md5($p)))).md5(md5(md5(md5($p)))).md5(md5(md5(md5($p))))),,composite,,ok,,,no,,unknown,MD5-3xMD5-MD5MD5MD5,proven,no,1,unknown,,,MD5(MD5X4(PLAIN)MD5X4(PLAIN)MD5X4(PLAIN)),
md5-md5-md5-md5-md5-md5-plain-salt,md5(md5(md5(md5(md5(md5($plain))))).$salt),md5(md5(md5(md5(md5(md5($plain))))).$salt.$salt); md5($salt.md5(md5(md5(md5(md5($plain)))))); md5($salt.md5(md5(md5(md5(md5($plain))))).$salt); md5($salt.$salt.md5(md5(md5(md5(md5($plain)))))),,absent,,md5(md5(md5(md5(md5(md5($plain))))).$salt),,,ok,,,no,,unknown,MD51SALTMD5MD5MD5MD5MD5,proven,no,5,unknown,,,MD5(MD5X5(PLAIN)SALT),
md5-md5-sha1-plain-md5-sha1-plain,md5(md5(sha1($plain)).md5(sha1($plain))),,md5(md5(sha1($p)).md5(sha1($p))),vector,dynamic=md5(md5(sha1($p)).md5(sha1($p))),,composite,,ok,,,no,,unknown,MD5-2xMD5-SHA1,proven,no,1,unknown,,,MD5(MD5(SHA1(PLAIN))MD5(SHA1(PLAIN))),
md5-md5-sha1-plain-md5-sha1-plain-md5-sha1-plain,md5(md5(sha1($plain)).md5(sha1($plain)).md5(sha1($plain))),,md5(md5(sha1($p)).md5(sha1($p)).md5(sha1($p))),vector,dynamic=md5(md5(sha1($p)).md5(sha1($p)).md5(sha1($p))),,composite,,ok,,,no,,unknown,MD5-3xMD5-SHA1,proven,no,1,unknown,,,MD5(MD5(SHA1(PLAIN))MD5(SHA1(PLAIN))MD5(SHA1(PLAIN))),
md5-md5-raw-md5-raw-plain,md5(md5_raw(md5_raw($plain))),,md5(md5_raw(md5_raw($p))),vector,dynamic=md5(md5_raw(md5_raw($p))),,iterated,,ok,,,no,,unknown,MD5RAWMD5RAW -i2,proven,no,1,unknown,,,,
md5-mysql3-plain,md5(mysql3($plain)),,,absent,,md5(mysql3($plain)),,,ok,,,no,,unknown,MD5SQL3,proven,no,1,unknown,,,MD5MYSQL3,
md5-ntlm-plain,md5(ntlm($plain)),,md5(md4(utf16($p))),vector,dynamic=md5(md4(utf16($p))),,composite,,ok,,,no,,unknown,MD5NTLM,proven,no,1,unknown,,,MD5NTLM,
md5-palshop,MD5(Palshop),,,absent,,MD5(Palshop),,,ok,,,unknown,Palshop,proven,,unknown,no,1,unknown,,,,
md5-radmin2-plain,md5(radmin2($plain)),,"md5(md5(pad($p,100)))",vector,dynamic=md5(md5(pad100($p))),,composite,,needs-review,,,no,,unknown,MD5RADMIN2,proven,no,1,unknown,,,MD5RADMIN2,
md5-radmin2-md5-plain,md5(radmin2(md5($plain))),,"md5(md5(pad(md5($p),100)))",upstream,,,composite,,needs-review,,,no,,unknown,MD5RADMIN2MD5,proven,no,1,unknown,,,MD5RADMIN2MD5,
md5-radmin2-sha1-plain,md5(radmin2(sha1($plain))),,"md5(md5(pad(sha1($p),100)))",upstream,,,composite,,needs-review,,,no,,unknown,MD5RADMIN2SHA1,proven,no,1,unknown,,,MD5RADMIN2SHA1,
md5-raw-md2-plain,md5(raw_md2($plain)),,md5(md2_raw($p)),vector,dynamic=md5(md2_raw($p)),,composite,,ok,,,no,,unknown,MD5MD2RAW,proven,no,1,unknown,,,MD5RAWMD2,
md5-reverse-plain,md5(reverse($plain)),,md5(rev($p)),upstream,,,composite,,needs-review,,,no,,unknown,MD5revp,proven,no,1,unknown,,,not supported (just reverse first),
md5-reverse-md5-sha1-plain,md5(reverse(md5(sha1($plain)))),,md5(rev(md5(sha1($p)))),upstream,,,composite,,needs-review,,,no,,unknown,MD5revMD5SHA1,proven,no,1,unknown,,,MD5REVMD5SHA1,
md5-reverse-md5-sha1-sha1-plain,md5(reverse(md5(sha1(sha1($plain))))),,md5(rev(md5(sha1(sha1($p))))),upstream,,,composite,,needs-review,,,no,,unknown,MD5revMD5SHA1SHA1,proven,no,1,unknown,,,MD5REVMD5SHA1SHA1,
md5-ripemd160-plain,md5(ripemd160($plain)),,md5(ripemd160($p)),vector,dynamic=md5(ripemd160($p)),,composite,,ok,,,no,,unknown,MD5RMD160,proven,no,1,unknown,,,MD5RIPEMD160,
md5-sha1-pass,md5(sha1($pass)),,md5(sha1($p)),vector,dynamic=md5(sha1($p)),,composite,,ok,,4400,proven,dynamic_22,proven,MD5SHA1,proven,no,1,shared,,collides with md5capsha1 (encoding),MD5SHA1; md5(sha1($pass)),
md5-sha1-plain-md5-pass-sha1-plain,md5(sha1($plain).md5($pass).sha1($plain)),,md5(sha1($p).md5($p).sha1($p)),vector,dynamic=md5(sha1($p).md5($p).sha1($p)),,composite,,ok,,20900,proven,dynamic_1518,proven,MD5SHA1PASSMD5PASSSHA1PASS,proven,no,3,shared,,,,
md5-sha1-plain-md5-plain,md5(sha1($plain).md5($plain)),,md5(sha1($p).md5($p)),vector,dynamic=md5(sha1($p).md5($p)),,composite,,ok,,,no,,unknown,MD5-1xSHA1MD5,proven,no,1,unknown,,,MD5(SHA1(PLAIN)MD5(PLAIN)),
md5-sha1-plain-true,"md5(sha1($plain, true))",,md5(sha1_raw($p)),vector,dynamic=md5(sha1_raw($p)),,composite,,ok,,,no,,unknown,MD5SHA1RAW,proven,no,1,unknown,,,MD5RAWSHA1,
md5-sha1-plain-salt,md5(sha1($plain.$salt)),,md5(sha1($p.$s)),upstream,,,composite,,needs-review,,4420,proven,,unknown,MD5SHA1PASSSALT,proven,no,1,shared,,,,
md5-sha1-salt-md5-plain,md5(sha1($salt).md5($plain)),,md5(sha1($s).md5($p)),vector,dynamic=md5(sha1($s).md5($p)),,composite,,ok,,21200,proven,,unknown,MD5SHA1SALTMD5PASS,proven,no,2,shared,,,,
md5-sha1-base64-sha1-md5-plain,md5(sha1(base64(sha1(md5($plain))))),,md5(sha1(base64(sha1(md5($p))))),upstream,,,composite,,needs-review,,,no,,unknown,MD5SHA1BASE64SHA1MD5,proven,no,1,unknown,,,MD5SHA1BASE64SHA1MD5,
md5-sha1-base64-sha1-raw-plain,md5(sha1(base64(sha1_raw($plain)))),,md5(sha1(base64(sha1_raw($p)))),upstream,,,composite,,needs-review,,,no,,unknown,MD5SHA1BASE64SHA1RAW,proven,no,1,unknown,,,MD5SHA1BASE64RAWSHA1,
md5-sha1-base64-encode-plain,md5(sha1(base64_encode($plain))),,md5(sha1(base64($p))),upstream,,,composite,,needs-review,,,no,,unknown,MD5SHA1BASE64,proven,no,1,unknown,,,MD5SHA1BASE64,
md5-sha1-haval160-4-plain,md5(sha1(haval160_4($plain))),,md5(sha1(haval160_4($p))),vector,dynamic=md5(sha1(haval160_4($p))),,composite,,ok,,,no,,unknown,MD5SHA1HAV160-4,proven,no,1,unknown,,,MD5SHA1HAVAL160-4,
md5-sha1-md5-plain,md5(sha1(md5($plain))),,md5(sha1(md5($p))),vector,dynamic=md5(sha1(md5($p))),,composite,,ok,,32800,proven,dynamic_1020,proven,MD5SHA1MD5,proven,no,1,shared,,,MD5SHA1MD5,
md5-sha1-md5-plain-plain,md5(sha1(md5($plain)).$plain),,md5(sha1(md5($p)).$p),upstream,,,composite,,needs-review,,,no,,unknown,MD5SHA1MD5PASS,proven,no,1,unknown,,,MD5(SHA1(MD5(PLAIN))PLAIN),
md5-sha1-md5-plain-md5-md5-plain,md5(sha1(md5($plain)).md5(md5($plain))),,md5(sha1(md5($p)).md5(md5($p))),vector,dynamic=md5(sha1(md5($p)).md5(md5($p))),,composite,,ok,,,no,,unknown,MD5-1xSHA1MD5-MD5,proven,no,1,unknown,,,MD5(SHA1(MD5(PLAIN))MD5X2(PLAIN)),
md5-sha1-md5-plain-sha1-plain,md5(sha1(md5($plain)).sha1($plain)),,md5(sha1(md5($p)).sha1($p)),vector,dynamic=md5(sha1(md5($p)).sha1($p)),,composite,,ok,,,no,,unknown,MD5-1xSHA1MD5pSHA1p,proven,no,1,unknown,,,MD5(SHA1(MD5(PLAIN))SHA1(PLAIN)),
md5-sha1-md5-base64-encode-plain,md5(sha1(md5(base64_encode($plain)))),,md5(sha1(md5(base64($p)))),upstream,,,composite,,needs-review,,,no,,unknown,MD5SHA1MD5BASE64,proven,no,1,unknown,,,MD5SHA1MD5BASE64,
md5-sha1-md5-md5-plain,md5(sha1(md5(md5($plain)))),,md5(sha1(md5(md5($p)))),vector,dynamic=md5(sha1(md5(md5($p)))),,composite,,ok,,,no,,unknown,MD5SHA1MD5MD5,proven,no,1,unknown,,,MD5SHA1MD5X2,
md5-sha1-md5-md5-plain-md5-md5-md5-plain,md5(sha1(md5(md5($plain))).md5(md5(md5($plain)))),,md5(sha1(md5(md5($p))).md5(md5(md5($p)))),vector,dynamic=md5(sha1(md5(md5($p))).md5(md5(md5($p)))),,composite,,ok,,,no,,unknown,MD5-1xSHA1MD5-MD5MD5,proven,no,1,unknown,,,MD5(SHA1(MD5X2(PLAIN))MD5X3(PLAIN)),
md5-sha1-md5-md5-md5-plain,md5(sha1(md5(md5(md5($plain))))),,md5(sha1(md5(md5(md5($p))))),vector,dynamic=md5(sha1(md5(md5(md5($p))))),,composite,,ok,,,no,,unknown,MD5SHA1MD5MD5MD5,proven,no,1,unknown,,,MD5SHA1MD5X3,
md5-sha1-md5-md5-md5-sha1-plain,md5(sha1(md5(md5(md5(sha1($plain)))))),,md5(sha1(md5(md5(md5(sha1($p)))))),vector,dynamic=md5(sha1(md5(md5(md5(sha1($p)))))),,composite,,ok,,,no,,unknown,MD5SHA1MD5MD5MD5SHA1,proven,no,1,unknown,,,MD5SHA1MD5X3SHA1,
md5-sha1-md5-radmin2-plain,md5(sha1(md5(radmin2($plain)))),,"md5(sha1(md5(md5(pad($p,100)))))",vector,dynamic=md5(sha1(md5(md5(pad100($p))))),,composite,,needs-review,,,no,,unknown,MD5SHA1MD5RADMIN2,proven,no,1,unknown,,,MD5SHA1MD5RADMIN2,
md5-sha1-md5-sha1-plain,md5(sha1(md5(sha1($plain)))),,md5(sha1(md5(sha1($p)))),vector,dynamic=md5(sha1(md5(sha1($p)))),,composite,,ok,,,no,dynamic_1021,proven,MD5SHA1MD5SHA1,proven,no,1,shared,,,(MD5SHA1)X2,
md5-sha1-md5-sha1-md5-plain,md5(sha1(md5(sha1(md5($plain))))),,md5(sha1(md5(sha1(md5($p))))),vector,dynamic=md5(sha1(md5(sha1(md5($p))))),,composite,,ok,,,no,dynamic_1022,proven,MD5SHA1MD5SHA1MD5,proven,no,1,shared,,,(MD5SHA1)X2MD5,
md5-sha1-md5-sha1-sha1-plain,md5(sha1(md5(sha1(sha1($plain))))),,md5(sha1(md5(sha1(sha1($p))))),vector,dynamic=md5(sha1(md5(sha1(sha1($p))))),,composite,,ok,,,no,,unknown,MD5SHA1MD5SHA1SHA1,proven,no,1,unknown,,,(MD5SHA1)X2SHA1,
md5-sha1-sha1-pass,md5(sha1(sha1($pass))),,md5(sha1(sha1($p))),vector,dynamic=md5(sha1(sha1($p))),,composite,,ok,,,no,dynamic_1018,proven,MD5SHA1SHA1,proven,no,1,shared,,,MD5SHA1X2; md5(sha1(sha1($pass))),
md5-sha1-sha1-plain-true,"md5(sha1(sha1($plain, true)))",,md5(sha1(sha1_raw($p))),vector,dynamic=md5(sha1(sha1_raw($p))),,composite,,ok,,,no,,unknown,MD5SHA1SHA1RAW,proven,no,1,unknown,,,MD5SHA1RAWSHA1,
md5-sha1-sha1-md5-plain,md5(sha1(sha1(md5($plain)))),,md5(sha1(sha1(md5($p)))),vector,dynamic=md5(sha1(sha1(md5($p)))),,composite,,ok,,,no,dynamic_1019,proven,MD5SHA1SHA1MD5,proven,no,1,shared,,,MD5SHA1X2MD5,
md5-sha1-sha1-md5-plain-sha1-plain,md5(sha1(sha1(md5($plain)).sha1($plain))),,md5(sha1(sha1(md5($p)).sha1($p))),vector,dynamic=md5(sha1(sha1(md5($p)).sha1($p))),,composite,,ok,,,no,,unknown,MD5SHA1-1xSHA1MD5pSHA1p,proven,no,1,unknown,,,MD5SHA1(SHA1(MD5(PLAIN))SHA1(PLAIN)),
md5-sha1-sha256-plain,md5(sha1(sha256($plain))),,md5(sha1(sha256($p))),vector,dynamic=md5(sha1(sha256($p))),,composite,,ok,,,no,,unknown,MD5SHA1SHA256,proven,no,1,unknown,,,MD5SHA1SHA256,
md5-sha256-pass,md5(sha256($pass)),,md5(sha256($p)),vector,dynamic=md5(sha256($p)),,composite,,ok,,,no,,unknown,MD5SHA256,proven,no,1,unknown,,,MD5SHA256; md5(sha256($pass)),
md5-str-reverse-md5-plain,md5(str_reverse(md5($plain))),,md5(rev(md5($p))),upstream,,,composite,,needs-review,,,no,,unknown,MD5revMD5,proven,no,1,unknown,,,MD5REVMD5,
md5-strrev-md5-md5-plain,md5(strrev(md5(md5($plain)))),,md5(rev(md5(md5($p)))),upstream,,,composite,,needs-review,,,no,,unknown,MD5revMD5MD5,proven,no,1,unknown,,,MD5REVMD5X2,
md5-strrev-sha1-plain,md5(strrev(sha1($plain))),,md5(rev(sha1($p))),upstream,,,composite,,needs-review,,,no,,unknown,MD5revSHA1,proven,no,1,unknown,,,MD5REVSHA1,
md5-strtoupper-md5-pass,md5(strtoupper(md5($pass))),MD5MD5UC,md5(upper(md5($p))),vector,dynamic=md5(MD5($p)),,composite,,needs-review,,4300,proven,,unknown,MD5MD5UC,proven,no,2,shared,,duplicate of md5md5uc,MD5UCMD5; md5(strtoupper(md5($pass))),
md5-strtoupper-md5-plain-salt-2,md5(strtoupper(md5($plain)).$salt),,md5(upper(md5($p)).$s),vector,dynamic=md5(MD5($p).$s),,composite,,needs-review,,,no,,unknown,MD5UCSALT,proven,no,1,unknown,,,MD5(UC(MD5(PLAIN))SALT),
md5-strtoupper-md5-md5-plain,md5(strtoupper(md5(md5($plain)))),,md5(upper(md5(md5($p)))),vector,dynamic=md5(MD5(md5($p))),,composite,,needs-review,,,no,,unknown,MD5MD5UCMD5,proven,no,1,unknown,,,MD5UCMD5X2,
md5-strtoupper-md5-md5-plain-true,"md5(strtoupper(md5(md5($plain, true))))",,md5(upper(md5(md5_raw($p)))),vector,dynamic=md5(MD5(md5_raw($p))),,iterated,,needs-review,,,no,,unknown,MD5RAWUC -i2,proven,no,1,unknown,,,MD5UCMD5RAWMD5,
md5-strtoupper-sha1-md5-plain,md5(strtoupper(sha1(md5($plain)))),,md5(upper(sha1(md5($p)))),vector,dynamic=md5(SHA1(md5($p))),,composite,,needs-review,,,no,,unknown,MD5SHA1UCMD5,proven,no,1,unknown,,,MD5UCSHA1MD5,
md5-strtoupper-sha1-sha1-plain-true,"md5(strtoupper(sha1(sha1($plain, true))))",,md5(upper(sha1(sha1_raw($p)))),vector,dynamic=md5(SHA1(sha1_raw($p))),,composite,,needs-review,,,no,,unknown,MD5SQL5-40,proven,no,1,unknown,,,MD5UCSHA1RAWSHA1,
md5-strtoupper-sha1-strtoupper-md5-pass,md5(strtoupper(sha1(strtoupper(md5('$pass')))));,,md5(upper(sha1(upper(md5($p))))),vector,dynamic=md5(SHA1(MD5($p))),,composite,,needs-review,,,no,,unknown,MD5SHA1UCMD5UC,proven,no,1,unknown,,,,
md5-substr-sha1-plain-0-32,"md5(substr(sha1($plain), 0, 32))",,"md5(cut(sha1($p),0,32))",upstream,,,composite,,needs-review,,,no,,unknown,MD5SHA1u32,proven,no,1,unknown,,,MD5CUT0-32SHA1,
md5-tiger192-3-plain,md5(tiger192_3($plain)),,md5(tiger($p)),vector,dynamic=md5(tiger($p)),,composite,,ok,,,no,,unknown,MD5TIGER,proven,no,1,unknown,,,MD5TIGER192-3,
md5-tiger2-plain,md5(tiger2($plain)),,,absent,,md5(tiger2($plain)),,,ok,,,no,,unknown,MD5TIGER2,proven,no,1,unknown,,,MD5TIGER2,
md5-unix,md5(unix),,,absent,,"md5crypt(pass, salt)",application,,ok,,500,proven,md5crypt md5crypt-opencl,proven,MD5CRYPT,proven,claimed,1,shared,,,MD5CRYPT,
md5-upper-ntlm-plain,md5(upper(ntlm($plain))),,md5(upper(md4(utf16($p)))),vector,dynamic=md5(MD4(utf16($p))),,composite,,needs-review,,,no,,unknown,MD5NTLMUC,proven,no,1,unknown,,,MD5UCNTLM,
md5-whirlpool-plain,md5(whirlpool($plain)),,md5(whirlpool($p)),vector,dynamic=md5(whirlpool($p)),,composite,,ok,,,no,,unknown,MD5WRL,proven,no,1,unknown,,,MD5WRL,
md5-wrl-md5-plain,md5(wrl(md5($plain))),,md5(whirlpool(md5($p))),vector,dynamic=md5(whirlpool(md5($p))),,composite,,ok,,,no,,unknown,MD5WRLMD5,proven,no,1,unknown,,,MD5WRLMD5,
md5-wrl-raw-plain,md5(wrl_raw($plain)),,md5(whirlpool_raw($p)),vector,dynamic=md5(whirlpool_raw($p)),,composite,,ok,,,no,,unknown,MD5WRLRAW,proven,no,1,unknown,,,MD5RAWWRL,
md5-zipmonster,MD5(ZipMonster),,,absent,,MD5(ZipMonster),,,ok,,,unknown,ZipMonster,proven,,unknown,no,1,unknown,,,,
md5-2xmd5uc,MD5-2xMD5UC,,md5(upper(md5($p)).upper(md5($p))),vector,dynamic=md5(MD5($p).MD5($p)),,composite,,needs-review,,,no,,unknown,MD5-2xMD5UC,proven,no,1,unknown,,,,
md5-2xsha1,MD5-2xSHA1,,md5(sha1($p).sha1($p)),vector,dynamic=md5(sha1($p).sha1($p)),,composite,,ok,,,no,,unknown,MD5-2xSHA1,proven,no,1,unknown,,,,
md5-2xsha1md5,MD5-2xSHA1MD5,,md5(sha1(md5($p)).sha1(md5($p))),vector,dynamic=md5(sha1(md5($p)).sha1(md5($p))),,composite,,ok,,,unknown,,unknown,MD5-2xSHA1MD5,proven,no,1,unknown,,,,
md5-4xmd5,MD5-4xMD5,,md5(md5($p).md5($p).md5($p).md5($p)),vector,dynamic=md5(md5($p).md5($p).md5($p).md5($p)),,composite,,ok,,,no,,unknown,MD5-4xMD5,proven,no,1,unknown,,,MD5(MD5(PLAIN)MD5(PLAIN)MD5(PLAIN)MD5(PLAIN)),
md5-4xmd5-salt,MD5-4xMD5-SALT,,md5(md5($p).md5($p).md5($p).md5($p).$s),vector,dynamic=md5(md5($p).md5($p).md5($p).md5($p).$s),,composite,,ok,,,no,,unknown,MD5-4xMD5-SALT,proven,no,1,unknown,,,,
md5-5xmd5,MD5-5xMD5,,md5(md5($p).md5($p).md5($p).md5($p).md5($p)),vector,dynamic=md5(md5($p).md5($p).md5($p).md5($p).md5($p)),,composite,,ok,,,unknown,,unknown,MD5-5xMD5,proven,no,1,unknown,,,,
md5-6xmd5,MD5-6xMD5,,md5(md5($p).md5($p).md5($p).md5($p).md5($p).md5($p)),vector,dynamic=md5(md5($p).md5($p).md5($p).md5($p).md5($p).md5($p)),,composite,,ok,,,unknown,,unknown,MD5-6xMD5,proven,no,1,unknown,,,,
md5-md5md5passsalt-pep,MD5-MD5MD5PASSSALT-PEP,,,absent,,md5(md5(md5(pass) . salt) . pepper),composite,,ok,,31700,proven,,unknown,MD5-MD5MD5PASSSALT-PEP,proven,no,1,shared,,,,
md5-md5md5passsalt-pep2,MD5-MD5MD5PASSSALT-PEP2,,,absent,,md5(md5(md5(pass . salt)) . pepper),composite,,ok,,21900,proven,,unknown,MD5-MD5MD5PASSSALT-PEP2,proven,no,1,shared,,,,
md5-md5pssha1md5psp,MD5-MD5psSHA1MD5psp,,md5(md5($p.$s).sha1(md5($p.$s).$p)),vector,dynamic=md5(md5($p.$s).sha1(md5($p.$s).$p)),,composite,,ok,,,no,,unknown,MD5-MD5psSHA1MD5psp,proven,no,1,unknown,,,,
md5-md5pusha1md5pup,MD5-MD5puSHA1MD5pup,,,,,,,,ok,,,no,,unknown,MD5-MD5puSHA1MD5pup,proven,no,1,unknown,,,,
md5-md5salt-md5md5pass,MD5-MD5SALT-MD5MD5PASS,,md5(md5($s).md5(md5($p))),vector,dynamic=md5(md5($s).md5(md5($p))),,composite,,ok,,30500,proven,,unknown,MD5-MD5SALT-MD5MD5PASS,proven,no,1,shared,,,,
md5-md5sha1md5sha1md5sha1p,MD5-MD5SHA1MD5SHA1MD5SHA1p,,"md5(md5(sha1(md5(sha1(md5(sha1($p)))))).$c1),c1= ",upstream,,,,,ok,,,no,,unknown,MD5-MD5SHA1MD5SHA1MD5SHA1p,proven,no,1,unknown,,,,
md5-md5sha1passsha1md5salt,MD5-MD5SHA1PASSSHA1MD5SALT,,md5(md5(sha1($p)).sha1(md5($s))),upstream,,,composite,,needs-review,,,unknown,,unknown,MD5-MD5SHA1PASSSHA1MD5SALT,proven,no,1,unknown,,,,
md5-md5usersha1md5pass,MD5-MD5USERSHA1MD5PASS,,md5(md5($s).sha1(md5($p))),vector,dynamic=md5(md5($s).sha1(md5($p))),,composite,,ok,,,no,,unknown,MD5-MD5USERSHA1MD5PASS,proven,no,1,unknown,,,,
md5-salt-sha1peppass,MD5-SALT-SHA1PEPPASS,,,absent,,md5(salt . sha1(pepper . pass)),composite,,ok,,21310,proven,,unknown,MD5-SALT-SHA1PEPPASS,proven,no,1,shared,,,,
md5-saltmd5pass-salt,MD5-SALTMD5PASS-SALT,md5($salt.md5($pass).$salt),md5($s.md5($p).$s),upstream,dynamic=md5($s.md5($p).$s),,composite,,needs-review,,33100,proven,dynamic_14 dynamic_2014,proven,MD5-SALTMD5PASS-SALT,proven,no,3,shared,,,,"Split out on 2026-08-30. mdxfind type e818 and hashcat mode 33100 had no entry of their own, and e818's example vector had been seeded onto md5-salt-md5-pass-salt, whose name, id and other vector are the neighbouring construction md5($s.md5($p.$s)) (e515, hashcat 4110). Digest::MD5 - independent of all three crackers - identifies this vector as md5($s.md5($p).$s); hashcat -m 33100, mdxfind pinned to the type, and john dynamic_14 and dynamic_2014 all reproduce it."
md5-saltmd5passsalt,MD5-SALTMD5PASSSALT,,md5($s.md5($p.$s)),vector,dynamic=md5($s.md5($p.$s)),,composite,,ok,,4110,proven,dynamic_11 dynamic_2011,proven,MD5-SALTMD5PASSSALT,proven,no,2,shared,,same as md5-salt-md5-pass-salt (naming),,
md5-sha1numsha1,MD5-SHA1numSHA1,,,,,,,,ok,,,no,,unknown,MD5-SHA1numSHA1,proven,no,1,unknown,,,,
md5-sha1saltpass,MD5-SHA1SALTPASS,,md5(sha1($s.$p)),upstream,,,composite,,needs-review,,4430,proven,,unknown,MD5-SHA1SALTPASS,proven,no,1,shared,,,,
md5am,MD5AM,,"md5($s.$c1.lower($p)),c1=\x3a\x3a",vector,"dynamic=md5($s.$c1.lc($p)),c1=\x3a\x3a",,,,ok,,,no,,unknown,MD5AM,proven,no,1,unknown,,,,
md5am2,MD5AM2,,,,,,,,ok,,,no,,unknown,MD5AM2,proven,no,1,unknown,,,,
md5base64base64,MD5BASE64BASE64,,md5(base64(base64($p))),upstream,,,composite,,needs-review,,,no,,unknown,MD5BASE64BASE64,proven,no,1,unknown,,,,
md5base64base64base64,MD5BASE64BASE64BASE64,,md5(base64(base64(base64($p)))),upstream,,,composite,,needs-review,,,no,,unknown,MD5BASE64BASE64BASE64,proven,no,1,unknown,,,,
md5base64sha1md5,MD5BASE64SHA1MD5,,md5(base64(sha1(md5($p)))),upstream,,,composite,,needs-review,,,unknown,,unknown,MD5BASE64SHA1MD5,proven,no,1,unknown,,,,
md5bcad-order-of-32bit-values,md5bcad (order of 32bit values),,,absent,,md5bcad (order of 32bit values),,,ok,,,no,,unknown,MD5bcad,proven,no,1,unknown,,,BCAD-MD5,
md5cap,MD5CAP,,"md5(cap(md5($p),0))",upstream,,,iterated,,needs-review,,,no,,unknown,MD5CAP -i2,proven,no,1,unknown,,collides with md5 (encoding),MD5CAPMD5,
md5capmd5md5user,MD5CAPMD5MD5USER,,,,,,,,ok,,,no,,unknown,MD5CAPMD5MD5USER,proven,no,2,unknown,,,MD5(CAPMD5(CAPMD5(PLAIN))SALT),
md5capsha1,MD5CAPSHA1,,md5(cap(sha1($p))),upstream,,,composite,,needs-review,,,no,,unknown,MD5CAPSHA1,proven,no,1,unknown,,collides with md5-sha1-pass (encoding),MD5CAPSHA1,
md5cdab-order-of-32bit-values,md5cdab (order of 32bit values),,,absent,,md5cdab (order of 32bit values),,,ok,,,no,,unknown,,unknown,no,1,unknown,,encoding of md5 (encoding),CDAB-MD5,
md5dcab-order-of-32bit-values,md5dcab (order of 32bit values),,,absent,,md5dcab (order of 32bit values),,,ok,,,no,,unknown,MD5dcab,proven,no,1,unknown,,,DCAB-MD5,
md5decbase64md5,MD5DECBASE64MD5,,md5(frombase64(md5($p))),upstream,,,composite,,needs-review,,,unknown,,unknown,MD5DECBASE64MD5,proven,no,1,unknown,,,,
md5decbase64md5base64md5,MD5DECBASE64MD5BASE64MD5,,md5(frombase64(md5(base64(md5($p))))),upstream,,,composite,,needs-review,,,unknown,,unknown,MD5DECBASE64MD5BASE64MD5,proven,no,1,unknown,,,,
md5dsalt,MD5DSALT,,,absent,,,,,needs-review,,,no,,unknown,MD5DSALT,claimed,no,0,unknown,,,,
md5gostmd5uc,MD5GOSTMD5UC,,md5(gost(upper(md5($p)))),vector,dynamic=md5(gost(MD5($p))),,composite,,needs-review,,,no,,unknown,MD5GOSTMD5UC,proven,no,1,unknown,,,MD5GOSTUCMD5,
md5lmuc,MD5LMUC,,,absent,,md5(upper(lm(pass))),,,ok,,,unknown,,unknown,MD5LMUC,proven,no,1,unknown,,,,
md5md5hum,MD5MD5HUM,,,absent,,emit(md5(md5(pass).S)),,,needs-review,,,no,,unknown,MD5MD5HUM,claimed,no,16,unknown,,,MD5HUMMD5,
md5md5md5user,MD5MD5MD5USER,,,,,,composite,,ok,,3610,proven,,unknown,MD5MD5MD5USER,proven,no,2,shared,,,MD5(MD5(MD5(PLAIN))SALT),
md5md5salt-salt,MD5MD5SALT-SALT,,"md5(md5($p.$s).$c1.$s),c1=\x3a",vector,"dynamic=md5(md5($p.$s).$c1.$s),c1=\x3a",,,,ok,,,no,,unknown,MD5MD5SALT-SALT,proven,no,1,unknown,,,MD5(MD5(PLAINSALT)INSDPSALT),
md5md5sha1salt,MD5MD5SHA1SALT,,md5(md5(sha1($p)).$s),vector,dynamic=md5(md5(sha1($p)).$s),,composite,,ok,,,unknown,,unknown,MD5MD5SHA1SALT,proven,no,1,unknown,,,,
md5md5sha256salt,MD5MD5SHA256SALT,,md5(md5(sha256($p)).$s),vector,dynamic=md5(md5(sha256($p)).$s),,composite,,ok,,,unknown,,unknown,MD5MD5SHA256SALT,proven,no,1,unknown,,,,
md5md5ucp,MD5MD5UCp,,"md5(upper(md5($p)).$c1),c1= ",upstream,,,,,ok,,,no,,unknown,MD5MD5UCp,proven,no,1,unknown,,,,
md5md5ucsha1md5md5,MD5MD5UCSHA1MD5MD5,,md5(upper(md5(sha1(md5(md5($p)))))),vector,dynamic=md5(MD5(sha1(md5(md5($p))))),,composite,,needs-review,,,no,,unknown,MD5MD5UCSHA1MD5MD5,proven,no,1,unknown,,,,
md5md5ucsql3p,MD5MD5UCSQL3p,,,absent,,"md5(upper(md5(mysql3(pass))) . "" "")",,,ok,,,no,,unknown,MD5MD5UCSQL3p,proven,no,1,unknown,,,,
md5ntlmp,MD5NTLMp,,"md5(md4(utf16($p)).$c1),c1= ",upstream,,,,,ok,,,no,,unknown,MD5NTLMp,proven,no,1,unknown,,,,
md5padmd5,MD5padMD5,,"md5($c1.md5($p).$c1),c1= ",upstream,,,,,ok,,,no,,unknown,MD5padMD5,proven,no,1,unknown,,,,
md5passsha1,MD5PASSSHA1,,md5($p.sha1($p)),vector,dynamic=md5($p.sha1($p)),,composite,,ok,,,no,,unknown,MD5PASSSHA1,proven,no,1,unknown,,,,
md5revmd5salt,MD5revMD5SALT,,md5(rev(md5($p)).$s),upstream,,,composite,,needs-review,,,unknown,,unknown,MD5revMD5SALT,proven,no,1,unknown,,,,
md5salt1salt2,MD5SALT1SALT2,,,absent,,,composite,,ok,,33000,proven,,unknown,MD5SALT1SALT2,proven,no,1,shared,,,,
md5sha0,MD5SHA0,,md5(sha0($p)),upstream,,,composite,,needs-review,,,no,,unknown,MD5SHA0,proven,no,1,unknown,,,,
md5sha1base64md5raw,MD5SHA1BASE64MD5RAW,,md5(sha1(base64(md5_raw($p)))),upstream,,,composite,,needs-review,,,no,,unknown,MD5SHA1BASE64MD5RAW,proven,no,1,unknown,,,MD5SHA1BASE64RAWMD5,
md5sha1hum,MD5SHA1HUM,,,absent,,emit(md5(sha1(pass).S)),,,needs-review,,,no,,unknown,MD5SHA1HUM,claimed,no,0,unknown,,,,
md5sha1lsb35,MD5SHA1lsb35,,,absent,,"md5(hex(and(sha1_bin(pass), fromhex(""00000fffffffffffffffffffffffffffffffffff""))))",,,ok,,,unknown,,unknown,MD5SHA1lsb35,proven,no,1,unknown,,,,
md5sha1md5hum,MD5SHA1MD5HUM,,,absent,,emit(md5(sha1(md5(pass)).S)),,,needs-review,,,no,,unknown,MD5SHA1MD5HUM,claimed,no,0,unknown,,,,
md5sha1md5md5sha1,MD5SHA1MD5MD5SHA1,,md5(sha1(md5(md5(sha1($p))))),vector,dynamic=md5(sha1(md5(md5(sha1($p))))),,composite,,ok,,,no,,unknown,MD5SHA1MD5MD5SHA1,proven,no,1,unknown,,,MD5SHA1MD5MD5SHA1,
md5sha1md5md5sha1md5,MD5SHA1MD5MD5SHA1MD5,,md5(sha1(md5(md5(sha1(md5($p)))))),vector,dynamic=md5(sha1(md5(md5(sha1(md5($p)))))),,composite,,ok,,,unknown,,unknown,MD5SHA1MD5MD5SHA1MD5,proven,no,1,unknown,,,,
md5sha1md5md5uc,MD5SHA1MD5MD5UC,,md5(sha1(md5(upper(md5($p))))),vector,dynamic=md5(sha1(md5(MD5($p)))),,composite,,needs-review,,,no,,unknown,MD5SHA1MD5MD5UC,proven,no,1,unknown,,,,
md5sha1md5sha1md5sha1md5sha1md5sha1md5sha1,MD5SHA1MD5SHA1MD5SHA1MD5SHA1MD5SHA1MD5SHA1,,,,,,,,ok,,,no,,unknown,MD5SHA1MD5SHA1MD5SHA1MD5SHA1MD5SHA1MD5SHA1,proven,no,1,unknown,,,,
md5sha1md5uc,MD5SHA1MD5UC,,md5(sha1(upper(md5($p)))),vector,dynamic=md5(sha1(MD5($p))),,composite,,needs-review,,,no,,unknown,MD5SHA1MD5UC,proven,no,1,unknown,,,MD5SHA1UCMD5,
md5sha1md5x,MD5SHA1MD5x,,,absent,,md5(sha1(md5^N(pass))),,,ok,,,no,,unknown,MD5SHA1MD5x,proven,no,1,unknown,,,MD5SHA1MD5,
md5sha1radmin2md5,MD5SHA1RADMIN2MD5,,"md5(sha1(md5(pad(md5($p),100))))",upstream,,,composite,,needs-review,,,no,,unknown,MD5SHA1RADMIN2MD5,proven,no,1,unknown,,,,
md5sha1salt,MD5SHA1SALT,,md5(sha1($p).$s),vector,dynamic=md5(sha1($p).$s),,composite,,ok,,4410,proven,,unknown,MD5SHA1SALT,proven,no,2,shared,,,,
md5sha1u32salt,MD5SHA1u32SALT,,"md5(cut(sha1($p),0,32).$s)",upstream,,,composite,,needs-review,,,no,,unknown,MD5SHA1u32SALT,proven,no,1,unknown,,,,
md5sha1u39,MD5SHA1u39,,"md5(cut(sha1($p),0,39))",upstream,,,composite,,needs-review,,,unknown,,unknown,MD5SHA1u39,proven,no,1,unknown,,,,
md5sha1uc,MD5SHA1UC,,md5(upper(sha1($p))),vector,dynamic=md5(SHA1($p)),,composite,,needs-review,,,unknown,,unknown,MD5SHA1UC,proven,no,1,unknown,,,,
md5sha1ucu32,MD5SHA1UCu32,,"md5(cut(upper(sha1($p)),0,32))",upstream,,,composite,,needs-review,,,no,,unknown,MD5SHA1UCu32,proven,no,1,unknown,,,,
md5sha1x,MD5SHA1x,,,absent,,md5(sha1^N(pass)),composite,,needs-review,,4400,proven,dynamic_22,proven,MD5SHA1x,claimed,no,1,shared,,,,
md5sha256md5,MD5SHA256MD5,,md5(sha256(md5($p))),vector,dynamic=md5(sha256(md5($p))),,composite,,ok,,,no,,unknown,MD5SHA256MD5,proven,no,1,unknown,,,,
md5sha256sha256,MD5SHA256SHA256,,md5(sha256(sha256($p))),vector,dynamic=md5(sha256(sha256($p))),,composite,,ok,,,unknown,,unknown,MD5SHA256SHA256,proven,no,1,unknown,,,,
md5sha512,MD5SHA512,,md5(sha512($p)),vector,dynamic=md5(sha512($p)),,composite,,ok,,,unknown,,unknown,MD5SHA512,proven,no,1,unknown,,,,
md5specam,MD5SPECAM,,,,,,,,needs-review,,,no,,unknown,MD5SPECAM,claimed,no,0,unknown,,,,
md5sql3sql5md5md5,MD5SQL3SQL5MD5MD5,,,absent,,"md5(md5(mysql3(""*"".upper(sha1(sha1_bin(pass))))))",,,ok,,,unknown,,unknown,MD5SQL3SQL5MD5MD5,proven,no,1,unknown,,,,
md5sub1-20md5,MD5sub1-20MD5,,"md5(cut(md5($p),0,20))",upstream,,,composite,,needs-review,,,unknown,,unknown,MD5sub1-20MD5,proven,no,1,unknown,,,,
md5sub1-20md5md5,MD5sub1-20MD5MD5,,"md5(cut(md5(md5($p)),0,20))",upstream,,,composite,,needs-review,,,unknown,,unknown,MD5sub1-20MD5MD5,proven,no,1,unknown,,,,
md5sub8-24md5sub8-24md5,MD5sub8-24MD5sub8-24MD5,,"md5(cut(md5(cut(md5($p),8,16)),8,16))",upstream,,,composite,,needs-review,,,no,,unknown,MD5sub8-24MD5sub8-24MD5,proven,no,1,unknown,,,MD5CUT8-16(MD5CUT8-16(MD5(PLAIN))),
md5sub8-24salt,MD5sub8-24SALT,,"md5(cut(md5($p),8,16).$s)",upstream,,,composite,,needs-review,,,unknown,,unknown,MD5sub8-24SALT,proven,no,1,unknown,,,,
md5swap,MD5SWAP,,"md5(cut(md5($p),16).cut(md5($p),0,16))",upstream,,,composite,,needs-review,,,no,,unknown,MD5SWAP,proven,no,1,unknown,,,,
md5uc,MD5UC,,md5($p),vector,dynamic=md5($p),,encoding,,needs-review,,0,proven,Raw-MD5 dynamic_0 dynamic_2000,proven,MD5UC,claimed,no,1,unknown,,encoding of md5 (encoding),,
md5ucbase64md5raw,MD5UCBASE64MD5RAW,,,absent,,md5_uc(base64(md5_bin(pass))),,,needs-review,,,no,,unknown,MD5UCBASE64MD5RAW,claimed,no,0,unknown,,,,
md5ucbase64sha1raw,MD5UCBASE64SHA1RAW,,,absent,,md5_uc(base64(sha1_bin(pass))),,,ok,,,no,,unknown,MD5UCBASE64SHA1RAW,proven,no,1,unknown,,,,"The vendored catalog renders this type's example digest in uppercase hex, and mdxfind will not read it back in that case, so the seeding pass could not verify it. mdxfind -z computes the same digest in lowercase for the same plaintext, and pinned to ^MD5UCBASE64SHA1RAW$ it reproduces that form; the stored vector is the catalog's own digest re-cased, not one we invented. Fourteen other types carry an uppercase example (MD5UC, SHA1UC, SHA256UC, RACF, ORACLE7 among them) and are NOT all the same story -- MD5UC and SHA256UC do not reproduce in either case."
md5ucmd5,MD5UCMD5,,,absent,,md5_uc(md5(pass)),,,needs-review,,,unknown,,unknown,MD5UCMD5,claimed,no,1,unknown,,,,
md5userpass,MD5USERPASS,,,,,,composite,,ok,,20,proven,dynamic_1009 dynamic_2004 dynamic_4,proven,MD5USERPASS,proven,no,3,shared,,,,
md5utf16le,MD5UTF16LE,,md5(utf16($p)),vector,dynamic=md5(utf16($p)),,composite,,ok,,70,proven,dynamic_29,proven,MD5UTF16LE,proven,no,1,shared,,,,
md5utf16lepasssalt,MD5UTF16LEPASSSALT,,md5(utf16($p).$s),vector,dynamic=md5(utf16($p).$s),,composite,,ok,,30,proven,,unknown,MD5UTF16LEPASSSALT,proven,no,1,shared,,,,
md5utf16lesaltpass,MD5UTF16LESALTPASS,,md5($s.utf16($p)),vector,dynamic=md5($s.utf16($p)),,composite,,ok,,40,proven,,unknown,MD5UTF16LESALTPASS,proven,no,1,shared,,,,
md5wrlsha1,MD5WRLSHA1,,md5(whirlpool(sha1($p))),vector,dynamic=md5(whirlpool(sha1($p))),,composite,,ok,,,unknown,,unknown,MD5WRLSHA1,proven,no,1,unknown,,,,
md6-128bit,md6 (128bit),,,absent,,md6 (128bit),,,ok,,,no,,unknown,MD6,proven,no,1,unknown,,,,
md6128,MD6128,,,absent,,md6128(pass),,,ok,,,unknown,,unknown,MD6128,proven,no,1,unknown,,,,
md6256,MD6256,,,absent,,md6256(pass),,,ok,,34600,proven,,unknown,MD6256,proven,no,1,shared,,,,
md6512,MD6512,,,absent,,md6512(pass),,,ok,,,unknown,,unknown,MD6512,proven,no,1,unknown,,,,
mdc2,MDC2,,,absent,,mdc2(pass),,,ok,,,unknown,mdc2,proven,MDC2,proven,no,1,shared,,,,
mediawiki,MEDIAWIKI,,"md5($s.$c1.md5($p)),c1=-",upstream,,,,,ok,,3711,proven,MediaWiki,proven,MEDIAWIKI,proven,no,1,shared,,,,
mega-nz-password-protected-link-pbkdf2-hmac-sha512,mega.nz password-protected link (PBKDF2-HMAC-SHA512),,,absent,,mega.nz password-protected link (PBKDF2-HMAC-SHA512),application,,ok,,33400,proven,,unknown,,unknown,no,1,unknown,,,,
metamask-mobile-wallet,MetaMask Mobile Wallet,,,absent,,MetaMask Mobile Wallet,application,,ok,,31900,proven,,unknown,,unknown,no,1,unknown,,,,
metamask-wallet-needs-all-data-checks-aes-gcm-tag,"MetaMask Wallet (needs all data, checks AES-GCM tag)",,,absent,,"MetaMask Wallet (needs all data, checks AES-GCM tag)",application,,ok,,26600,proven,,unknown,,unknown,no,1,unknown,,,,
metamask-wallet-short-hash-plaintext-check,"MetaMask Wallet (short hash, plaintext check)",,,absent,,"MetaMask Wallet (short hash, plaintext check)",application,,ok,,26610,proven,,unknown,,unknown,no,1,unknown,,,,
microsoft-money-2002-to-money-plus,Microsoft Money (2002 to Money Plus),,,absent,,Microsoft Money (2002 to Money Plus),,,ok,,,unknown,money,proven,,unknown,no,1,unknown,,,,
monero-wallet,Monero Wallet,,,absent,,Monero Wallet,,,needs-review,,,unknown,Monero,claimed,,unknown,no,0,unknown,,,,
mongodb-sha1,MONGODB-SHA1,,,absent,,"pbkdf2_sha1(pass, salt, N, 20)",,,ok,,24100,proven,,unknown,MONGODB-SHA1,proven,no,1,shared,,,,
mongodb-sha256,MONGODB-SHA256,,,absent,,"pbkdf2_sha256(pass, salt, N, 32)",,,ok,,24200,proven,,unknown,MONGODB-SHA256,proven,no,1,shared,,,,
mozilla-key3-db-johnmozilla,Mozilla key3.db,,,absent,,Mozilla key3.db,,,ok,,,unknown,Mozilla,proven,,unknown,no,1,unknown,,,,
mozilla-key3-db,Mozilla key3.db,,,absent,,Mozilla key3.db,application,,ok,,26000,proven,,unknown,,unknown,no,1,unknown,,,,
mozilla-key4-db,Mozilla key4.db,,,absent,,Mozilla key4.db,application,,ok,,26100,proven,,unknown,,unknown,no,1,unknown,,,,
ms-cache-hash-dcc,MS Cache Hash (DCC),,,absent,,MS Cache Hash (DCC),,,needs-review,,,unknown,mscash,claimed,,unknown,no,0,unknown,,,,
ms-office-2007,MS Office 2007,,,absent,,MS Office 2007,application,,ok,,9400,proven,Office office-opencl,proven,,unknown,no,1,shared,,,,
ms-office-2010,MS Office 2010,,,absent,,MS Office 2010,application,,ok,,9500,proven,Office office-opencl,proven,,unknown,no,1,shared,,,,
ms-office-2013,MS Office 2013,,,absent,,MS Office 2013,application,,ok,,9600,proven,Office office-opencl,proven,,unknown,no,1,shared,,,,
ms-office-2016-sheetprotection,MS Office 2016 - SheetProtection,,,absent,,MS Office 2016 - SheetProtection,application,,ok,,25300,proven,,unknown,,unknown,no,1,unknown,,,,
ms-office-le-2003-0-1-md5-rc4,"MS Office <= 2003 $0/$1, MD5 + RC4",,,absent,,"MS Office <= 2003 $0/$1, MD5 + RC4",application,,ok,,9700,proven,oldoffice oldoffice-opencl,proven,,unknown,no,1,shared,,,,
ms-office-le-2003-0-1-md5-rc4-collider-1,"MS Office <= 2003 $0/$1, MD5 + RC4, collider #1",,,absent,,"MS Office <= 2003 $0/$1, MD5 + RC4, collider #1",application,,needs-review,,9710,proven,,unknown,,unknown,no,1,unknown,,,,
ms-office-le-2003-0-1-md5-rc4-collider-2,"MS Office <= 2003 $0/$1, MD5 + RC4, collider #2",,,absent,,"MS Office <= 2003 $0/$1, MD5 + RC4, collider #2",application,,ok,,9720,proven,,unknown,,unknown,no,1,unknown,,,,
ms-office-le-2003-3-sha1-rc4-collider-1,"MS Office <= 2003 $3, SHA1 + RC4, collider #1",,,absent,,"MS Office <= 2003 $3, SHA1 + RC4, collider #1",application,,needs-review,,9810,proven,,unknown,,unknown,no,1,unknown,,,,
ms-office-le-2003-3-sha1-rc4-collider-2,"MS Office <= 2003 $3, SHA1 + RC4, collider #2",,,absent,,"MS Office <= 2003 $3, SHA1 + RC4, collider #2",application,,ok,,9820,proven,,unknown,,unknown,no,1,unknown,,,,
ms-office-le-2003-3-4-sha1-rc4,"MS Office <= 2003 $3/$4, SHA1 + RC4",,,absent,,"MS Office <= 2003 $3/$4, SHA1 + RC4",application,,ok,,9800,proven,oldoffice oldoffice-opencl,proven,,unknown,no,1,shared,,,,
mscache-plain,mscache($plain),,md4(md4_raw(utf16($p)).utf16(lower($s))),upstream,,,application,,needs-review,,1100,proven,,unknown,MSCACHE,proven,no,2,shared,,,,
mschapv2-c-r,MSCHAPv2 C/R,,,absent,,MSCHAPv2 C/R,,,needs-review,,,unknown,mschapv2-naive,claimed,,unknown,no,0,unknown,,,,
msonline,MSONLINE,,,absent,,"pbkdf2_sha256(pass, salt, N, 32)",application,,ok,,33700,proven,,unknown,MSONLINE,proven,no,1,shared,,,,
mssntp,MSSNTP,,,,,,protocol,,ok,,31300,proven,timeroast timeroast-opencl,proven,MSSNTP,proven,no,1,shared,,,,
mssql2000,MSSQL2000,,sha1(utf16($p).$s),upstream,,,composite,,needs-review,,131,proven,mssql,proven,MSSQL2000,proven,no,2,divergent,,,,
mssql2005,MSSQL2005,,,,,,,,ok,,132,proven,mssql05,proven,MSSQL2005,proven,no,1,shared,,,,
mssql2012,MSSQL2012,,sha512(utf16($p).$s),upstream,,,composite,,needs-review,,1731,proven,mssql12,proven,MSSQL2012,proven,no,1,shared,,,,
multibit-classic-key-md5,MultiBit Classic .key (MD5),,,absent,,MultiBit Classic .key (MD5),application,,ok,,22500,proven,multibit,proven,,unknown,no,1,shared,,,,
multibit-classic-wallet-scrypt,MultiBit Classic .wallet (scrypt),,,absent,,MultiBit Classic .wallet (scrypt),application,,ok,,27700,proven,multibit,proven,,unknown,no,1,shared,,,,
multibit-hd-scrypt,MultiBit HD (scrypt),,,absent,,MultiBit HD (scrypt),application,,ok,,22700,proven,multibit,proven,,unknown,no,1,shared,,,,
murmur3,MURMUR3,,,absent,,"murmur3(pass, seed)",primitive,,ok,,27800,proven,,unknown,MURMUR3,proven,no,1,shared,,,,
murmur64a,MURMUR64A,,,absent,,murmur64a(pass),primitive,,ok,,34200,proven,,unknown,MURMUR64A,proven,no,2,shared,,,,
murmur64azero,MURMUR64AZERO,,,absent,,murmur64a(pass),primitive,,ok,,34201,proven,,unknown,MURMUR64AZERO,proven,no,1,shared,,,,
murmurhash,MurmurHash,,,absent,,MurmurHash,primitive,,ok,,25700,proven,,unknown,,unknown,no,1,unknown,,,,
murmurhash64a-truncated-zero-seed,MurmurHash64A truncated (zero seed),,,absent,,MurmurHash64A truncated (zero seed),primitive,,ok,,34211,proven,,unknown,,unknown,no,1,unknown,,,,
mysql-3,MySQL 3,,,absent,,mysql3(pass),,,ok,,200,proven,mysql,proven,MYSQL3,proven,no,1,shared,,,MYSQL3,
mysql-sha256crypt,MYSQL-SHA256CRYPT,,,absent,,"sha256crypt(pass, salt)",,,ok,,7401,proven,,unknown,MYSQL-SHA256CRYPT,proven,no,2,shared,,,,
mysql4-1-mysql5,MySQL4.1/MySQL5,,"$c1.upper(sha1(sha1_raw($p))),c1=*",upstream,,,,,needs-review,,300,proven,dynamic_1028 mysql-sha1 mysql-sha1-opencl,claimed,SQL5,proven,no,2,divergent,,,MYSQL5; MySQL4.1/MySQL5,
mysqlcram,MYSQLCRAM,,upper(sha1(sha1_raw($p))),upstream,,,composite,,needs-review,,11200,proven,mysqlna,proven,MYSQLCRAM,proven,no,1,shared,,,,
netiq-sspr-pbkdf2withhmacsha1,NetIQ SSPR (PBKDF2WithHmacSHA1),,,absent,,NetIQ SSPR (PBKDF2WithHmacSHA1),application,,ok,,32050,proven,PBKDF2-HMAC-SHA1 PBKDF2-HMAC-SHA1-opencl,proven,,unknown,no,1,shared,,,,
netiq-sspr-pbkdf2withhmacsha256,NetIQ SSPR (PBKDF2WithHmacSHA256),,,absent,,NetIQ SSPR (PBKDF2WithHmacSHA256),application,,ok,,32060,proven,PBKDF2-HMAC-SHA256 PBKDF2-HMAC-SHA256-opencl,proven,,unknown,no,1,shared,,,,
netiq-sspr-pbkdf2withhmacsha512,NetIQ SSPR (PBKDF2WithHmacSHA512),,,absent,,NetIQ SSPR (PBKDF2WithHmacSHA512),application,,ok,,32070,proven,PBKDF2-HMAC-SHA512 PBKDF2-HMAC-SHA512-opencl,proven,,unknown,no,1,shared,,,,
netiq-sspr-sha-256-with-salt,NetIQ SSPR (SHA-256 with Salt),,,absent,,NetIQ SSPR (SHA-256 with Salt),application,,ok,,32030,proven,sspr sspr-opencl,proven,,unknown,no,1,shared,,,,
netiq-sspr-sha-512-with-salt,NetIQ SSPR (SHA-512 with Salt),,,absent,,NetIQ SSPR (SHA-512 with Salt),application,,ok,,32040,proven,sspr sspr-opencl,proven,,unknown,no,1,shared,,,,
netntlmv1,NETNTLMV1,,,absent,,"des_block(md4(utf16le(pass)), challenge)",protocol,,ok,,5500,proven,,unknown,NETNTLMV1,proven,no,1,shared,,,,
netntlmv1-netntlmv1-ess-nt,NetNTLMv1 / NetNTLMv1+ESS (NT),,,absent,,NetNTLMv1 / NetNTLMv1+ESS (NT),protocol,,ok,,27000,proven,,unknown,,unknown,no,1,unknown,,,,
netntlmv2,NETNTLMV2,,,absent,,"hmac_md5(md4(utf16le(pass)), challenge)",protocol,,needs-review,,5600,proven,netlmv2 netntlmv2 ntlmv2-opencl,claimed,NETNTLMV2,proven,no,4,shared,,,,"john reads BOTH tools' NTLMv2 serializations: measured 2026-09-01, netntlmv2 and ntlmv2-opencl load and crack this entry's hashcat-form vectors (USER::DOMAIN:challenge:response:blob) unchanged. An earlier run of this session reported ""No password hashes loaded"" and three re-serialized vectors were briefly added on that basis; the cause was a --field-separator-char=tab passed by the probing tool, which governs how john splits LOGIN from HASH when READING a file, so a tab made john treat each whole line as one login. The vectors were withdrawn and the tool fixed. Kerberos AS-REP is NOT like this: john genuinely cannot read hashcat's $krb5asrep$ field order, which is why those rows do carry a transcoded vector. Two reasons this block is still tier asserted, neither of which is doubt about NETNTLMv2 itself. (1) It names netlmv2, a DIFFERENT computation, and a block carries one tier for every identifier in it; netlmv2 recovers none of these vectors, and the fourth vector (aTest:::...:A1E7281FE8C10E53, an 8-byte blob far short of an NTLMv2 one) looks like the NETLMv2 one. That is a row holding two computations, which CLAUDE.md forbids, and splitting it is curation. (2) verify-vectors.pl cannot check this format at all: it writes a synthetic login and a TAB before each hash, which is right for a hash that is only a digest and wrong here, because a NETNTLMv2 ciphertext EMBEDS its own login (USER::DOMAIN:...) and john will not parse it once that field has been displaced. Measured 2026-09-01: the same vectors load and crack under netntlmv2 and ntlmv2-opencl when handed to john natively, 3 of 4, and verify-vectors.pl reports 0 of 4 for all three identifiers."
netntlmv2-nt,NetNTLMv2 (NT),,,absent,,NetNTLMv2 (NT),protocol,,ok,,27100,proven,,unknown,,unknown,no,1,unknown,,,,
netscaler,NETSCALER,,"sha1($s.$p.$c1),c1=\x00",upstream,,,application,,ok,,8100,proven,Citrix_NS10,proven,NETSCALER,proven,no,1,shared,,,,
netscaler-pbkdf2,NETSCALER-PBKDF2,,,absent,,"pbkdf2_sha256(pass, salt, N, 32)",application,,ok,,33900,proven,,unknown,NETSCALER-PBKDF2,proven,no,1,shared,,,,
netscaler-sha512,NETSCALER-SHA512,,"sha512($s.$p.$c1),c1=\x00",upstream,,,application,,ok,,22200,proven,,unknown,NETSCALER-SHA512,proven,no,1,shared,,,,
netscape-ldap,netscape LDAP,,"$c1.base64(sha1_raw($p)),c1={SHA}",upstream,,,application,,ok,,101,proven,Raw-SHA1 raw-SHA1-opencl,proven,APACHE-SHA,proven,no,2,shared,,,NSLDAP,
netscreen,Netscreen,,,absent,,Netscreen,,,ok,,,unknown,md5ns,proven,,unknown,no,1,unknown,,,,
netwitness,NETWITNESS,,,,,,application,,ok,,20712,proven,,unknown,NETWITNESS,proven,no,1,shared,,,,
nokia-operator-unlock,Nokia operator unlock,,,absent,,Nokia operator unlock,,,ok,,,unknown,SL3 SL3-opencl,proven,,unknown,no,1,unknown,,,,
nsec3,NSEC3,,,absent,,sha1^N(pass . salt),application,,ok,,8300,proven,,unknown,NSEC3,proven,no,2,shared,,,,
ntlmh,NTLMH,,md4(utf16($p)),vector,dynamic=md4(utf16($p)),,application,,ok,,1000,proven,NT NT-long dynamic_33 NT-long-opencl NT-opencl,proven,NTLMH,proven,no,1,shared,,same as md4-utf16-le-utf-8-plain (naming); same as md4-utf16-plain (naming),,
ntlmv1-c-r-johnnetntlm-naive,NTLMv1 C/R,,,absent,,NTLMv1 C/R,,,needs-review,,,unknown,netntlm-naive,claimed,,unknown,no,0,unknown,,,,
ntlmv1-c-r,NTLMv1 C/R,,,absent,,NTLMv1 C/R,,,ok,,,unknown,netntlm,proven,,unknown,no,1,unknown,,,,
nuked-klan-cms,Nuked-Klan CMS,,,absent,,Nuked-Klan CMS,,,ok,,,unknown,nk,proven,,unknown,no,1,unknown,,,,
open-document-format-odf-1-1-sha-1-blowfish,"Open Document Format (ODF) 1.1 (SHA-1, Blowfish)",,,absent,,"Open Document Format (ODF) 1.1 (SHA-1, Blowfish)",application,,ok,,18600,proven,ODF ODF-opencl,proven,,unknown,no,1,shared,,,,
open-document-format-odf-1-2-sha-256-aes,"Open Document Format (ODF) 1.2 (SHA-256, AES)",,,absent,,"Open Document Format (ODF) 1.2 (SHA-256, AES)",application,,ok,,18400,proven,ODF ODF-opencl,proven,,unknown,no,1,shared,,,,
openbsd-softraid,OpenBSD-SoftRAID,,,absent,,OpenBSD-SoftRAID,,,needs-review,,,unknown,OpenBSD-SoftRAID,claimed,,unknown,no,0,unknown,,,,
openssl-enc-encryption,"OpenSSL ""enc"" encryption",,,absent,,"OpenSSL ""enc"" encryption",,,ok,,,unknown,openssl-enc,proven,,unknown,no,1,unknown,,,,
oracle-10,Oracle 10,,,absent,,Oracle 10,,,ok,,,unknown,oracle,proven,,unknown,no,1,unknown,,,,
oracle-10g-logon-protocol,Oracle 10g-logon protocol,,,absent,,Oracle 10g-logon protocol,,,ok,,,unknown,o10glogon,proven,,unknown,no,1,unknown,,,,
oracle-11g,Oracle 11g,,,absent,,Oracle 11g,,,ok,,,unknown,oracle11,proven,,unknown,no,1,unknown,,,,
oracle-o3logon-protocol,Oracle O3LOGON protocol,,,absent,,Oracle O3LOGON protocol,,,ok,,,unknown,o3logon,proven,,unknown,no,1,unknown,,,,
oracle-o5logon-protocol,Oracle O5LOGON protocol,,,absent,,Oracle O5LOGON protocol,,,ok,,,unknown,o5logon,proven,,unknown,no,1,unknown,,,,
oracle12,ORACLE12,,,absent,,"pbkdf2_sha512(pass, salt, 4096, 64)",,,ok,,12300,proven,,unknown,ORACLE12,proven,no,1,shared,,,,
oracle12c,Oracle12C,,,absent,,Oracle12C,,,ok,,,unknown,Oracle12C,proven,,unknown,no,1,unknown,,,,
oracle7,ORACLE7,,,absent,,"upper(oracle7(pass, salt))",,,ok,,3100,proven,,unknown,ORACLE7,proven,no,1,shared,,,,
oscommerce-xt-commerce,"osCommerce, xt:Commerce",,md5($s.$p),vector,dynamic=md5($s.$p),,application,osCommerce / xt:Commerce,needs-review,,21,proven,dynamic_1009 dynamic_1017 dynamic_2004 dynamic_4 osc,claimed,MD5SALTPASS,proven,no,2,shared,,same as md5-salt-pass (application); same as solarwinds-serv-u (application),"OSCOMMERCE; osCommerce, xt:Commerce",
ospf-is-is,OSPF / IS-IS,,,absent,,OSPF / IS-IS,,,ok,,,unknown,ospf,proven,,unknown,no,1,unknown,,,,
otm-sha256,OTM-SHA256,,,,,,application,,ok,,20600,proven,,unknown,OTM-SHA256,proven,no,1,shared,,,,
oubliette-blowfish,Oubliette Blowfish,,,absent,,Oubliette Blowfish,,,ok,,,unknown,Oubliette-Blowfish,proven,,unknown,no,1,unknown,,,,
oubliette-idea,Oubliette IDEA,,,absent,,Oubliette IDEA,,,ok,,,unknown,Oubliette-IDEA,proven,,unknown,no,1,unknown,,,,
padlock,Padlock,,,absent,,Padlock,,,ok,,,unknown,Padlock,proven,,unknown,no,1,unknown,,,,
panama-johnpanama,Panama,,panama($p),vector,dynamic=panama($p),,primitive,,ok,,,no,Panama dynamic_320,proven,PANAMA,proven,no,2,shared,,duplicate of panama,PANAMA,
panama-x2,PANAMA (2 iterations),,panama(panama($p)),vector,dynamic=panama(panama($p)),,iterated,,ok,,,unknown,dynamic_323,proven,PANAMA -i2,proven,no,1,shared,,,,
parallel,PARALLEL,,,,,,,,needs-review,,,no,,unknown,PARALLEL,claimed,no,0,unknown,,,,
password-manager,Password Manager,,,absent,,Password Manager,,,needs-review,,,unknown,STRIP,claimed,,unknown,no,0,unknown,,,,
password-safe,Password Safe,,,absent,,Password Safe,,,ok,,,unknown,pwsafe pwsafe-opencl,proven,,unknown,no,1,unknown,,,,
password-safe-v2,Password Safe v2,,,absent,,Password Safe v2,application,,needs-review,,9000,claimed,,unknown,,unknown,no,1,unknown,,,,
pbkdf1-sha1,PBKDF1-SHA1,,,absent,,"pbkdf1_sha1(pass, salt, iter)",kdf,,ok,,32900,proven,,unknown,PBKDF1-SHA1,proven,no,1,shared,,,,
pbkdf2-hmac-md4,PBKDF2-HMAC-MD4,,,absent,,PBKDF2-HMAC-MD4,,,ok,,,unknown,PBKDF2-HMAC-MD4 PBKDF2-HMAC-MD4-opencl,proven,,unknown,no,1,unknown,,,,
pbkdf2-hmac-md5,PBKDF2-HMAC-MD5,,,absent,,PBKDF2-HMAC-MD5,,,ok,,,unknown,PBKDF2-HMAC-MD5 PBKDF2-HMAC-MD5-opencl,proven,,unknown,no,1,unknown,,,,
pbkdf2-hmac-sha1,PBKDF2-HMAC-SHA1,,,absent,,PBKDF2-HMAC-SHA1,kdf,,ok,,12000,proven,,unknown,,unknown,no,1,unknown,,,,
pbkdf2-hmac-sha256,PBKDF2-HMAC-SHA256,,,absent,,PBKDF2-HMAC-SHA256,kdf,,ok,,10900,proven,,unknown,,unknown,no,1,unknown,,,,
pbkdf2-hmac-sha512,PBKDF2-HMAC-SHA512,,,absent,,PBKDF2-HMAC-SHA512,kdf,,ok,,12100,proven,,unknown,,unknown,no,1,unknown,,,,
pbkdf2-md5-plain,pbkdf2-md5($plain),,,absent,,"pbkdf2_md5(pass, salt, N, 32)",kdf,,ok,,11900,proven,,unknown,PBKDF2-MD5,proven,no,1,shared,,,PBKDF2,
pbkdf2-sha1-plain,pbkdf2-sha1($plain),,,absent,,"pbkdf2_sha1(pass, salt, N, 20)",application,,ok,,20400,proven,,unknown,PBKDF2-SHA1,proven,no,2,divergent,,,PBKDF2,
pbkdf2-sha256-plain,pbkdf2-sha256($plain),,,absent,,"pbkdf2_sha256(pass, salt, N, 32)",application,,ok,,10000,proven,,unknown,PBKDF2-SHA256,proven,no,2,shared,,,PBKDF2,
pbkdf2-sha512-plain,pbkdf2-sha512($plain),,,absent,,"pbkdf2_sha512(pass, salt, N, 64)",application,,ok,,20200,proven,PBKDF2-HMAC-SHA512 PBKDF2-HMAC-SHA512-opencl,proven,PBKDF2-SHA512,proven,no,3,divergent,,,PBKDF2,
pdf-1-1-1-3-acrobat-2-4,PDF 1.1 - 1.3 (Acrobat 2 - 4),,,absent,,PDF 1.1 - 1.3 (Acrobat 2 - 4),application,,ok,,10400,proven,PDF pdf-opencl,proven,,unknown,no,1,shared,,,,
pdf-1-1-1-3-acrobat-2-4-collider-1,"PDF 1.1 - 1.3 (Acrobat 2 - 4), collider #1",,,absent,,"PDF 1.1 - 1.3 (Acrobat 2 - 4), collider #1",application,,needs-review,,10410,proven,,unknown,,unknown,no,1,unknown,,,,
pdf-1-1-1-3-acrobat-2-4-collider-2,"PDF 1.1 - 1.3 (Acrobat 2 - 4), collider #2",,,absent,,"PDF 1.1 - 1.3 (Acrobat 2 - 4), collider #2",application,,ok,,10420,proven,,unknown,,unknown,no,1,unknown,,,,
pdf-1-3-1-6-acrobat-4-8-w-rc4-40,PDF 1.3 - 1.6 (Acrobat 4 - 8) w/ RC4-40,,,absent,,PDF 1.3 - 1.6 (Acrobat 4 - 8) w/ RC4-40,application,,ok,,10510,proven,PDF pdf-opencl,proven,,unknown,no,1,shared,,,,
pdf-1-4-1-6-acrobat-5-8,PDF 1.4 - 1.6 (Acrobat 5 - 8),,,absent,,PDF 1.4 - 1.6 (Acrobat 5 - 8),application,,ok,,10500,proven,PDF pdf-opencl,proven,,unknown,no,1,shared,,,,
pdf-1-4-1-6-acrobat-5-8-user-and-owner-pass,PDF 1.4 - 1.6 (Acrobat 5 - 8) - user and owner pass,,,absent,,PDF 1.4 - 1.6 (Acrobat 5 - 8) - user and owner pass,application,,needs-review,,25400,proven,,unknown,,unknown,no,1,unknown,,,,
pdf-1-7-level-3-acrobat-9,PDF 1.7 Level 3 (Acrobat 9),,,absent,,PDF 1.7 Level 3 (Acrobat 9),application,,ok,,10600,proven,PDF pdf-opencl,proven,,unknown,no,1,shared,,,,
pdf-1-7-level-8-acrobat-10-11,PDF 1.7 Level 8 (Acrobat 10 - 11),,,absent,,PDF 1.7 Level 8 (Acrobat 10 - 11),application,,ok,,10700,proven,PDF pdf-opencl,proven,,unknown,no,1,shared,,,,
peoplesoft,PEOPLESOFT,,base64(sha1_raw(utf16le($p))),upstream,dynamic=sha1_64(utf16($p)),,application,,needs-review,,133,proven,,unknown,PEOPLESOFT,proven,no,1,shared,,,,
perl-mojolicious-session-cookie-hmac-sha256-ge-v9-19,"Perl Mojolicious session cookie (HMAC-SHA256, >= v9.19)",,,absent,,"Perl Mojolicious session cookie (HMAC-SHA256, >= v9.19)",application,,ok,,16501,proven,,unknown,,unknown,no,1,unknown,,,,
pgp-disk-virtual-disk,PGP Disk / Virtual Disk,,,absent,,PGP Disk / Virtual Disk,,,ok,,,unknown,pgpdisk pgpdisk-opencl,proven,,unknown,no,1,unknown,,,,
pgp-self-decrypting-archive,PGP Self Decrypting Archive,,,absent,,PGP Self Decrypting Archive,,,ok,,,unknown,pgpsda pgpsda-opencl,proven,,unknown,no,1,unknown,,,,
pgp-whole-disk-encryption,PGP Whole Disk Encryption,,,absent,,PGP Whole Disk Encryption,,,ok,,,unknown,pgpwde pgpwde-opencl,proven,,unknown,no,1,unknown,,,,
phpass,phpass,,,,,,kdf,,ok,,400,proven,phpass phpass-opencl,proven,PHPBB3,proven,no,1,shared,,,WORDPRESS / PHPBB3; n/a,(depending on the signature)
phpass-md5-pass,phpass(md5($pass)),,,,,,kdf,,ok,,35700,proven,,unknown,,unknown,no,1,unknown,,,,
phpbb3md5,PHPBB3MD5,,,,,,kdf,,ok,,35700,proven,,unknown,PHPBB3MD5,proven,no,1,shared,,,,
phps,PHPS,,,,,,,,ok,,2612,proven,PHPS PHPS2,proven,PHPS,proven,no,2,shared,,,,
pkcs-8-private-keys-pbkdf2-hmac-sha1-3des-aes,PKCS#8 Private Keys (PBKDF2-HMAC-SHA1 + 3DES/AES),,,absent,,PKCS#8 Private Keys (PBKDF2-HMAC-SHA1 + 3DES/AES),application,,ok,,24410,proven,PEM pem-opencl,proven,,unknown,no,1,shared,,,,
pkcs-8-private-keys-pbkdf2-hmac-sha256-3des-aes,PKCS#8 Private Keys (PBKDF2-HMAC-SHA256 + 3DES/AES),,,absent,,PKCS#8 Private Keys (PBKDF2-HMAC-SHA256 + 3DES/AES),application,,ok,,24420,proven,,unknown,,unknown,no,1,unknown,,,,
pkcs5s2,PKCS5S2,,,absent,,"pbkdf2_sha1(pass, salt, N, 20)",application,,ok,,12001,proven,PBKDF2-HMAC-SHA1 PBKDF2-HMAC-SHA1-opencl,proven,PKCS5S2,proven,no,1,shared,,,,
pkzip-compressed-multi-file,PKZIP (Compressed Multi-File),,,absent,,PKZIP (Compressed Multi-File),application,,ok,,17220,proven,PKZIP,proven,,unknown,no,1,shared,,,,
pkzip-compressed,PKZIP (Compressed),,,absent,,PKZIP (Compressed),application,,ok,,17200,proven,PKZIP,proven,,unknown,no,1,shared,,,,
pkzip-mixed-multi-file-checksum-only,PKZIP (Mixed Multi-File Checksum-Only),,,absent,,PKZIP (Mixed Multi-File Checksum-Only),application,,ok,,17230,proven,PKZIP,proven,,unknown,no,1,shared,,,,
pkzip-mixed-multi-file,PKZIP (Mixed Multi-File),,,absent,,PKZIP (Mixed Multi-File),application,,ok,,17225,proven,PKZIP,proven,,unknown,no,1,shared,,,,
pkzip-uncompressed,PKZIP (Uncompressed),,,absent,,PKZIP (Uncompressed),application,,ok,,17210,proven,PKZIP,proven,,unknown,no,1,shared,,,,
pkzip-master-key,PKZIP Master Key,,,absent,,PKZIP Master Key,application,,ok,,20500,proven,,unknown,,unknown,no,1,unknown,,,,
pkzip-master-key-6-byte-optimization,PKZIP Master Key (6 byte optimization),,,absent,,PKZIP Master Key (6 byte optimization),application,,needs-review,,20510,proven,,unknown,,unknown,no,1,unknown,,,,
plaintext,plaintext,null($plain),,,,,encoding,,needs-review,,99999,proven,plaintext,claimed,NULL,proven,no,2,divergent,,,PLAIN; n/a,
pomelo-plain,pomelo($plain),,,absent,,pomelo($plain),,,ok,,,no,,unknown,POMELO,proven,no,1,unknown,,,,
post-office,Post.Office,,,absent,,Post.Office,,,ok,,,unknown,po,proven,,unknown,no,1,unknown,,,,
postgrescram,POSTGRESCRAM,,,,,,,,ok,,11100,proven,postgres,proven,POSTGRESCRAM,proven,no,1,shared,,,,
postgresql,POSTGRESQL,,,,,,,,ok,,12,proven,dynamic_1013,proven,POSTGRESQL,proven,no,2,shared,,,,
postgresscram256,POSTGRESSCRAM256,,,absent,,"pbkdf2_sha256(pass, salt, 4096, 32)",,,ok,,28600,proven,,unknown,POSTGRESSCRAM256,proven,no,2,divergent,,,,
prestashop,PrestaShop,,,absent,,PrestaShop,application,,ok,,11000,proven,dynamic_1017 dynamic_2004,proven,MD5SALTPASS,proven,no,1,shared,,,,
prim-x-zed-encrypted-archives,Prim'X Zed! encrypted archives,,,absent,,Prim'X Zed! encrypted archives,,,ok,,,unknown,zed zed-opencl,proven,,unknown,no,1,unknown,,,,
private-key-rsa-dsa-ecdsa-ed25519,Private Key (RSA/DSA/ECDSA/ED25519),,,absent,,Private Key (RSA/DSA/ECDSA/ED25519),,,needs-review,,,unknown,PuTTY,claimed,,unknown,no,0,unknown,,,,
progressencode-plain,progressencode($plain),,,absent,,progressencode($plain),application,,needs-review,,26200,proven,,unknown,PROGRESSENCODE,claimed,no,1,unknown,,,not supported,
ps-token,PS-TOKEN,,sha1(fromhex($s).utf16($p)),upstream,,,application,,needs-review,,13500,proven,,unknown,PS-TOKEN,proven,no,2,shared,,,,
psk,PSK,,,absent,,PSK,,,ok,,,unknown,IKE,proven,,unknown,no,1,unknown,,,,
punbb,PunBB,,,absent,,PunBB,application,,ok,,4522,proven,,unknown,,unknown,no,1,unknown,,,,
purdy,Purdy,,,absent,,Purdy,,,ok,,,unknown,OpenVMS,proven,,unknown,no,1,unknown,,,,
pwsafe3,PWSAFE3,,,absent,,sha256^N(pass . salt),application,,needs-review,,5200,claimed,,unknown,PWSAFE3,proven,no,1,unknown,,,,
python-passlib-pbkdf2-sha256,Python passlib pbkdf2-sha256,,,absent,,Python passlib pbkdf2-sha256,application,,ok,,20300,proven,PBKDF2-HMAC-SHA256 PBKDF2-HMAC-SHA256-opencl,proven,,unknown,no,1,shared,,,,
qnx-md5,QNX-MD5,,,absent,,"md5crypt(pass, salt)",application,,ok,,19000,proven,qnx,proven,QNX-MD5,proven,no,2,divergent,,,,
qnx-sha256,QNX-SHA256,,,absent,,"sha256crypt(pass, salt, rounds)",application,,ok,,19100,proven,qnx,proven,QNX-SHA256,proven,no,2,divergent,,,,
qnx-sha512,QNX-SHA512,,,absent,,"sha512crypt(pass, salt, rounds)",application,,ok,,19200,proven,qnx,proven,QNX-SHA512,proven,no,3,shared,,,,
qnx7-sha512,QNX7-SHA512,,,absent,,"sha512crypt(pass, salt, rounds)",application,,needs-review,,19210,claimed,,unknown,QNX7-SHA512,proven,no,2,unknown,,,,
racf,RACF,,,absent,,"""$racf$*"" . user . ""*"" . upper(racf_encrypt(pass, user))",application,,needs-review,,8500,proven,RACF,proven,RACF,claimed,no,2,shared,,,,
racf-kdfaes-johnracf-kdfaes,RACF-KDFAES,,,absent,,RACF-KDFAES,,,ok,,,unknown,RACF-KDFAES,proven,,unknown,no,1,unknown,,,,
racf-kdfaes,RACF-KDFAES,,,,,,application,,ok,,14200,proven,,unknown,RACF-KDFAES,proven,no,1,shared,,,,
radiogatun32,RADIOGATUN32,,,absent,,radiogatun32(pass),,,ok,,,no,,unknown,RADIOGATUN32,proven,no,1,unknown,,,RADIOGATUN32,
radiogatun64,RADIOGATUN64,,,absent,,radiogatun64(pass),,,ok,,,no,,unknown,RADIOGATUN64,proven,no,1,unknown,,,RADIOGATUN64,
radius-authentication,RADIUS authentication,,,absent,,RADIUS authentication,,,ok,,,unknown,radius,proven,,unknown,no,1,unknown,,,,
radmin,Radmin,,"md5(pad($p,100))",vector,dynamic=md5(pad100($p)),,application,,needs-review,,9900,proven,RAdmin dynamic_1010,claimed,RADMIN2,proven,no,1,shared,,,RADMIN2; Radmin,
radmin2-base64-encode-plain,radmin2(base64_encode($plain)),,"md5(pad(base64($p),100))",upstream,,,composite,,needs-review,,,no,,unknown,RADMIN2BASE64,proven,no,1,unknown,,,RADMIN2BASE64,
radmin2-md5-plain,radmin2(md5($plain)),,"md5(pad(md5($p),100))",upstream,,,composite,,needs-review,,,no,,unknown,RADMIN2MD5,proven,no,1,unknown,,,RADMIN2MD5,
radmin2-md5-md5-plain,radmin2(md5(md5($plain))),,"md5(pad(md5(md5($p)),100))",upstream,,,composite,,needs-review,,,no,,unknown,RADMIN2MD5MD5,proven,no,1,unknown,,,RADMIN2MD5X2,
radmin2-md5-md5-md5-plain,radmin2(md5(md5(md5($plain)))),,"md5(pad(md5(md5(md5($p))),100))",upstream,,,composite,,needs-review,,,no,,unknown,RADMIN2MD5MD5MD5,proven,no,1,unknown,,,RADMIN2MD5X3,
radmin2-md5-sha1-plain,radmin2(md5(sha1($plain))),,"md5(pad(md5(sha1($p)),100))",upstream,,,composite,,needs-review,,,no,,unknown,RADMIN2MD5SHA1,proven,no,1,unknown,,,RADMIN2MD5SHA1,
radmin2-mysql3-plain,radmin2(mysql3($plain)),,,absent,,radmin2(mysql3($plain)),,,ok,,,no,,unknown,RADMIN2SQL3,proven,no,1,unknown,,,RADMIN2MYSQL3,
radmin2-sha1-plain,radmin2(sha1($plain)),,"md5(pad(sha1($p),100))",upstream,,,composite,,needs-review,,,no,,unknown,RADMIN2SHA1,proven,no,1,unknown,,,RADMIN2SHA1,
radmin2-sha1-md5-plain,radmin2(sha1(md5($plain))),,"md5(pad(sha1(md5($p)),100))",upstream,,,composite,,needs-review,,,no,,unknown,RADMIN2SHA1MD5,proven,no,1,unknown,,,RADMIN2SHA1MD5,
radmin2-strtoupper-md5-plain,radmin2(strtoupper(md5($plain))),,"md5(pad(upper(md5($p)),100))",upstream,,,composite,,needs-review,,,no,,unknown,RADMIN2MD5UC,proven,no,1,unknown,,,RADMIN2UCMD5,
radmin2-strtoupper-sha1-sha1-plain-true,"radmin2(strtoupper(sha1(sha1($plain, true))))",,"md5(pad(upper(sha1(sha1_raw($p))),100))",upstream,,,composite,,needs-review,,,no,,unknown,RADMIN2SQL5-40,proven,no,1,unknown,,,RADMIN2UCSHA1RAWSHA1,
radmin3,Radmin3,,,absent,,Radmin3,application,,ok,,29200,proven,,unknown,,unknown,no,1,unknown,,,,
rails-restful,RAILS-RESTFUL,,,,,,application,,ok,,19500,proven,,unknown,RAILS-RESTFUL,proven,no,1,shared,,,,
rar3-hp,RAR3-hp,,,absent,,RAR3-hp,application,,ok,,12500,proven,rar rar-opencl,proven,,unknown,no,1,shared,,,,
rar3-p-compressed,RAR3-p (Compressed),,,absent,,RAR3-p (Compressed),application,,ok,,23800,proven,rar rar-opencl,proven,,unknown,no,1,shared,,,,
rar3-p-uncompressed,RAR3-p (Uncompressed),,,absent,,RAR3-p (Uncompressed),application,,ok,,23700,proven,rar rar-opencl,proven,,unknown,no,1,shared,,,,
rar5,RAR5,,,absent,,RAR5,application,,ok,,13000,proven,RAR5 RAR5-opencl,proven,,unknown,no,1,shared,,,,
raw-keccak,Raw-Keccak,,,absent,,Raw-Keccak,,,needs-review,,,unknown,Raw-Keccak,claimed,,unknown,no,0,unknown,,,,
raw-md5u,Raw-MD5u,,,absent,,Raw-MD5u,,,ok,,70,proven,Raw-MD5u,proven,MD5UTF16LE,proven,no,1,shared,,,,
raw-sha1-axcrypt,Raw-SHA1-AxCrypt,,,absent,,Raw-SHA1-AxCrypt,,,ok,,,unknown,Raw-SHA1-AxCrypt,proven,,unknown,no,1,unknown,,,,
raw-sha224,Raw-SHA224,SHA224,sha224($p),vector,dynamic=sha224($p),,primitive,,ok,,1300,proven,Raw-SHA224 dynamic_50,proven,SHA224 SHA224RAW,proven,no,2,shared,,duplicate of sha224,SHA224; n/a,
raw-sha3,Raw-SHA3,,,absent,,Raw-SHA3,,,needs-review,,,unknown,Raw-SHA3,claimed,,unknown,no,0,unknown,,,,
raw-sha384,Raw-SHA384,sha384,sha384($p),vector,dynamic=sha384($p),,primitive,,ok,,10800,proven,Raw-SHA384 dynamic_70,proven,SHA384 SHA384RAW,proven,no,2,shared,,duplicate of sha384,SHA384,
rc4-104-bit-dropn,RC4 104-bit DropN,,,absent,,RC4 104-bit DropN,primitive,,ok,,33502,proven,,unknown,,unknown,no,1,unknown,,,,
rc4-40-bit-dropn,RC4 40-bit DropN,,,absent,,RC4 40-bit DropN,primitive,,ok,,33500,proven,,unknown,,unknown,no,1,unknown,,,,
rc4-72-bit-dropn,RC4 72-bit DropN,,,absent,,RC4 72-bit DropN,primitive,,ok,,33501,proven,,unknown,,unknown,no,1,unknown,,,,
redhat389ds,REDHAT389DS,,,absent,,"pbkdf2_sha256(pass, salt, N, 32)",application,,ok,,10901,proven,,unknown,REDHAT389DS,proven,no,1,shared,,,,
redmine,Redmine,,,absent,,Redmine,application,,ok,,4521,proven,dynamic_1501,proven,,unknown,no,1,shared,,,,
restic-repository,Restic Repository,,,absent,,Restic Repository,,,needs-review,,,unknown,restic,claimed,,unknown,no,0,unknown,,,,
ripemd-128,RIPEMD 128,,,absent,,RIPEMD 128,,,needs-review,,,unknown,ripemd-128,claimed,,unknown,no,0,unknown,,,,
ripemd-160,RIPEMD 160,,,absent,,RIPEMD 160,,,needs-review,,,unknown,ripemd-160,claimed,,unknown,no,0,unknown,,,,
ripemd-plain,ripemd($plain),,,absent,,ripemd($plain),,,ok,,,no,,unknown,RIPEMD,proven,no,1,unknown,,,not supported,
ripemd128,ripemd128,,ripemd128($p),vector,dynamic=ripemd128($p),,primitive,,ok,,,no,dynamic_120,proven,RMD128,proven,no,1,shared,,,RIPEMD128,
ripemd128-md5-plain,ripemd128(md5($plain)),,ripemd128(md5($p)),vector,dynamic=ripemd128(md5($p)),,composite,,ok,,,no,,unknown,RMD128MD5,proven,no,1,unknown,,,RIPEMD128MD5,
ripemd128-md5-plain-plain,ripemd128(md5($plain).$plain),,ripemd128(md5($p).$p),vector,dynamic=ripemd128(md5($p).$p),,composite,,ok,,,no,,unknown,RMD128MD5PASS,proven,no,1,unknown,,,RIPEMD128(MD5(PLAIN)PLAIN),
ripemd128-md5-md5-plain,ripemd128(md5(md5($plain))),,ripemd128(md5(md5($p))),vector,dynamic=ripemd128(md5(md5($p))),,composite,,ok,,,no,,unknown,RMD128MD5MD5,proven,no,1,unknown,,,RIPEMD128MD5X2,
ripemd160,ripemd160,,ripemd160($p),vector,dynamic=ripemd160($p),,primitive,,ok,,6000,proven,dynamic_130,proven,RMD160,proven,no,1,shared,,,RIPEMD160,
ripemd160-md5-plain,ripemd160(md5($plain)),,ripemd160(md5($p)),vector,dynamic=ripemd160(md5($p)),,composite,,ok,,,no,,unknown,RMD160MD5,proven,no,1,unknown,,,RIPEMD160MD5,
ripemd160-md5-plain-plain,ripemd160(md5($plain).$plain),,ripemd160(md5($p).$p),vector,dynamic=ripemd160(md5($p).$p),,composite,,ok,,,no,,unknown,RMD160MD5PASS,proven,no,1,unknown,,,RIPEMD160(MD5(PLAIN)PLAIN),
ripemd256,ripemd256,,ripemd256($p),vector,dynamic=ripemd256($p),,primitive,,ok,,,no,dynamic_140,proven,,unknown,no,1,unknown,,,RIPEMD256,
rmd320,ripemd320,RMD320; RIPEMD-320,ripemd320($p),vector,dynamic=ripemd320($p),,primitive,,ok,,33600,proven,dynamic_150,proven,RMD320,proven,no,2,shared,,duplicate of ripemd320,RIPEMD320,
rmd128-x2,RMD128 (2 iterations),,ripemd128(ripemd128($p)),vector,dynamic=ripemd128(ripemd128($p)),,iterated,,ok,,,unknown,dynamic_123,proven,RMD128 -i2,proven,no,1,shared,,,,
rmd128md4,RMD128MD4,,ripemd128(md4($p)),vector,dynamic=ripemd128(md4($p)),,composite,,ok,,,no,,unknown,RMD128MD4,proven,no,1,unknown,,,,
rmd160-x2,RMD160 (2 iterations),,ripemd160(ripemd160($p)),vector,dynamic=ripemd160(ripemd160($p)),,iterated,,ok,,,unknown,dynamic_133,proven,RMD160 -i2,proven,no,1,shared,,,,
rmd320-x2,RMD320 (2 iterations),,ripemd320(ripemd320($p)),vector,dynamic=ripemd320(ripemd320($p)),,iterated,,ok,,,unknown,dynamic_153,proven,RMD320 -i2,proven,no,1,shared,,,,
rorails-sha1,RORAILS-SHA1,,"sha1($c1.$s.$c1.$p.$c1),c1=--",upstream,,,application,,ok,,27200,proven,,unknown,RORAILS-SHA1,proven,no,1,shared,,,,
rsa-dsa-ec-openssh-private-keys-0,RSA/DSA/EC/OpenSSH Private Keys ($0$),,,absent,,RSA/DSA/EC/OpenSSH Private Keys ($0$),application,,ok,,22911,proven,SSH ssh-opencl,proven,,unknown,no,1,shared,,,,
rsa-dsa-ec-openssh-private-keys-1-3,"RSA/DSA/EC/OpenSSH Private Keys ($1, $3$)",,,absent,,"RSA/DSA/EC/OpenSSH Private Keys ($1, $3$)",application,,ok,,22931,proven,SSH ssh-opencl,proven,,unknown,no,1,shared,,,,
rsa-dsa-ec-openssh-private-keys-4,RSA/DSA/EC/OpenSSH Private Keys ($4$),,,absent,,RSA/DSA/EC/OpenSSH Private Keys ($4$),application,,ok,,22941,proven,SSH ssh-opencl,proven,,unknown,no,1,shared,,,,
rsa-dsa-ec-openssh-private-keys-5,RSA/DSA/EC/OpenSSH Private Keys ($5$),,,absent,,RSA/DSA/EC/OpenSSH Private Keys ($5$),application,,ok,,22951,proven,SSH ssh-opencl,proven,,unknown,no,1,shared,,,,
rsa-dsa-ec-openssh-private-keys-6,RSA/DSA/EC/OpenSSH Private Keys ($6$),,,absent,,RSA/DSA/EC/OpenSSH Private Keys ($6$),application,,ok,,22921,proven,SSH ssh-opencl,proven,,unknown,no,1,shared,,,,
rvary,RVARY,,,absent,,RVARY,,,ok,,,unknown,RVARY,proven,,unknown,no,1,unknown,,,,
s-key,S/Key,,,absent,,S/Key,,,ok,,,unknown,skey,proven,,unknown,no,1,unknown,,,,
salted,salted,,,absent,,salted,,,ok,,,unknown,Iterated-SHA1 Iterated-SHA1-opencl,proven,,unknown,no,1,unknown,,,,
samsungsha1,SAMSUNGSHA1,,,,,,application,,ok,,5800,proven,,unknown,SAMSUNGSHA1,proven,no,1,shared,,,,
sap-pse,SAP PSE,,,absent,,SAP PSE,,,ok,,,unknown,sappse sappse-opencl,proven,,unknown,no,1,unknown,,,,
sap-bcode,SAP-BCODE,,,absent,,"upper(sap_bcode(pass, salt))",application,,ok,,7700,proven,sapb,proven,SAP-BCODE,proven,no,3,shared,,,,
sap-bcode4,SAP-BCODE4,,,absent,,"cut(upper(sap_bcode(pass, salt)), 0, 8) . ""00000000""",application,,ok,,7701,proven,,unknown,SAP-BCODE4,proven,no,2,shared,,,,
sap-passcode,SAP-PASSCODE,,,,,,application,,ok,,7800,proven,sapg,proven,SAP-PASSCODE,proven,no,2,divergent,,,,
sap-passcode5,SAP-PASSCODE5,,,,,,application,,ok,,7801,proven,,unknown,SAP-PASSCODE5,proven,no,2,divergent,,,,
sapcodvnh,SAPCODVNH,,,,,,application,,ok,,10300,proven,saph,proven,SAPCODVNH,proven,no,1,shared,,,,
sapcodvnh512,SAPCODVNH512,,,absent,,"pbkdf2_sha512(pass, salt, N, 64)",application,,ok,,35000,proven,saph,proven,SAPCODVNH512,proven,no,1,shared,,,,
scram-pbkdf2-sha1-mongodb,SCRAM-PBKDF2-SHA1-MongoDB,,,absent,,SCRAM-PBKDF2-SHA1-MongoDB,,,ok,,,unknown,SCRAM-PBKDF2-SHA1-MongoDB,proven,,unknown,no,1,unknown,,,,
scram-pbkdf2-sha256,SCRAM-PBKDF2-SHA256,,,absent,,SCRAM-PBKDF2-SHA256,,,ok,,,unknown,SCRAM-PBKDF2-SHA256,proven,,unknown,no,1,unknown,,,,
scrypt,SCRYPT,,,absent,,"scrypt(pass, salt, N, r, p)",kdf,,ok,,8900,proven,scrypt,proven,SCRYPT,proven,no,2,divergent,,,,
scrypt-bridged-scrypt-jane-smix,scrypt [Bridged: Scrypt-Jane SMix],,,absent,,scrypt [Bridged: Scrypt-Jane SMix],kdf,,ok,,70100,proven,,unknown,,unknown,no,1,unknown,,,,
scrypt-bridged-scrypt-yescrypt,scrypt [Bridged: Scrypt-Yescrypt],,,absent,,scrypt [Bridged: Scrypt-Yescrypt],kdf,,ok,,70200,proven,,unknown,,unknown,no,1,unknown,,,,
scryptcrypt-scrypt-unix,"scryptcrypt, scrypt (Unix)",,,absent,,"scryptcrypt, scrypt (Unix)",application,,ok,,36300,proven,scrypt,proven,,unknown,no,1,shared,,,,
securecrt-masterpassphrase-v2,SecureCRT MasterPassphrase v2,,,absent,,SecureCRT MasterPassphrase v2,application,,ok,,31400,proven,,unknown,,unknown,no,1,unknown,,,,
securezip-aes-128,SecureZIP AES-128,,,absent,,SecureZIP AES-128,application,,ok,,23001,proven,securezip,proven,,unknown,no,1,shared,,,,
securezip-aes-192,SecureZIP AES-192,,,absent,,SecureZIP AES-192,application,,ok,,23002,proven,securezip,proven,,unknown,no,1,shared,,,,
securezip-aes-256,SecureZIP AES-256,,,absent,,SecureZIP AES-256,application,,ok,,23003,proven,securezip,proven,,unknown,no,1,shared,,,,
sha0,SHA0,,sha0($p),upstream,,,primitive,,needs-review,,,unknown,,unknown,SHA0,proven,no,1,unknown,,,,
sha1-mysql5-plain,"sha1(""*"".mysql5($plain))",,,absent,,"sha1(""*"".mysql5($plain))",,,ok,,,no,,unknown,SHA1SQL5,proven,no,1,unknown,,,SHA1MYSQL5TOT,
sha1-pass-salt,sha1($pass.$salt),,sha1($p.$s),vector,dynamic=sha1($p.$s),,composite,,ok,,110,proven,dynamic_24,proven,SHA1PASSSALT,proven,no,2,shared,,,SHA1(PLAINSALT); sha1($pass.$salt),
sha1-plain-sha1-plain,sha1($plain.sha1($plain)),,sha1($p.sha1($p)),vector,dynamic=sha1($p.sha1($p)),,composite,,ok,,,no,,unknown,SHA1PASSSHA1,proven,no,1,unknown,,,SHA1(PLAINSHA1(PLAIN)),
sha1-salt-pass,sha1($salt.$pass),,sha1($s.$p),vector,dynamic=sha1($s.$p),,composite,,ok,,120,proven,dynamic_25,proven,SHA1SALTPASS,proven,no,2,shared,,,SHA1(SALTPLAIN); sha1($salt.$pass),
sha1-salt-pass-salt,sha1($salt.$pass.$salt),,sha1($s.$p.$s),vector,dynamic=sha1($s.$p.$s),,composite,,ok,,4900,proven,dynamic_1504,proven,SHA1SALTPASSSALT,proven,no,2,shared,,,SHA1(SALTPLAINSALT); sha1($salt.$pass.$salt),
sha1-salt-sha1-plain,sha1($salt.sha1($plain)),,sha1($s.sha1($p)),vector,dynamic=sha1($s.sha1($p)),,composite,,ok,,4520,proven,dynamic_1501,proven,SHA1SALTSHA1PASS,proven,no,3,shared,,,?,
sha1-salt-sha1-salt-sha1-plain-aka-opencart,sha1($salt.sha1($salt.sha1($plain))) (AKA Opencart),,sha1($s.sha1($s.sha1($p))),vector,dynamic=sha1($s.sha1($s.sha1($p))),,application,OpenCart,ok,,13900,proven,dynamic_38,proven,SHA1SALTSHA1SALTSHA1PASS,proven,no,2,shared,,same as wbb3 (application),SHA1(SALTSHA1(SALTSHA1(PLAIN))),
sha1-base64-encode-plain,sha1(base64_encode($plain)),,sha1(base64($p)),upstream,,,composite,,needs-review,,,no,,unknown,SHA1BASE64,proven,no,1,unknown,,,SHA1BASE64,
sha1-base64-encode-md5-plain-true,"sha1(base64_encode(md5($plain, true)))",,sha1(base64(md5_raw($p))),upstream,,,composite,,needs-review,,,no,,unknown,SHA1BASE64MD5RAW,proven,no,1,unknown,,,SHA1BASE64RAWMD5,
sha1-base64-encode-sha1-plain-true,"sha1(base64_encode(sha1($plain, true)))",,sha1(base64(sha1_raw($p))),upstream,,,composite,,needs-review,,,no,,unknown,SHA1BASE64SHA1RAW,proven,no,1,unknown,,,SHA1BASE64RAWSHA1,
sha1-cx,sha1(CX),,,,,,composite,,ok,,14400,proven,,unknown,,unknown,no,1,unknown,,,,
sha1-hesk-plain,sha1(hesk($plain)) ?,,,absent,,"h=""""; for i=0 to length(pass)-1 { h=h.sha1(cut(pass,i,1)) }; sha1(h)",,,ok,,,no,,unknown,SHA1HESK,proven,no,1,unknown,,,HESK-SHA1,
sha1-md5-pass,sha1(md5($pass)),,sha1(md5($p)),vector,dynamic=sha1(md5($p)),,composite,,needs-review,,4700,proven,dynamic_1024 dynamic_23,claimed,SHA1MD5,proven,no,1,shared,,,SHA1MD5; sha1(md5($pass)),
sha1-md5-pass-salt,sha1(md5($pass).$salt),,sha1(md5($p).$s),vector,dynamic=sha1(md5($p).$s),,composite,,ok,,4710,proven,,unknown,SHA1MD5PASS-SALT SHA1-MD5PASSSALT SHA1MD5SALT,proven,no,2,shared,,duplicate of sha1-md5-md5-pass-salt; same as huawei-sha1-md5-pass-salt (application),,
sha1-md5-plain-plain,"sha1(md5($plain),$plain)",,sha1(md5($p).$p),vector,dynamic=sha1(md5($p).$p),,composite,,ok,,,no,,unknown,SHA1MD5PASS,proven,no,1,unknown,,,SHA1(MD5(PLAIN)PLAIN),
sha1-md5-plain-salt-3,sha1(md5($plain).$salt),sha1(md5($plain).$salt.$salt); sha1($salt.md5($plain)); sha1($salt.md5($plain).$salt); sha2($salt.$salt.md5($plain)),,absent,,sha1(md5($plain).$salt),composite,,ok,,4710,proven,,unknown,SHA11SALTMD5,proven,no,5,shared,,,SHA1(MD5(PLAIN)SALT),
sha1-md5-plain-salt,sha1(md5($plain).$salt),"sha1(md5($plain)."":"".$salt)",,,,,composite,,ok,,4710,proven,,unknown,SHA1MD5USER,proven,no,2,shared,,,SHA1(MD5(PLAIN)SALT),
sha1-md5-plain-sha1-plain,sha1(md5($plain).sha1($plain)),,sha1(md5($p).sha1($p)),vector,dynamic=sha1(md5($p).sha1($p)),,composite,,ok,,,no,,unknown,SHA1-1xMD5SHA1,proven,no,1,unknown,,,SHA1(MD5(PLAIN)SHA1(PLAIN)),
sha1-md5-salt-plain-salt,"sha1(md5($salt.$plain)."":"".$salt)","sha1(md5($salt.$plain).$salt); sha1(md5($salt.$plain)."":"".$salt."":"")",,absent,,sha1(pass . salt),,,ok,,,no,,unknown,SHA1HEXSALT,proven,no,3,unknown,,,SHA1(MD5(SALTPLAIN)INSDPSALT),
sha1-md5-md5-plain,sha1(md5(md5($plain))),sha1(md5(md5($pass))),sha1(md5(md5($p))),vector,dynamic=sha1(md5(md5($p))),,composite,,needs-review,,18500,proven,dynamic_1025,claimed,SHA1MD5MD5,proven,no,1,shared,,,SHA1MD5X2; sha1(md5(md5($pass))),
sha1-md5-md5-plain-plain,sha1(md5(md5($plain).$plain),,,absent,,"emit(sha1(md5(md5(pass).pass))); emit(sha1(md5(md5(pass)."":"".pass)))",,,ok,,,no,,unknown,SHA1MD5MD5PASS,proven,no,1,unknown,,,,
sha1-md5-md5-plain-salt,sha1(md5(md5($plain).$salt)),sha1(md5(md5($plain).$salt.$salt)); sha1(md5($salt.md5($plain))); sha1(md5($salt.md5($plain).$salt)); sha1(md5($salt.$salt.md5($plain))),,absent,,sha1(md5(md5($plain).$salt)),,,ok,,,no,,unknown,SHA1MD51SALTMD5,proven,no,5,unknown,,,SHA1MD5(MD5(PLAIN)SALT),
sha1-md5-md5-md5-plain,sha1(md5(md5(md5($plain)))),,sha1(md5(md5(md5($p)))),vector,dynamic=sha1(md5(md5(md5($p)))),,composite,,ok,,,no,,unknown,SHA1MD5MD5MD5,proven,no,1,unknown,,,SHA1MD5X3,
sha1-md5-md5-md5-md5-plain,sha1(md5(md5(md5(md5($plain))))),,sha1(md5(md5(md5(md5($p))))),vector,dynamic=sha1(md5(md5(md5(md5($p))))),,composite,,ok,,,no,,unknown,SHA1MD5MD5MD5MD5,proven,no,1,unknown,,,SHA1MD5X4,
sha1-md5-md5-md5-md5-md5-plain,sha1(md5(md5(md5(md5(md5($plain)))))),,sha1(md5(md5(md5(md5(md5($p)))))),vector,dynamic=sha1(md5(md5(md5(md5(md5($p)))))),,composite,,ok,,,no,,unknown,SHA1MD5MD5MD5MD5MD5,proven,no,1,unknown,,,SHA1MD5X5,
sha1-md5-md5-md5-sha1-plain,sha1(md5(md5(md5(sha1($plain))))),,sha1(md5(md5(md5(sha1($p))))),vector,dynamic=sha1(md5(md5(md5(sha1($p))))),,composite,,ok,,,no,,unknown,SHA1MD5MD5MD5SHA1,proven,no,1,unknown,,,SHA1MD5X3SHA1,
sha1-md5-md5-sha1-plain,sha1(md5(md5(sha1($plain)))),,sha1(md5(md5(sha1($p)))),vector,dynamic=sha1(md5(md5(sha1($p)))),,composite,,ok,,,no,,unknown,SHA1MD5MD5SHA1,proven,no,1,unknown,,,SHA1MD5X2SHA1,
sha1-md5-md5-sha1-md5-plain,sha1(md5(md5(sha1(md5($plain))))),,sha1(md5(md5(sha1(md5($p))))),vector,dynamic=sha1(md5(md5(sha1(md5($p))))),,composite,,ok,,,no,,unknown,SHA1MD5MD5SHA1MD5,proven,no,1,unknown,,,SHA1MD5X2SHA1MD5,
sha1-md5-radmin2-plain,sha1(md5(radmin2($plain))),,"sha1(md5(md5(pad($p,100))))",vector,dynamic=sha1(md5(md5(pad100($p)))),,composite,,needs-review,,,no,,unknown,SHA1MD5RADMIN2,proven,no,1,unknown,,,SHA1MD5RADMIN2,
sha1-md5-sha1-plain,sha1(md5(sha1($plain))),,sha1(md5(sha1($p))),vector,dynamic=sha1(md5(sha1($p))),,composite,,ok,,,no,,unknown,SHA1MD5SHA1,proven,no,1,unknown,,,SHA1MD5SHA1,
sha1-md5-sha1-md5-plain,sha1(md5(sha1(md5($plain)))),,sha1(md5(sha1(md5($p)))),vector,dynamic=sha1(md5(sha1(md5($p)))),,composite,,ok,,,no,,unknown,SHA1MD5SHA1MD5,proven,no,1,unknown,,,(SHA1MD5)X2,
sha1-md5-sha1-md5-sha1-md5-plain,sha1(md5(sha1(md5(sha1(md5($plain)))))),,sha1(md5(sha1(md5(sha1(md5($p)))))),vector,dynamic=sha1(md5(sha1(md5(sha1(md5($p)))))),,composite,,ok,,,no,,unknown,SHA1MD5SHA1MD5SHA1MD5,proven,no,1,unknown,,,(SHA1MD5)X3,
sha1-md5-sha1-md5-sha1-md5-sha1-plain,sha1(md5(sha1(md5(sha1(md5(sha1($plain))))))),,sha1(md5(sha1(md5(sha1(md5(sha1($p))))))),vector,dynamic=sha1(md5(sha1(md5(sha1(md5(sha1($p))))))),,composite,,ok,,,no,,unknown,SHA1MD5SHA1MD5SHA1MD5SHA1,proven,no,1,unknown,,,SHA1MD5SHA1MD5SHA1MD5SHA1,
sha1-mysql3-plain,sha1(mysql3($plain)),,,absent,,sha1(mysql3($plain)),,,ok,,,no,,unknown,SHA1SQL3,proven,no,1,unknown,,,SHA1MYSQL3,
sha1-radmin2-plain,sha1(radmin2($plain)),,"sha1(md5(pad($p,100)))",vector,dynamic=sha1(md5(pad100($p))),,composite,,needs-review,,,no,,unknown,SHA1RADMIN2,proven,no,1,unknown,,,SHA1RADMIN2,
sha1-radmin2-base64-encode-plain,sha1(radmin2(base64_encode($plain))),,"sha1(md5(pad(base64($p),100)))",upstream,,,composite,,needs-review,,,no,,unknown,SHA1RADMIN2BASE64,proven,no,1,unknown,,,SHA1RADMIN2BASE64,
sha1-radmin2-md5-plain,sha1(radmin2(md5($plain))),,"sha1(md5(pad(md5($p),100)))",upstream,,,composite,,needs-review,,,no,,unknown,SHA1RADMIN2MD5,proven,no,1,unknown,,,SHA1RADMIN2MD5,
sha1-reverse-plain,sha1(reverse($plain)),,sha1(rev($p)),upstream,,,composite,,needs-review,,,no,,unknown,SHA1revp,proven,no,1,unknown,,,not supported (just reverse first),
sha1-reverse-md5-plain,sha1(reverse(md5($plain))),,sha1(rev(md5($p))),upstream,,,composite,,needs-review,,,no,,unknown,SHA1revMD5,proven,no,1,unknown,,,,
sha1-sha1-pass,sha1(sha1($pass)),,sha1(sha1($p)),vector,dynamic=sha1(sha1($p)),,iterated,,needs-review,,4500,proven,dynamic_1026 dynamic_26,claimed,SHA1 -i2,proven,no,1,shared,,,SHA1X2; sha1(sha1($pass)),
sha1-sha1-plain-salt,sha1(sha1($plain).$salt),,sha1(sha1($p).$s),vector,dynamic=sha1(sha1($p).$s),,composite,,ok,,4510,proven,dynamic_1502,proven,SHA1SHA1PASSSALT SHA1SHA1USER,proven,no,2,shared,,same as sha1-sha1-plain-substr-plain-0-1 (application),SHA1(SHA1(PLAIN)SALT),
sha1-sha1-plain-md5-plain,sha1(sha1($plain).md5($plain)),,sha1(sha1($p).md5($p)),vector,dynamic=sha1(sha1($p).md5($p)),,composite,,ok,,,no,,unknown,SHA1-1xSHA1MD5,proven,no,1,unknown,,,SHA1(SHA1(PLAIN)MD5(PLAIN)),
sha1-sha1-plain-sha1-plain,sha1(sha1($plain).sha1($plain)),,sha1(sha1($p).sha1($p)),vector,dynamic=sha1(sha1($p).sha1($p)),,composite,,ok,,,no,,unknown,SHA1-2xSHA1,proven,no,1,unknown,,,SHA1(SHA1(PLAIN)SHA1(PLAIN)),
sha1-sha1-plain-substr-plain-0-1,"sha1(sha1($plain).substr($plain,0,1))","sha1(sha1($plain).substr($plain,0,2)); sha1(sha1($plain).substr($plain,0,3)); sha1(sha1($plain).substr($plain,0,4)); sha1(sha1($plain).substr($plain,0,5)); sha1(sha1($plain).substr($plain,0,6)); sha1(sha1($plain).substr($plain,0,7)); sha1(sha1($plain).substr($plain,0,8))",sha1(sha1($p).$s),vector,dynamic=sha1(sha1($p).$s),,composite,,ok,,4510,proven,dynamic_1502,proven,SHA1-1xSHA1psubp,proven,no,8,shared,,same as sha1-sha1-plain-salt (application),SHA1(SHA1(PLAIN)CUT0-1(PLAIN)),
sha1-sha1-md5-plain-sha1-plain,sha1(sha1(md5($plain)).sha1($plain)),,sha1(sha1(md5($p)).sha1($p)),vector,dynamic=sha1(sha1(md5($p)).sha1($p)),,composite,,ok,,,no,,unknown,SHA1-1xSHA1MD5pSHA1p,proven,no,1,unknown,,,SHA1(SHA1(MD5(PLAIN))SHA1(PLAIN)),
sha1-sha1-md5-plain-sha1-md5-plain,sha1(sha1(md5($plain)).sha1(md5($plain))),,sha1(sha1(md5($p)).sha1(md5($p))),vector,dynamic=sha1(sha1(md5($p)).sha1(md5($p))),,composite,,ok,,,no,,unknown,SHA1-2xSHA1-MD5,proven,no,1,unknown,,,SHA1(SHA1(MD5(PLAIN))SHA1(MD5(PLAIN))),
sha1-sha1-md5-plain-true,"sha1(sha1(md5($plain),true))",,sha1(sha1_raw(md5($p))),vector,dynamic=sha1(sha1_raw(md5($p))),,iterated,,ok,,,no,,unknown,MYSQL5MD5 -i2 SHA1SHA1RAWMD5 -i2,proven,no,1,unknown,,,SHA1RAWSHA1MD5,
sha1-sha1-md5-md5-plain-sha1-md5-md5-plain,sha1(sha1(md5(md5($plain))).sha1(md5(md5($plain)))),,sha1(sha1(md5(md5($p))).sha1(md5(md5($p)))),vector,dynamic=sha1(sha1(md5(md5($p))).sha1(md5(md5($p)))),,composite,,ok,,,no,,unknown,SHA1-2xSHA1-MD5MD5,proven,no,1,unknown,,,SHA1(SHA1(MD5X2(PLAIN))SHA1(MD5X2(PLAIN))),
sha1-sha1-md5-md5-plain-true,"sha1(sha1(md5(md5($plain)),true))",,sha1(sha1_raw(md5(md5($p)))),vector,dynamic=sha1(sha1_raw(md5(md5($p)))),,iterated,,ok,,,no,,unknown,SHA1SHA1RAWMD5MD5 -i2,proven,no,1,unknown,,,SHA1RAWSHA1MD5X2,
sha1-sha1-md5-md5-md5-plain-sha1-md5-md5-md5-plain,sha1(sha1(md5(md5(md5($plain)))).sha1(md5(md5(md5($plain))))),,sha1(sha1(md5(md5(md5($p)))).sha1(md5(md5(md5($p))))),vector,dynamic=sha1(sha1(md5(md5(md5($p)))).sha1(md5(md5(md5($p))))),,composite,,ok,,,no,,unknown,SHA1-2xSHA1-MD5MD5MD5,proven,no,1,unknown,,,SHA1(SHA1(MD5X3(PLAIN))SHA1(MD5X3(PLAIN))),
sha1-sha1-md5-md5-md5-plain-true,"sha1(sha1(md5(md5(md5($plain))),true))",,sha1(sha1_raw(md5(md5(md5($p))))),vector,dynamic=sha1(sha1_raw(md5(md5(md5($p))))),,iterated,,ok,,,no,,unknown,SHA1SHA1RAWMD5MD5MD5 -i2,proven,no,1,unknown,,,SHA1RAWSHA1MD5X3,
sha1-sha1-sha1-pass,sha1(sha1(sha1($pass))),,sha1(sha1(sha1($p))),vector,dynamic=sha1(sha1(sha1($p))),,iterated,,needs-review,,,no,dynamic_1027 dynamic_26,claimed,SHA1 -i3,proven,no,1,unknown,,,SHA1X3; sha1(sha1(sha1($pass))),"hashcat-legacy had mode 4600 for this; modern hashcat has no equivalent (source: the migrated sheet, unverified here - hashcat-legacy is EOL and not installed)"
sha1-sha1-sha1-plain-sha1-sha1-plain,sha1(sha1(sha1($plain)).sha1(sha1($plain))),,sha1(sha1(sha1($p)).sha1(sha1($p))),vector,dynamic=sha1(sha1(sha1($p)).sha1(sha1($p))),,composite,,ok,,,no,,unknown,SHA1-2xSHA1-SHA1,proven,no,1,unknown,,,SHA1(SHA1X2(PLAIN)SHA1X2(PLAIN)),
sha1-sha256-plain,sha1(sha256($plain)),,sha1(sha256($p)),vector,dynamic=sha1(sha256($p)),,composite,,ok,,,no,,unknown,SHA1SHA256,proven,no,1,unknown,,,SHA1SHA256,
sha1-sha384-plain,sha1(sha384($plain)),,sha1(sha384($p)),vector,dynamic=sha1(sha384($p)),,composite,,ok,,,no,,unknown,SHA1SHA384,proven,no,1,unknown,,,SHA1SHA384,
sha1-sha512-plain,sha1(sha512($plain)),,sha1(sha512($p)),vector,dynamic=sha1(sha512($p)),,composite,,ok,,,no,,unknown,SHA1SHA512,proven,no,1,unknown,,,SHA1SHA512,
sha1-strtoupper-sha1-sha1-plain-true,"sha1(strtoupper(sha1(sha1($plain, true))))",,sha1(upper(sha1(sha1_raw($p)))),vector,dynamic=sha1(SHA1(sha1_raw($p))),,composite,,needs-review,,,no,,unknown,SHA1SQL5-40,proven,no,1,unknown,,,SHA1UCSHA1RAWSHA1,
sha1-substr-sha1-plain-0-32,"sha1(substr(sha1($plain), 0, 32))",,"sha1(cut(sha1($p),0,32))",upstream,,,composite,,needs-review,,,no,,unknown,SHA1SHA1u32,proven,no,1,unknown,,,SHA1CUT0-32SHA1,
sha1-upper-wrl-plain,sha1(upper(wrl($plain))),,sha1(upper(whirlpool($p))),vector,dynamic=sha1(WHIRLPOOL($p)),,composite,,needs-review,,,no,,unknown,SHA1UCWRL,proven,no,1,unknown,,,SHA1UCWRL,
sha1-utf16le-pass,sha1(utf16le($pass)),,sha1(utf16($p)),vector,dynamic=sha1(utf16($p)),,composite,,ok,,170,proven,dynamic_1400,proven,SHA1UTF16LE,proven,no,1,shared,,,n/a,
sha1-wrl-plain,sha1(wrl($plain)),,sha1(whirlpool($p)),vector,dynamic=sha1(whirlpool($p)),,composite,,ok,,,no,,unknown,SHA1WRL,proven,no,1,unknown,,,SHA1WRL,
sha1-wrl-md5-plain,sha1(wrl(md5($plain))),,sha1(whirlpool(md5($p))),vector,dynamic=sha1(whirlpool(md5($p))),,composite,,ok,,,no,,unknown,SHA1WRLMD5,proven,no,1,unknown,,,SHA1WRLMD5,
sha1-2xmd5,SHA1-2xMD5,,sha1(md5($p).md5($p)),vector,dynamic=sha1(md5($p).md5($p)),,composite,,ok,,,no,,unknown,SHA1-2xMD5,proven,no,1,unknown,,,,
sha1-8track,SHA1-8TRACK,,"sha1($s.$p.$c1),c1=--",vector,"dynamic=sha1($s.$p.$c1),c1=--",,,,ok,,,no,,unknown,SHA1-8TRACK,proven,no,1,unknown,,,not supported,
sha1-customusersalt,SHA1-CUSTOMUSERSALT,,,,,,,,ok,,,no,,unknown,SHA1-CUSTOMUSERSALT,proven,no,1,unknown,,,,
sha1-hmac-md5,SHA1-HMAC-MD5,,,absent,,"sha1(hmac_md5(pass, user))",,,ok,,,unknown,,unknown,SHA1-HMAC-MD5,proven,no,1,unknown,,,,
sha1-md5-md5saltmd5pass,SHA1-MD5-MD5SALTMD5PASS,,sha1(md5(md5($s).md5($p))),vector,dynamic=sha1(md5(md5($s).md5($p))),,composite,,ok,,,unknown,,unknown,SHA1-MD5-MD5SALTMD5PASS,proven,no,1,unknown,,,,
sha1-md5-md5saltmd5pass-salt,SHA1-MD5-MD5SALTMD5PASS-SALT,,"sha1(md5(md5($s).md5($p)).$c1.$s),c1=\x3a",upstream,,,,,ok,,,unknown,,unknown,SHA1-MD5-MD5SALTMD5PASS-SALT,proven,no,1,unknown,,,,
sha1-md5capmd5salt,SHA1-MD5CAPMD5SALT,,sha1(cap(md5(md5(md5($p)).$s))),upstream,,,composite,,needs-review,,,unknown,,unknown,SHA1-MD5CAPMD5SALT,proven,no,1,unknown,,,,
sha1-md5cappepper-md5salt,SHA1-MD5CAPPEPPER-MD5SALT,,,absent,,sha1(cap(md5(md5(pass) . salt)) . pepper),,,needs-review,,,unknown,,unknown,SHA1-MD5CAPPEPPER-MD5SALT,proven,no,1,unknown,,,,
sha1-md5capsalt,SHA1-MD5CAPSALT,,sha1(cap(md5(md5($p).$s))),upstream,,,composite,,needs-review,,,unknown,,unknown,SHA1-MD5CAPSALT,proven,no,1,unknown,,,,
sha1-md5md5salt,SHA1-MD5MD5SALT,,sha1(md5(md5(md5($p)).$s)),upstream,,,composite,,needs-review,,,unknown,,unknown,SHA1-MD5MD5SALT,proven,no,1,unknown,,,,
sha1-md5md5salt-cr,SHA1-MD5MD5SALT-CR,,"sha1(md5(md5(md5($p)).$s).$c1),c1=\x0d",vector,"dynamic=sha1(md5(md5(md5($p)).$s).$c1),c1=\x0d",,,,ok,,,unknown,,unknown,SHA1-MD5MD5SALT-CR,proven,no,1,unknown,,,,
sha1-md5passmd5md5salt,SHA1-MD5PASSMD5MD5SALT,,sha1(md5($p).md5(md5($s))),vector,dynamic=sha1(md5($p).md5(md5($s))),,composite,,ok,,,unknown,,unknown,SHA1-MD5PASSMD5MD5SALT,proven,no,1,unknown,,,,
sha1-md5pepper-md5md5salt,SHA1-MD5PEPPER-MD5MD5SALT,,,absent,,sha1(md5(md5(md5(pass)) . salt) . pepper),,,needs-review,,,unknown,,unknown,SHA1-MD5PEPPER-MD5MD5SALT,proven,no,1,unknown,,,,
sha1-md5pepper-md5salt,SHA1-MD5PEPPER-MD5SALT,,,absent,,sha1(md5(md5(pass) . salt) . pepper),,,needs-review,,,unknown,,unknown,SHA1-MD5PEPPER-MD5SALT,proven,no,1,unknown,,,,
sha1-md5pepper-md5saltmd5pass,SHA1-MD5PEPPER-MD5SALTMD5PASS,,,absent,,sha1(md5(md5(salt) . md5(pass)) . pepper),,,needs-review,,,unknown,,unknown,SHA1-MD5PEPPER-MD5SALTMD5PASS,proven,no,1,unknown,,,,
sha1-md5salt,SHA1-MD5SALT,,sha1(md5(md5($p).$s)),upstream,,,composite,,needs-review,,,unknown,,unknown,SHA1-MD5SALT,proven,no,1,unknown,,,,
sha1-md5salt-cr,SHA1-MD5SALT-CR,,"sha1(md5(md5($p).$s).$c1),c1=\x0d",vector,"dynamic=sha1(md5(md5($p).$s).$c1),c1=\x0d",,,,ok,,,unknown,,unknown,SHA1-MD5SALT-CR,proven,no,1,unknown,,,,
sha1-md5sha1passsha1md5salt,SHA1-MD5SHA1PASSSHA1MD5SALT,,sha1(md5(sha1($p)).sha1(md5($s))),upstream,,,composite,,needs-review,,,unknown,,unknown,SHA1-MD5SHA1PASSSHA1MD5SALT,proven,no,1,unknown,,,,
sha1-md5sha256salt,SHA1-MD5SHA256SALT,,sha1(md5(md5(sha256($p)).$s)),vector,dynamic=sha1(md5(md5(sha256($p)).$s)),,composite,,ok,,,unknown,,unknown,SHA1-MD5SHA256SALT,proven,no,1,unknown,,,,
sha1-md5sub8-24salt,SHA1-MD5sub8-24SALT,,"sha1(md5(cut(md5($p),8,16).$s))",upstream,,,composite,,needs-review,,,unknown,,unknown,SHA1-MD5sub8-24SALT,proven,no,1,unknown,,,,
sha1-md5uc-md5salt,SHA1-MD5UC-MD5SALT,,sha1(upper(md5(md5($p).$s))),upstream,,,composite,,needs-review,,,unknown,,unknown,SHA1-MD5UC-MD5SALT,proven,no,1,unknown,,,,
sha1-md5ucmd5ucpassmd5ucsalt,SHA1-MD5UCMD5UCPASSMD5UCSALT,,sha1(upper(md5(upper(md5($p)))).upper(md5($s))),upstream,,,composite,,needs-review,,,unknown,,unknown,SHA1-MD5UCMD5UCPASSMD5UCSALT,proven,no,1,unknown,,,,
sha1-pepper-md5salt,SHA1-PEPPER-MD5SALT,,,absent,,sha1(pepper . md5(md5(pass) . salt)),,,needs-review,,,unknown,,unknown,SHA1-PEPPER-MD5SALT,proven,no,1,unknown,,,,
sha1-revmd5salt,SHA1-revMD5SALT,,sha1(md5(rev(md5($p)).$s)),upstream,,,composite,,needs-review,,,no,,unknown,SHA1-revMD5SALT,proven,no,1,unknown,,,,
sha1-s1ps2,SHA1-S1PS2,,,,,,composite,,ok,,19300,proven,,unknown,SHA1-S1PS2,proven,no,1,shared,,,,
sha1-salt-special,SHA1-SALT-SPECIAL,,,,,,composite,,ok,,14400,proven,,unknown,SHA1-SALT-SPECIAL,proven,no,1,shared,,,,
sha1-salt-utf16-pepper,SHA1-SALT-UTF16-PEPPER,,,absent,,sha1(utf16le(salt . rev(lower(pass)) . pepper)),,,ok,,,no,,unknown,SHA1-SALT-UTF16-PEPPER,proven,no,1,unknown,,,,
sha1-saltsha1passsalt,SHA1-SALTSHA1PASSSALT,,sha1($s.sha1($p.$s)),vector,dynamic=sha1($s.sha1($p.$s)),,composite,,ok,,24300,proven,,unknown,SHA1-SALTSHA1PASSSALT,proven,no,1,shared,,,,
sha1-saltsha1u16,SHA1-SALTSHA1U16,,,,,,composite,,ok,,29000,proven,,unknown,SHA1-SALTSHA1U16,proven,no,1,shared,,,,
sha1-sha1saltsha1pass,SHA1-SHA1SALTSHA1PASS,,sha1(sha1($s).sha1($p)),vector,dynamic=sha1(sha1($s).sha1($p)),,composite,,ok,,,unknown,,unknown,SHA1-SHA1SALTSHA1PASS,proven,no,1,unknown,,,,
sha1-sha512passsha512salt,SHA1-SHA512PASSSHA512SALT,,sha1(sha512($p).sha512($s)),upstream,,,composite,,needs-review,,,unknown,,unknown,SHA1-SHA512PASSSHA512SALT,proven,no,1,unknown,,,,
sha1-substr-0-32,"SHA1.Substr(0, 32)",,"cut(sha1($p),0,32)",upstream,,,primitive,,needs-review,,100,proven,dynamic_1023 dynamic_26 raw-SHA1-opencl,proven,SHA1,proven,no,2,divergent,,same as axcryptsha1 (encoding),"CUT0-32SHA1; SHA1.Substr(0, 32)","OPEN CURATION QUESTION, raised 2026-09-02. This row is being asked to be two computations at once, and correcting the expression to cut(sha1($p),0,32) made that visible rather than causing it. Its FIRST vector is the 32-hex truncation and satisfies the expression; its SECOND is the full 40-hex sha1(""rosetta"") and does not. Of its tool identifiers only john dynamic_1023 truncates -- john states it as ""sha1($p) (hash truncated to length 32)"" -- while hashcat -m 100, mdxfind SHA1, john dynamic_26 and raw-SHA1-opencl are all plain SHA-1 and compute no cut. Those were round-tripped against the 40-hex vector, so nothing recorded here is false; they simply belong to a different computation. Two things block resolving it by deletion. First, this corpus has NO row for plain SHA-1 as such: john Raw-SHA1 sits on aich, sha1uc and netscape-ldap, and this row holds mdxfind SHA1, so removing the plain-SHA1 claims here would strand them rather than rehome them. Second, splitting is an id decision and ids are forever (CLAUDE.md, The published contract). Left for Royce: either a new row for plain SHA-1 that takes the 40-hex vector and the four plain identifiers, or a documented decision that this row keeps both. Do NOT resolve it by weakening the expression back to sha1($p) -- see expression_proof.note for why the cut has to stay."
sha11saltmd5sha256,SHA11SALTMD5SHA256,,,absent,,SHA11SALTMD5SHA256,,,ok,,,unknown,,unknown,SHA11SALTMD5SHA256,proven,no,1,unknown,,,,
sha11saltmd5uc,SHA11SALTMD5UC,,,absent,,SHA11SALTMD5UC,,,ok,,,unknown,,unknown,SHA11SALTMD5UC,proven,no,1,unknown,,,,
sha1base64custbase64md5,SHA1BASE64CUSTBASE64MD5,,,,,,,,ok,,,unknown,,unknown,SHA1BASE64CUSTBASE64MD5,proven,no,1,unknown,,,,
sha1base64md5,SHA1BASE64MD5,,sha1(base64(md5($p))),upstream,,,composite,,needs-review,,,unknown,,unknown,SHA1BASE64MD5,proven,no,1,unknown,,,,
sha1base64md5uc,SHA1BASE64MD5UC,,sha1(base64(upper(md5($p)))),upstream,,,composite,,needs-review,,,unknown,,unknown,SHA1BASE64MD5UC,proven,no,1,unknown,,,,
sha1base64sha256,SHA1BASE64SHA256,,sha1(base64(sha256($p))),upstream,,,composite,,needs-review,,,unknown,,unknown,SHA1BASE64SHA256,proven,no,1,unknown,,,,
sha1crypt,SHA1CRYPT,,,absent,,"sha1crypt(pass, salt, rounds)",application,,ok,,15100,proven,sha1crypt sha1crypt-opencl,proven,SHA1CRYPT,proven,no,2,divergent,,,,
sha1decbase64,SHA1DECBASE64,,sha1(frombase64($p)),upstream,,,composite,,needs-review,,,unknown,,unknown,SHA1DECBASE64,proven,no,1,unknown,,,,
sha1descrypt,SHA1DESCRYPT,,,absent,,"sha1(descrypt(pass, salt))",,,ok,,,unknown,,unknown,SHA1DESCRYPT,proven,no,1,unknown,,,,
sha1dru,SHA1DRU,,,absent,,h=sha1_bin(pass); for i=1 to 1000000 { h=sha1_bin(sha1(h).pass) }; sha1(h),,,ok,,,no,,unknown,SHA1DRU,proven,no,1,unknown,,,,
sha1gost,SHA1GOST,,sha1(gost($p)),vector,dynamic=sha1(gost($p)),,composite,,ok,,,unknown,,unknown,SHA1GOST,proven,no,1,unknown,,,,
sha1hav128,SHA1HAV128,,sha1(haval128_3($p)),vector,dynamic=sha1(haval128_3($p)),,composite,,ok,,,unknown,,unknown,SHA1HAV128,proven,no,1,unknown,,,,
sha1lsb32,SHA1lsb32,,"$c1.cut(sha1($p),8),c1=00000000",upstream,,,,,ok,,,no,,unknown,SHA1lsb32,proven,no,1,unknown,,,,
sha1lsb35,SHA1lsb35,,,absent,,"hex(and(sha1_bin(pass), ""\x00\x0f\xff...\xff""))",,,ok,,,no,Raw-SHA1-Linkedin,proven,SHA1lsb35,proven,no,2,shared,,collides with aich (truncation); collides with sha1uc (truncation),,
sha1md2,SHA1MD2,,sha1(md2($p)),vector,dynamic=sha1(md2($p)),,composite,,ok,,,unknown,,unknown,SHA1MD2,proven,no,1,unknown,,,,
sha1md4,SHA1MD4,,sha1(md4($p)),vector,dynamic=sha1(md4($p)),,composite,,ok,,,unknown,,unknown,SHA1MD4,proven,no,1,unknown,,,,
sha1md4utf16ucmd4utf16uc,SHA1MD4UTF16UCMD4UTF16UC,,sha1(upper(md4(utf16(upper(md4(utf16($p))))))),vector,dynamic=sha1(MD4(utf16(MD4(utf16($p))))),,composite,,needs-review,,,unknown,,unknown,SHA1MD4UTF16UCMD4UTF16UC,proven,no,1,unknown,,,,
sha1md5-2xmd5-md5,SHA1MD5-2xMD5-MD5,,sha1(md5(md5(md5($p)).md5(md5($p)))),vector,dynamic=sha1(md5(md5(md5($p)).md5(md5($p)))),,composite,,ok,,,unknown,,unknown,SHA1MD5-2xMD5-MD5,proven,no,1,unknown,,,,
sha1md5-passmd5salt,SHA1MD5-PASSMD5SALT,,sha1(md5($p.md5($s))),upstream,,,composite,,needs-review,,,unknown,,unknown,SHA1MD5-PASSMD5SALT,proven,no,1,unknown,,,,
sha1md5-saltmd5pass,SHA1MD5-SALTMD5PASS,,sha1(md5($s.md5($p))),vector,dynamic=sha1(md5($s.md5($p))),,composite,,ok,,,unknown,,unknown,SHA1MD5-SALTMD5PASS,proven,no,1,unknown,,,,
sha1md5-sha1passpass,SHA1MD5-SHA1PASSPASS,,sha1(md5(sha1($p).$p)),upstream,,,composite,,needs-review,,,unknown,,unknown,SHA1MD5-SHA1PASSPASS,proven,no,1,unknown,,,,
sha1md51cap,SHA1MD51CAP,,,absent,,"emit(sha1(cap(md5(pass), N)))",,,ok,,,unknown,,unknown,SHA1MD51CAP,proven,no,1,unknown,,,,
sha1md51capmd5,SHA1MD51CAPMD5,,,,,,,,ok,,,unknown,,unknown,SHA1MD51CAPMD5,proven,no,1,unknown,,,,
sha1md51capmd5md5,SHA1MD51CAPMD5MD5,,,,,,,,ok,,,unknown,,unknown,SHA1MD51CAPMD5MD5,proven,no,1,unknown,,,,
sha1md51capsalt,SHA1MD51CAPSALT,,,absent,,"emit(sha1(cap(md5(pass), N) . salt))",,,ok,,,unknown,,unknown,SHA1MD51CAPSALT,proven,no,1,unknown,,,,
sha1md5base64,SHA1MD5BASE64,,sha1(md5(base64($p))),upstream,,,composite,,needs-review,,,unknown,,unknown,SHA1MD5BASE64,proven,no,1,unknown,,,,
sha1md5base641salt,SHA1MD5BASE641SALT,,,,,,,,ok,,,unknown,,unknown,SHA1MD5BASE641SALT,proven,no,1,unknown,,,,
sha1md5cap,SHA1MD5CAP,,sha1(cap(md5($p))),upstream,,,composite,,needs-review,,,unknown,,unknown,SHA1MD5CAP,proven,no,1,unknown,,,,
sha1md5capmd5,SHA1MD5CAPMD5,,sha1(cap(md5(md5($p)))),upstream,,,composite,,needs-review,,,unknown,,unknown,SHA1MD5CAPMD5,proven,no,1,unknown,,,,
sha1md5capmd5salt,SHA1MD5CAPMD5SALT,,sha1(cap(md5(md5($p))).$s),upstream,,,composite,,needs-review,,,unknown,,unknown,SHA1MD5CAPMD5SALT,proven,no,1,unknown,,,,
sha1md5capsalt,SHA1MD5CAPSALT,,sha1(cap(md5($p)).$s),upstream,,,composite,,needs-review,,,unknown,,unknown,SHA1MD5CAPSALT,proven,no,1,unknown,,,,
sha1md5capsha1salt,SHA1MD5CAPSHA1SALT,,sha1(cap(md5(sha1($p))).$s),upstream,,,composite,,needs-review,,,unknown,,unknown,SHA1MD5CAPSHA1SALT,proven,no,1,unknown,,,,
sha1md5dsalt,SHA1MD5DSALT,,,absent,,"sha1(md5(pass . salt) . "":"" . salt)",,,ok,,,unknown,,unknown,SHA1MD5DSALT,proven,no,1,unknown,,,,
sha1md5hum,SHA1MD5HUM,,,absent,,emit(sha1(md5(pass).S)),,,needs-review,,,no,,unknown,SHA1MD5HUM,claimed,no,0,unknown,,,,
sha1md5md5dsalt,SHA1MD5MD5DSALT,,,absent,,"sha1(md5(md5(pass) . salt) . "":"" . salt)",,,ok,,,unknown,,unknown,SHA1MD5MD5DSALT,proven,no,1,unknown,,,,
sha1md5md5salt,SHA1MD5MD5SALT,,sha1(md5(md5($p)).$s),vector,dynamic=sha1(md5(md5($p)).$s),,composite,,ok,,,no,,unknown,SHA1MD5MD5SALT,proven,no,2,unknown,,,,
sha1md5md5sha1md5sha1sha1md5,SHA1MD5MD5SHA1MD5SHA1SHA1MD5,,sha1(md5(md5(sha1(md5(sha1(sha1(md5($p)))))))),vector,dynamic=sha1(md5(md5(sha1(md5(sha1(sha1(md5($p)))))))),,composite,,ok,,,no,,unknown,SHA1MD5MD5SHA1MD5SHA1SHA1MD5,proven,no,1,unknown,,,,
sha1md5md5sha1sha1md5,SHA1MD5MD5SHA1SHA1MD5,,sha1(md5(md5(sha1(sha1(md5($p)))))),vector,dynamic=sha1(md5(md5(sha1(sha1(md5($p)))))),,composite,,ok,,,unknown,,unknown,SHA1MD5MD5SHA1SHA1MD5,proven,no,1,unknown,,,,
sha1md5md5sql5,SHA1MD5MD5SQL5,,"sha1(md5(md5($c1.upper(sha1(sha1_raw($p)))))),c1=*",vector,"dynamic=sha1(md5(md5($c1.SHA1(sha1_raw($p))))),c1=*",,,,ok,,,unknown,,unknown,SHA1MD5MD5SQL5,proven,no,1,unknown,,,,
sha1md5md5uc,SHA1MD5MD5UC,,sha1(md5(upper(md5($p)))),vector,dynamic=sha1(md5(MD5($p))),,composite,,needs-review,,,unknown,,unknown,SHA1MD5MD5UC,proven,no,1,unknown,,,,
sha1md5md5ucmd5md5uc,SHA1MD5MD5UCMD5MD5UC,,sha1(md5(upper(md5(md5(upper(md5($p))))))),vector,dynamic=sha1(md5(MD5(md5(MD5($p))))),,composite,,needs-review,,,unknown,,unknown,SHA1MD5MD5UCMD5MD5UC,proven,no,1,unknown,,,,
sha1md5md5ucmd5uc,SHA1MD5MD5UCMD5UC,,sha1(md5(upper(md5(upper(md5($p)))))),vector,dynamic=sha1(md5(MD5(MD5($p)))),,composite,,needs-review,,,unknown,,unknown,SHA1MD5MD5UCMD5UC,proven,no,1,unknown,,,,
sha1md5md5ucx,SHA1MD5MD5UCx,,,absent,,sha1(md5(upper(md5^N(pass)))),,,needs-review,,,unknown,,unknown,SHA1MD5MD5UCx,claimed,no,1,unknown,,,,
sha1md5passmd5,SHA1MD5PASSMD5,,sha1(md5($p.md5($p))),vector,dynamic=sha1(md5($p.md5($p))),,composite,,ok,,,unknown,,unknown,SHA1MD5PASSMD5,proven,no,1,unknown,,,,
sha1md5passsalt,SHA1MD5PASSSALT,,sha1(md5($p.$s)),upstream,,,composite,,needs-review,,21100,proven,,unknown,SHA1MD5PASSSALT,proven,no,1,shared,,,,
sha1md5raw,SHA1MD5RAW,,sha1(md5(md5_raw($p))),vector,dynamic=sha1(md5(md5_raw($p))),,composite,,ok,,,unknown,,unknown,SHA1MD5RAW,proven,no,1,unknown,,,,
sha1md5rawucmd5raw,SHA1MD5RAWUCMD5RAW,,,,,,,,ok,,,unknown,,unknown,SHA1MD5RAWUCMD5RAW,proven,no,1,unknown,,,,
sha1md5saltmd5pass,SHA1MD5SALTMD5PASS,,sha1(md5($s).md5($p)),upstream,,,composite,,needs-review,,,unknown,,unknown,SHA1MD5SALTMD5PASS,proven,no,1,unknown,,,,
sha1md5saltpass,SHA1MD5SALTPASS,,sha1(md5($s.$p)),vector,dynamic=sha1(md5($s.$p)),,composite,,ok,,,unknown,,unknown,SHA1MD5SALTPASS,proven,no,1,unknown,,,,
sha1md5saltpasspepper,SHA1MD5SALTPASSPEPPER,,,absent,,sha1(md5(salt . pass) . pepper),,,needs-review,,,unknown,,unknown,SHA1MD5SALTPASSPEPPER,proven,no,1,unknown,,,,"The vector here is NOT the one mdxfind's published catalog carries. mdxfind 1.543 (2026-08-29) changed what e607 computes: the old code staged the inner digest at linebuf+saltlen while writing the pepper at a fixed offset 32, so for any non-empty salt the hash covered the salt, then a TRUNCATED digest, then the pepper, and the output depended on the salt length. dlr's own note says any hash cracked as e607 before that revision will not verify against it. The catalog example 786aab530907a783e9c25a2c7326ab7907ebf798 is the PRE-FIX digest and was still being published on 2026-09-02, so it is upstream's stale artefact rather than a vector this row should carry. Replaced 2026-09-02 with the repaired construction sha1(md5(salt . pass) . pepper), established three independent ways: the source at RCS 1.545, a Digest:: recomputation in perl that reproduces 786aab... under the old layout and 0992047f... under the new, and the rebuilt binary cracking 0992047f... The salt field holds SALT then PEPPER, space separated, both 1122334455667788 here; a pepper is a site-wide secret that appears in no hash, so mdxfind reads it from a file (-j)."
sha1md5sha1-salt,SHA1MD5SHA1-SALT,,sha1(md5(sha1($p)).$s),vector,dynamic=sha1(md5(sha1($p)).$s),,composite,,ok,,,unknown,,unknown,SHA1MD5SHA1-SALT,proven,no,1,unknown,,,,
sha1md5sha1md5md5sha1md5,SHA1MD5SHA1MD5MD5SHA1MD5,,sha1(md5(sha1(md5(md5(sha1(md5($p))))))),vector,dynamic=sha1(md5(sha1(md5(md5(sha1(md5($p))))))),,composite,,ok,,,unknown,,unknown,SHA1MD5SHA1MD5MD5SHA1MD5,proven,no,1,unknown,,,,
sha1md5sha1md5sha1,SHA1MD5SHA1MD5SHA1,,sha1(md5(sha1(md5(sha1($p))))),vector,dynamic=sha1(md5(sha1(md5(sha1($p))))),,composite,,ok,,,unknown,,unknown,SHA1MD5SHA1MD5SHA1,proven,no,1,unknown,,,,
sha1md5sha1passsalt,SHA1MD5SHA1PASSSALT,,sha1(md5(sha1($p).$s)),vector,dynamic=sha1(md5(sha1($p).$s)),,composite,,ok,,,unknown,,unknown,SHA1MD5SHA1PASSSALT,proven,no,1,unknown,,,,
sha1md5sha256,SHA1MD5SHA256,,sha1(md5(sha256($p))),vector,dynamic=sha1(md5(sha256($p))),,composite,,ok,,,unknown,,unknown,SHA1MD5SHA256,proven,no,1,unknown,,,,
sha1md5sha512,SHA1MD5SHA512,,sha1(md5(sha512($p))),vector,dynamic=sha1(md5(sha512($p))),,composite,,ok,,,unknown,,unknown,SHA1MD5SHA512,proven,no,1,unknown,,,,
sha1md5sql5,SHA1MD5SQL5,,"sha1(md5($c1.upper(sha1(sha1_raw($p))))),c1=*",vector,"dynamic=sha1(md5($c1.SHA1(sha1_raw($p)))),c1=*",,,,ok,,,unknown,,unknown,SHA1MD5SQL5,proven,no,1,unknown,,,,
sha1md5sub1-16,SHA1MD5sub1-16,,"sha1(cut(md5($p),0,16))",upstream,,,composite,,needs-review,,,unknown,,unknown,SHA1MD5sub1-16,proven,no,1,unknown,,,,
sha1md5sub1-16md5,SHA1MD5sub1-16MD5,,"sha1(cut(md5(md5($p)),0,16))",upstream,,,composite,,needs-review,,,unknown,,unknown,SHA1MD5sub1-16MD5,proven,no,1,unknown,,,,
sha1md5sub1-16md5md5,SHA1MD5sub1-16MD5MD5,,"sha1(cut(md5(md5(md5($p))),0,16))",upstream,,,composite,,needs-review,,,unknown,,unknown,SHA1MD5sub1-16MD5MD5,proven,no,1,unknown,,,,
sha1md5sub1-20md5,SHA1MD5sub1-20MD5,,"sha1(md5(cut(md5($p),0,20)))",upstream,,,composite,,needs-review,,,unknown,,unknown,SHA1MD5sub1-20MD5,proven,no,1,unknown,,,,
sha1md5sub1-20md5md5,SHA1MD5sub1-20MD5MD5,,"sha1(md5(cut(md5(md5($p)),0,20)))",upstream,,,composite,,needs-review,,,unknown,,unknown,SHA1MD5sub1-20MD5MD5,proven,no,1,unknown,,,,
sha1md5sub8-24md5,SHA1MD5sub8-24MD5,,"sha1(md5(cut(md5($p),8,16)))",upstream,,,composite,,needs-review,,,unknown,,unknown,SHA1MD5sub8-24MD5,proven,no,1,unknown,,,,
sha1md5truncsalt,SHA1MD5TRUNCSALT,,,absent,,"sha1(cut(md5(pass), 0, N) . salt)",,,needs-review,,,unknown,,unknown,SHA1MD5TRUNCSALT,claimed,no,1,unknown,,,,
sha1md5uc,SHA1MD5UC,,sha1(upper(md5($p))),vector,dynamic=sha1(MD5($p)),,composite,,needs-review,,,unknown,,unknown,SHA1MD5UC,proven,no,1,unknown,,,,
sha1md5uc-md5ucsalt,SHA1MD5UC-MD5UCSALT,,sha1(upper(md5(upper(md5($p)).$s))),vector,dynamic=sha1(MD5(MD5($p).$s)),,composite,,needs-review,,,unknown,,unknown,SHA1MD5UC-MD5UCSALT,proven,no,1,unknown,,,,
sha1md5uc1lc,SHA1MD5UC1LC,,,,,,,,needs-review,,,unknown,,unknown,SHA1MD5UC1LC,claimed,no,1,unknown,,,,
sha1md5ucmd5,SHA1MD5UCMD5,,sha1(upper(md5(md5($p)))),vector,dynamic=sha1(MD5(md5($p))),,composite,,needs-review,,,unknown,,unknown,SHA1MD5UCMD5,proven,no,1,unknown,,,,
sha1md5ucmd5uc,SHA1MD5UCMD5UC,,sha1(upper(md5(upper(md5($p))))),vector,dynamic=sha1(MD5(MD5($p))),,composite,,needs-review,,,unknown,,unknown,SHA1MD5UCMD5UC,proven,no,1,unknown,,,,
sha1md5ucmd5ucmd5uc,SHA1MD5UCMD5UCMD5UC,,sha1(upper(md5(upper(md5(upper(md5($p))))))),vector,dynamic=sha1(MD5(MD5(MD5($p)))),,composite,,needs-review,,,unknown,,unknown,SHA1MD5UCMD5UCMD5UC,proven,no,1,unknown,,,,
sha1md5ucmd5ucmd5ucmd5uc,SHA1MD5UCMD5UCMD5UCMD5UC,,sha1(upper(md5(upper(md5(upper(md5(upper(md5($p))))))))),vector,dynamic=sha1(MD5(MD5(MD5(MD5($p))))),,composite,,needs-review,,,unknown,,unknown,SHA1MD5UCMD5UCMD5UCMD5UC,proven,no,1,unknown,,,,
sha1md5ucsalt,SHA1MD5UCSALT,,sha1(upper(md5($p)).$s),vector,dynamic=sha1(MD5($p).$s),,composite,,needs-review,,,unknown,,unknown,SHA1MD5UCSALT,proven,no,1,unknown,,,,
sha1md5ucsha1base64,SHA1MD5UCSHA1BASE64,,sha1(upper(md5(sha1(base64($p))))),upstream,,,composite,,needs-review,,,unknown,,unknown,SHA1MD5UCSHA1BASE64,proven,no,1,unknown,,,,
sha1md5ucsha1ucmd5uc,SHA1MD5UCSHA1UCMD5UC,,sha1(upper(md5(upper(sha1(upper(md5($p))))))),vector,dynamic=sha1(MD5(SHA1(MD5($p)))),,composite,,needs-review,,,unknown,,unknown,SHA1MD5UCSHA1UCMD5UC,proven,no,1,unknown,,,,
sha1md5ucx,SHA1MD5UCx,,,absent,,sha1(upper(md5^N(pass))),,,needs-review,,,unknown,,unknown,SHA1MD5UCx,claimed,no,1,unknown,,,,
sha1md5wrlsha1,SHA1MD5WRLSHA1,,sha1(md5(whirlpool(sha1($p)))),vector,dynamic=sha1(md5(whirlpool(sha1($p)))),,composite,,ok,,,unknown,,unknown,SHA1MD5WRLSHA1,proven,no,1,unknown,,,,
sha1md5x,SHA1MD5x,,,absent,,sha1(md5^N(pass)),,,ok,,,unknown,,unknown,SHA1MD5x,proven,no,1,unknown,,,,
sha1md5x1cap,SHA1MD5x1CAP,,,absent,,emit(sha1(cap(md5^N(pass)))),,,ok,,,unknown,,unknown,SHA1MD5x1CAP,proven,no,1,unknown,,,,
sha1md5xsalt,SHA1MD5xSALT,,,absent,,sha1(md5^N(pass) . salt),,,needs-review,,,unknown,,unknown,SHA1MD5xSALT,claimed,no,1,unknown,,,,
sha1md6captrunc,SHA1MD6CAPTRUNC,,,absent,,"sha1(cut(cap(md6(pass)), 0, N))",,,ok,,,unknown,,unknown,SHA1MD6CAPTRUNC,proven,no,1,unknown,,,,
sha1md6trunc,SHA1MD6TRUNC,,,absent,,"sha1(cut(md6(pass), 0, N))",,,needs-review,,,unknown,,unknown,SHA1MD6TRUNC,claimed,no,1,unknown,,,,
sha1ntlm,SHA1NTLM,,sha1(md4(utf16($p))),vector,dynamic=sha1(md4(utf16($p))),,composite,,ok,,,unknown,,unknown,SHA1NTLM,proven,no,1,unknown,,,,
sha1ntlmuc,SHA1NTLMUC,,sha1(upper(md4(utf16($p)))),vector,dynamic=sha1(MD4(utf16($p))),,composite,,needs-review,,,unknown,,unknown,SHA1NTLMUC,proven,no,1,unknown,,,,
sha1pass-trunc,SHA1PASS-TRUNC,,"sha1(sha1($p).cut($p,0,3))",upstream,,,composite,,needs-review,,,unknown,,unknown,SHA1PASS-TRUNC,proven,no,1,unknown,,,,
sha1passhexsalt,SHA1PASSHEXSALT,,sha1($p.fromhex($s)),upstream,,,composite,,needs-review,,112,proven,,unknown,SHA1PASSHEXSALT,proven,no,1,shared,,,,
sha1raw,SHA1RAW,,sha1(sha1_raw($p)),vector,dynamic=sha1(sha1_raw($p)),,,,needs-review,,300,proven,,unknown,SHA1RAW,claimed,no,1,unknown,,,,
sha1revbase64,SHA1revBASE64,,sha1(rev(base64($p))),upstream,,,composite,,needs-review,,,unknown,,unknown,SHA1revBASE64,proven,no,1,unknown,,,,
sha1revbase64x,SHA1revBASE64x,,,absent,,sha1(rev(base64^N(pass))),,,ok,,,unknown,,unknown,SHA1revBASE64x,proven,no,1,unknown,,,,
sha1revmd5passsalt,SHA1revMD5PASSSALT,,sha1(rev(md5($p)).$s),upstream,,,composite,,needs-review,,,no,,unknown,SHA1revMD5PASSSALT,proven,no,1,unknown,,,,
sha1revsha1,SHA1revSHA1,,sha1(rev(sha1($p))),upstream,,,composite,,needs-review,,,unknown,,unknown,SHA1revSHA1,proven,no,1,unknown,,,,
sha1rmd128,SHA1RMD128,,sha1(ripemd128($p)),vector,dynamic=sha1(ripemd128($p)),,composite,,ok,,,unknown,,unknown,SHA1RMD128,proven,no,1,unknown,,,,
sha1rmd160trunc,SHA1RMD160TRUNC,,,absent,,"sha1(cut(rmd160(pass),0,32))",,,needs-review,,,unknown,,unknown,SHA1RMD160TRUNC,claimed,no,1,unknown,,,,
sha1saltcx,SHA1SALTCX,,,,,,,,needs-review,,,no,,unknown,SHA1SALTCX,claimed,no,0,unknown,,,,
sha1saltmd5md5pass,SHA1SALTMD5MD5PASS,,sha1($s.md5(md5($p))),vector,dynamic=sha1($s.md5(md5($p))),,composite,,ok,,,unknown,,unknown,SHA1SALTMD5MD5PASS,proven,no,1,unknown,,,,
sha1saltmd5md5passpepper,SHA1SALTMD5MD5PASSPEPPER,,,absent,,sha1(salt . md5(md5(pass)) . pepper),,,needs-review,,,unknown,,unknown,SHA1SALTMD5MD5PASSPEPPER,proven,no,1,unknown,,,,
sha1saltmd5pass,SHA1SALTMD5PASS,,sha1($s.md5($p)),vector,dynamic=sha1($s.md5($p)),,composite,,ok,,,no,,unknown,SHA1SALTMD5PASS,proven,no,2,unknown,,,,
sha1saltmd5passmd5,SHA1SALTMD5PASSMD5,,sha1($s.md5($p.md5($p))),vector,dynamic=sha1($s.md5($p.md5($p))),,composite,,ok,,,unknown,,unknown,SHA1SALTMD5PASSMD5,proven,no,1,unknown,,,,
sha1saltmd5passpepper,SHA1SALTMD5PASSPEPPER,,,absent,,sha1(salt . md5(pass) . pepper),,,needs-review,,,unknown,,unknown,SHA1SALTMD5PASSPEPPER,proven,no,1,unknown,,,,
sha1saltmd5sha1pass,SHA1SALTMD5SHA1PASS,,sha1($s.md5(sha1($p))),upstream,,,composite,,needs-review,,,unknown,,unknown,SHA1SALTMD5SHA1PASS,proven,no,1,unknown,,,,
sha1saltmd5sha1passpepper,SHA1SALTMD5SHA1PASSPEPPER,,,absent,,sha1(salt . md5(sha1(pass)) . pepper),,,needs-review,,,unknown,,unknown,SHA1SALTMD5SHA1PASSPEPPER,proven,no,1,unknown,,,,
sha1saltmd5uc,SHA1SALTMD5UC,,sha1($s.upper(md5($p))),vector,dynamic=sha1($s.MD5($p)),,composite,,needs-review,,,unknown,,unknown,SHA1SALTMD5UC,proven,no,1,unknown,,,,
sha1saltmd5ucmd5uc,SHA1SALTMD5UCMD5UC,,sha1($s.upper(md5(upper(md5($p))))),vector,dynamic=sha1($s.MD5(MD5($p))),,composite,,needs-review,,,unknown,,unknown,SHA1SALTMD5UCMD5UC,proven,no,1,unknown,,,,
sha1saltmd5ucpasspepper,SHA1SALTMD5UCPASSPEPPER,,,absent,,sha1(salt . upper(md5(pass)) . pepper),,,needs-review,,,unknown,,unknown,SHA1SALTMD5UCPASSPEPPER,proven,no,1,unknown,,,,
sha1saltrevmd5pass,SHA1SALTrevMD5PASS,,sha1($s.rev(md5($p))),upstream,,,composite,,needs-review,,,no,,unknown,SHA1SALTrevMD5PASS,proven,no,1,unknown,,,,
sha1saltsha1cap,SHA1SALTSHA1CAP,,sha1($s.cap(sha1($p))),upstream,,,composite,,needs-review,,,unknown,,unknown,SHA1SALTSHA1CAP,proven,no,1,unknown,,,,
sha1saltsha1md5,SHA1SALTSHA1MD5,,sha1($s.sha1(md5($p))),upstream,,,composite,,needs-review,,,unknown,,unknown,SHA1SALTSHA1MD5,proven,no,1,unknown,,,,
sha1saltsha1passpepper,SHA1SALTSHA1PASSPEPPER,,,absent,,sha1(salt . sha1(pass) . pepper),,,needs-review,,,unknown,,unknown,SHA1SALTSHA1PASSPEPPER,proven,no,1,unknown,,,,
sha1saltsha1ucpass,SHA1SALTSHA1UCPASS,,sha1($s.upper(sha1($p))),upstream,,,composite,,needs-review,,,unknown,,unknown,SHA1SALTSHA1UCPASS,proven,no,1,unknown,,,,
sha1saltsha256,SHA1SALTSHA256,,sha1($s.sha256($p)),upstream,,,composite,,needs-review,,,unknown,,unknown,SHA1SALTSHA256,proven,no,1,unknown,,,,
sha1saltsha256trunc,SHA1SALTSHA256TRUNC,,,absent,,"sha1(salt . cut(sha256(pass), 0, N))",,,needs-review,,,unknown,,unknown,SHA1SALTSHA256TRUNC,claimed,no,1,unknown,,,,
sha1saltsha256truncmd5,SHA1SALTSHA256TRUNCMD5,,,absent,,"sha1(salt . md5(cut(sha256(pass), 0, N)))",,,needs-review,,,unknown,,unknown,SHA1SALTSHA256TRUNCMD5,claimed,no,1,unknown,,,,
sha1saltsha256uctrunc,SHA1SALTSHA256UCTRUNC,,,absent,,"sha1(salt . cut(upper(sha256(pass)), 0, N))",,,needs-review,,,unknown,,unknown,SHA1SALTSHA256UCTRUNC,claimed,no,1,unknown,,,,
sha1saltsha512uctrunc,SHA1SALTSHA512UCTRUNC,,,absent,,"sha1(salt . cut(upper(sha512(pass)), 0, N))",,,needs-review,,,unknown,,unknown,SHA1SALTSHA512UCTRUNC,claimed,no,1,unknown,,,,
sha1sha0,SHA1SHA0,,sha1(sha0($p)),upstream,,,composite,,needs-review,,,unknown,,unknown,SHA1SHA0,proven,no,1,unknown,,,,
sha1sha11cap,SHA1SHA11CAP,,sha1(cap(sha1($p))),upstream,,,composite,,needs-review,,,unknown,,unknown,SHA1SHA11CAP,proven,no,1,unknown,,,,
sha1sha1capsalt,SHA1SHA1CAPSALT,,sha1(cap(sha1($p)).$s),upstream,,,composite,,needs-review,,,unknown,,unknown,SHA1SHA1CAPSALT,proven,no,1,unknown,,,,
sha1sha1captrunc,SHA1SHA1CAPTRUNC,,,absent,,"sha1(cut(cap(sha1(pass)), 0, N))",,,ok,,,unknown,,unknown,SHA1SHA1CAPTRUNC,proven,no,1,unknown,,,,
sha1sha1hum,SHA1SHA1HUM,,,absent,,emit(sha1(sha1(pass).S)),,,needs-review,,,no,,unknown,SHA1SHA1HUM,claimed,no,0,unknown,,,,
sha1sha1md5md5pass1salt,SHA1SHA1MD5MD5PASS1SALT,,,absent,,sha1(sha1(md5(md5(pass))) . salt),,,ok,,,unknown,,unknown,SHA1SHA1MD5MD5PASS1SALT,proven,no,1,unknown,,,,
sha1sha1md5passsalt,SHA1SHA1MD5PASSSALT,,sha1(sha1(md5($p)).$s),vector,dynamic=sha1(sha1(md5($p)).$s),,composite,,ok,,,unknown,,unknown,SHA1SHA1MD5PASSSALT,proven,no,1,unknown,,,,
sha1sha1pass-trunc1salt,SHA1SHA1PASS-TRUNC1SALT,,,absent,,"sha1(cut(sha1(pass), 0, N) . salt)",,,ok,,,unknown,,unknown,SHA1SHA1PASS-TRUNC1SALT,proven,no,1,unknown,,,,
sha1sha1saltpasssalt,SHA1SHA1SALTPASSSALT,,sha1(sha1($s.$p.$s)),vector,dynamic=sha1(sha1($s.$p.$s)),,composite,,ok,,5000,proven,,unknown,SHA1SHA1SALTPASSSALT,proven,no,2,shared,,,,
sha1sha1sha1trunc,SHA1SHA1SHA1TRUNC,,,absent,,"sha1(cut(sha1(sha1(pass)), 0, N))",,,ok,,,unknown,,unknown,SHA1SHA1SHA1TRUNC,proven,no,1,unknown,,,,
sha1sha1sub1-16,SHA1SHA1sub1-16,,"sha1(cut(sha1($p),0,16))",upstream,,,composite,,needs-review,,,unknown,,unknown,SHA1SHA1sub1-16,proven,no,1,unknown,,,,
sha1sha1trunc,SHA1SHA1TRUNC,,,absent,,"sha1(cut(sha1(pass), 0, N))",,,needs-review,,,unknown,dynamic_1026,proven,SHA1SHA1TRUNC,claimed,no,1,unknown,,,,
sha1sha1trunc-sha1pass-3,SHA1SHA1TRUNC-SHA1PASS-3,,,absent,,"sha1(cut(sha1(sha1(pass) . cut(pass, 0, 3)), 0, N))",,,ok,,,unknown,,unknown,SHA1SHA1TRUNC-SHA1PASS-3,proven,no,1,unknown,,,,
sha1sha1truncmd5,SHA1SHA1TRUNCMD5,,,absent,,"sha1(cut(sha1(md5(pass)), 0, N))",,,ok,,,unknown,,unknown,SHA1SHA1TRUNCMD5,proven,no,1,unknown,,,,
sha1sha1truncsalt,SHA1SHA1TRUNCSALT,,,absent,,"sha1(cut(sha1(pass), 0, N) . salt)",,,needs-review,,,unknown,,unknown,SHA1SHA1TRUNCSALT,claimed,no,1,unknown,,,,
sha1sha1u34,SHA1SHA1u34,,"sha1(cut(sha1($p),0,34))",upstream,,,composite,,needs-review,,,unknown,,unknown,SHA1SHA1u34,proven,no,1,unknown,,,,
sha1sha1u35,SHA1SHA1u35,,"sha1(cut(sha1($p),0,35))",upstream,,,composite,,needs-review,,,unknown,,unknown,SHA1SHA1u35,proven,no,1,unknown,,,,
sha1sha1u36,SHA1SHA1u36,,"sha1(cut(sha1($p),0,36))",upstream,,,composite,,needs-review,,,unknown,,unknown,SHA1SHA1u36,proven,no,1,unknown,,,,
sha1sha1u37,SHA1SHA1u37,,"sha1(cut(sha1($p),0,37))",upstream,,,composite,,needs-review,,,unknown,,unknown,SHA1SHA1u37,proven,no,1,unknown,,,,
sha1sha1u38,SHA1SHA1u38,,"sha1(cut(sha1($p),0,38))",upstream,,,composite,,needs-review,,,unknown,,unknown,SHA1SHA1u38,proven,no,1,unknown,,,,
sha1sha1u39,SHA1SHA1u39,,"sha1(cut(sha1($p),0,39))",upstream,,,composite,,needs-review,,,unknown,,unknown,SHA1SHA1u39,proven,no,1,unknown,,,,
sha1sha1ucpasssalt,SHA1SHA1UCPASSSALT,,sha1(upper(sha1($p)).$s),upstream,,,composite,,needs-review,,,unknown,,unknown,SHA1SHA1UCPASSSALT,proven,no,1,unknown,,,,
sha1sha1uctrunc,SHA1SHA1UCTRUNC,,,absent,,"sha1(cut(upper(sha1(pass)), 0, N))",,,needs-review,,,unknown,,unknown,SHA1SHA1UCTRUNC,claimed,no,1,unknown,,,,
sha1sha224,SHA1SHA224,,sha1(sha224($p)),vector,dynamic=sha1(sha224($p)),,composite,,ok,,,unknown,,unknown,SHA1SHA224,proven,no,1,unknown,,,,
sha1sha256cap,SHA1SHA256CAP,,sha1(cap(sha256($p))),upstream,,,composite,,needs-review,,,unknown,,unknown,SHA1SHA256CAP,proven,no,1,unknown,,,,
sha1sha256md5,SHA1SHA256MD5,,sha1(sha256(md5($p))),vector,dynamic=sha1(sha256(md5($p))),,composite,,ok,,,unknown,,unknown,SHA1SHA256MD5,proven,no,1,unknown,,,,
sha1sha256md5md5,SHA1SHA256MD5MD5,,sha1(sha256(md5(md5($p)))),vector,dynamic=sha1(sha256(md5(md5($p)))),,composite,,ok,,,unknown,,unknown,SHA1SHA256MD5MD5,proven,no,1,unknown,,,,
sha1sha256md5sha256md5,SHA1SHA256MD5SHA256MD5,,sha1(sha256(md5(sha256(md5($p))))),vector,dynamic=sha1(sha256(md5(sha256(md5($p))))),,composite,,ok,,,unknown,,unknown,SHA1SHA256MD5SHA256MD5,proven,no,1,unknown,,,,
sha1sha256sha1,SHA1SHA256SHA1,,sha1(sha256(sha1($p))),vector,dynamic=sha1(sha256(sha1($p))),,composite,,ok,,,unknown,,unknown,SHA1SHA256SHA1,proven,no,1,unknown,,,,
sha1sha256sha256,SHA1SHA256SHA256,,sha1(sha256(sha256($p))),vector,dynamic=sha1(sha256(sha256($p))),,composite,,ok,,,unknown,,unknown,SHA1SHA256SHA256,proven,no,1,unknown,,,,
sha1sha256sha256sha256,SHA1SHA256SHA256SHA256,,sha1(sha256(sha256(sha256($p)))),vector,dynamic=sha1(sha256(sha256(sha256($p)))),,composite,,ok,,,unknown,,unknown,SHA1SHA256SHA256SHA256,proven,no,1,unknown,,,,
sha1sha256sha512,SHA1SHA256SHA512,,sha1(sha256(sha512($p))),vector,dynamic=sha1(sha256(sha512($p))),,composite,,ok,,,unknown,,unknown,SHA1SHA256SHA512,proven,no,1,unknown,,,,
sha1sha256trunc,SHA1SHA256TRUNC,,,absent,,"sha1(cut(sha256(pass), 0, N))",,,needs-review,,,unknown,,unknown,SHA1SHA256TRUNC,claimed,no,1,unknown,,,,
sha1sha256truncmd5,SHA1SHA256TRUNCMD5,,,absent,,"sha1(md5(cut(sha256(pass), 0, N)))",,,needs-review,,,unknown,,unknown,SHA1SHA256TRUNCMD5,claimed,no,1,unknown,,,,
sha1sha256truncmd5salt,SHA1SHA256TRUNCMD5SALT,,,absent,,"sha1(md5(cut(sha256(pass), 0, N)) . salt)",,,needs-review,,,unknown,,unknown,SHA1SHA256TRUNCMD5SALT,claimed,no,1,unknown,,,,
sha1sha256truncsalt,SHA1SHA256TRUNCSALT,,,absent,,"sha1(cut(sha256(pass), 0, N) . salt)",,,needs-review,,,unknown,,unknown,SHA1SHA256TRUNCSALT,claimed,no,1,unknown,,,,
sha1sha256u32,SHA1SHA256u32,,"sha1(cut(sha256($p),0,32))",upstream,,,composite,,needs-review,,,unknown,,unknown,SHA1SHA256u32,proven,no,1,unknown,,,,
sha1sha256u34,SHA1SHA256u34,,"sha1(cut(sha256($p),0,34))",upstream,,,composite,,needs-review,,,unknown,,unknown,SHA1SHA256u34,proven,no,1,unknown,,,,
sha1sha256u36,SHA1SHA256u36,,"sha1(cut(sha256($p),0,36))",upstream,,,composite,,needs-review,,,unknown,,unknown,SHA1SHA256u36,proven,no,1,unknown,,,,
sha1sha256u37,SHA1SHA256u37,,"sha1(cut(sha256($p),0,37))",upstream,,,composite,,needs-review,,,unknown,,unknown,SHA1SHA256u37,proven,no,1,unknown,,,,
sha1sha256u38,SHA1SHA256u38,,"sha1(cut(sha256($p),0,38))",upstream,,,composite,,needs-review,,,unknown,,unknown,SHA1SHA256u38,proven,no,1,unknown,,,,
sha1sha256u40,SHA1SHA256u40,,"sha1(cut(sha256($p),0,40))",upstream,,,composite,,needs-review,,,unknown,,unknown,SHA1SHA256u40,proven,no,1,unknown,,,,
sha1sha256u42,SHA1SHA256u42,,"sha1(cut(sha256($p),0,42))",upstream,,,composite,,needs-review,,,unknown,,unknown,SHA1SHA256u42,proven,no,1,unknown,,,,
sha1sha256uc,SHA1SHA256UC,,sha1(upper(sha256($p))),vector,dynamic=sha1(SHA256($p)),,composite,,needs-review,,,unknown,,unknown,SHA1SHA256UC,proven,no,1,unknown,,,,
sha1sha256ucsha256,SHA1SHA256UCSHA256,,sha1(upper(sha256(sha256($p)))),vector,dynamic=sha1(SHA256(sha256($p))),,composite,,needs-review,,,unknown,,unknown,SHA1SHA256UCSHA256,proven,no,1,unknown,,,,
sha1sha256ucsha256sha256,SHA1SHA256UCSHA256SHA256,,sha1(upper(sha256(sha256(sha256($p))))),vector,dynamic=sha1(SHA256(sha256(sha256($p)))),,composite,,needs-review,,,unknown,,unknown,SHA1SHA256UCSHA256SHA256,proven,no,1,unknown,,,,
sha1sha256uctrunc,SHA1SHA256UCTRUNC,,,absent,,"sha1(cut(upper(sha256(pass)), 0, N))",,,needs-review,,,unknown,,unknown,SHA1SHA256UCTRUNC,claimed,no,1,unknown,,,,
sha1sha256ucx,SHA1SHA256UCx,,,absent,,sha1(upper(sha256^N(pass))),,,needs-review,,,unknown,,unknown,SHA1SHA256UCx,claimed,no,1,unknown,,,,
sha1sha256ucxsha256,SHA1SHA256UCxSHA256,,,absent,,sha1(sha256(upper(sha256^N(pass)))),,,needs-review,,,unknown,,unknown,SHA1SHA256UCxSHA256,claimed,no,1,unknown,,,,
sha1sha256x,SHA1SHA256x,,,absent,,sha1(sha256^N(pass)),,,needs-review,,,unknown,,unknown,SHA1SHA256x,claimed,no,1,unknown,,,,
sha1sha3-256,SHA1SHA3-256,,sha1(sha3_256($p)),vector,dynamic=sha1(sha3_256($p)),,composite,,ok,,,unknown,,unknown,SHA1SHA3-256,proven,no,1,unknown,,,,
sha1sha3-256trunc,SHA1SHA3-256TRUNC,,,absent,,"sha1(cut(sha3_256(pass), 0, N))",,,needs-review,,,unknown,,unknown,SHA1SHA3-256TRUNC,claimed,no,1,unknown,,,,
sha1sha384trunc,SHA1SHA384TRUNC,,,absent,,"sha1(cut(sha384(pass),0,32))",,,needs-review,,,unknown,,unknown,SHA1SHA384TRUNC,claimed,no,1,unknown,,,,
sha1sha512trunc,SHA1SHA512TRUNC,,,absent,,"sha1(cut(sha512(pass), 0, N))",,,needs-review,,,unknown,,unknown,SHA1SHA512TRUNC,claimed,no,1,unknown,,,,
sha1sha512trunc1salt,SHA1SHA512TRUNC1SALT,,,absent,,"sha1(cut(sha512(pass), 0, N) . salt)",,,ok,,,unknown,,unknown,SHA1SHA512TRUNC1SALT,proven,no,1,unknown,,,,
sha1sha512truncmd5,SHA1SHA512TRUNCMD5,,,absent,,"sha1(cut(sha512(md5(pass)), 0, N))",,,ok,,,unknown,,unknown,SHA1SHA512TRUNCMD5,proven,no,1,unknown,,,,
sha1sha512uc,SHA1SHA512UC,,sha1(upper(sha512($p))),vector,dynamic=sha1(SHA512($p)),,composite,,needs-review,,,unknown,,unknown,SHA1SHA512UC,proven,no,1,unknown,,,,
sha1sha512uctrunc,SHA1SHA512UCTRUNC,,,absent,,"sha1(cut(upper(sha512(pass)), 0, N))",,,needs-review,,,unknown,,unknown,SHA1SHA512UCTRUNC,claimed,no,1,unknown,,,,
sha1sql5-32,SHA1SQL5-32,,"sha1(cut(upper(sha1(sha1_raw($p))),0,32))",upstream,,,composite,,needs-review,,,unknown,,unknown,SHA1SQL5-32,proven,no,1,unknown,,,,
sha1uc,SHA1UC,,,absent,,sha1_uc(pass),,,needs-review,,100,proven,Raw-SHA1 dynamic_26 raw-SHA1-opencl,proven,SHA1UC,claimed,no,1,unknown,,collides with sha1lsb35 (truncation),,
sha1ucutf16le,SHA1UCUTF16LE,,,absent,,sha1_uc(utf16le(pass)),,,ok,,170,proven,dynamic_1400,proven,SHA1UCUTF16LE,proven,no,1,shared,,,,
sha1usersql3,SHA1USERSQL3,,,absent,,"sha1(user . "":"" . mysql3(pass))",,,ok,,,no,,unknown,SHA1USERSQL3,proven,no,1,unknown,,,,
sha1utf16be,SHA1UTF16BE,,sha1(utf16be($p)),vector,dynamic=sha1(utf16be($p)),,composite,,ok,,,unknown,,unknown,SHA1UTF16BE,proven,no,1,unknown,,,,
sha1utf16bez,SHA1UTF16BEZ,,"sha1(utf16be($p).$c1),c1=\x00",vector,"dynamic=sha1(utf16be($p).$c1),c1=\x00",,,,ok,,,unknown,,unknown,SHA1UTF16BEZ,proven,no,1,unknown,,,,
sha1utf16lepasssalt,SHA1UTF16LEPASSSALT,,,,,,composite,,ok,,130,proven,,unknown,SHA1UTF16LEPASSSALT,proven,no,1,shared,,,,
sha1utf16lesaltpass,SHA1UTF16LESALTPASS,,sha1($s.utf16($p)),vector,dynamic=sha1($s.utf16($p)),,composite,,ok,,140,proven,dynamic_1600 dynamic_41,proven,SHA1UTF16LESALTPASS,proven,no,1,shared,,,,
sha1utf7,SHA1UTF7,,,absent,,sha1(utf7(pass)),,,ok,,,unknown,,unknown,SHA1UTF7,proven,no,1,unknown,,,,
sha1wrltrunc,SHA1WRLTRUNC,,,absent,,"sha1(cut(wrl(pass), 0, N))",,,needs-review,,,unknown,,unknown,SHA1WRLTRUNC,claimed,no,1,unknown,,,,
sha1wrluctrunc,SHA1WRLUCTRUNC,,,absent,,"sha1(cut(upper(wrl(pass)), 0, N))",,,needs-review,,,unknown,,unknown,SHA1WRLUCTRUNC,claimed,no,1,unknown,,,,
sha1wrluctruncsalt,SHA1WRLUCTRUNCSALT,,,absent,,"sha1(cut(upper(wrl(pass)), 0, N) . salt)",,,needs-review,,,unknown,,unknown,SHA1WRLUCTRUNCSALT,claimed,no,1,unknown,,,,
sha1zutf16le,SHA1ZUTF16LE,,"sha1($c1.utf16($p)),c1=\x00",vector,"dynamic=sha1($c1.utf16($p)),c1=\x00",,,,ok,,,unknown,,unknown,SHA1ZUTF16LE,proven,no,1,unknown,,,,
sha224-x2,SHA224 (2 iterations),,sha224(sha224($p)),vector,dynamic=sha224(sha224($p)),,iterated,,ok,,34400,proven,dynamic_53,proven,SHA224 -i2,proven,no,1,shared,,,,
sha224-md5-plain,sha224(md5($plain)),,sha224(md5($p)),vector,dynamic=sha224(md5($p)),,composite,,ok,,,no,,unknown,SHA224MD5,proven,no,1,unknown,,,SHA224MD5,
sha224-md5-plain-plain,"sha224(md5($plain),$plain)",,sha224(md5($p).$p),vector,dynamic=sha224(md5($p).$p),,composite,,ok,,,no,,unknown,SHA224MD5PASS,proven,no,1,unknown,,,SHA224(MD5(PLAIN)PLAIN),
sha224-sha224-plain-true,"sha224(sha224($plain, true))",,sha224(sha224_raw($p)),vector,dynamic=sha224(sha224_raw($p)),,iterated,,ok,,,unknown,dynamic_54,proven,SHA224RAW -i2,proven,no,1,shared,,,SHA224RAWSHA224,
sha224passsalt,SHA224PASSSALT,,sha224($p.$s),vector,dynamic=sha224($p.$s),,composite,,ok,,1310,proven,dynamic_52,proven,SHA224PASSSALT,proven,no,1,shared,,,,
sha224saltpass,SHA224SALTPASS,,sha224($s.$p),vector,dynamic=sha224($s.$p),,composite,,ok,,1320,proven,dynamic_51,proven,SHA224SALTPASS,proven,no,1,shared,,,,
sha224sha1,SHA224SHA1,,sha224(sha1($p)),vector,dynamic=sha224(sha1($p)),,composite,,ok,,34500,proven,,unknown,SHA224SHA1,proven,no,1,shared,,,,
sha256,SHA256,,sha256($p),vector,dynamic=sha256($p),,primitive,,ok,,1400,proven,Raw-SHA256 dynamic_60 raw-SHA256-opencl,proven,SHA256,proven,no,1,shared,,,SHA256; SHA256,
sha256-x2,SHA256 (2 iterations),,sha256(sha256($p)),vector,dynamic=sha256(sha256($p)),,iterated,,ok,,,unknown,dynamic_63,proven,SHA256 -i2,proven,no,1,shared,,,,
sha256-pass-salt,sha256($pass.$salt),,sha256($p.$s),vector,dynamic=sha256($p.$s),,composite,,ok,,1410,proven,dynamic_62,proven,SHA256PASSSALT,proven,no,2,shared,,,SHA256(PLAINSALT); sha256($pass.$salt),
sha256-salt-pass,sha256($salt.$pass),,sha256($s.$p),vector,dynamic=sha256($s.$p),,,,ok,,1420,proven,dynamic_61,proven,SHA256SALTPASS,proven,no,2,shared,,encoding of sha256rawsaltpass (encoding),SHA256(SALTPLAIN); sha256($salt.$pass),
sha256-salt-sha256-pass,sha256($salt.sha256($pass)),,sha256($s.sha256($p)),vector,dynamic=sha256($s.sha256($p)),,composite,,ok,,20720,proven,dynamic_66,proven,SHA256SALTSHA256PASS,proven,no,2,shared,,,,
sha256-md5-plain,sha256(md5($plain)),,sha256(md5($p)),vector,dynamic=sha256(md5($p)),,composite,,ok,,20800,proven,,unknown,SHA256MD5,proven,no,1,shared,,,SHA256MD5,
sha256-md5-plain-plain,"sha256(md5($plain),$plain)",,sha256(md5($p).$p),vector,dynamic=sha256(md5($p).$p),,composite,,ok,,,no,,unknown,SHA256MD5PASS,proven,no,1,unknown,,,SHA256(MD5(PLAIN)PLAIN),
sha256-md5-salt-plain-salt,"sha256(md5($salt.$plain)."":"".$salt)","sha256(md5($salt.$plain).$salt); sha256(md5($salt.$plain)."":"".$salt."":"")",,absent,,sha256(pass . salt),,,ok,,,no,,unknown,SHA256HEXSALT,proven,no,3,unknown,,,SHA256(MD5(SALTPLAIN)INSDPSALT),
sha256-sha1-plain,sha256(sha1($plain)),,sha256(sha1($p)),vector,dynamic=sha256(sha1($p)),,composite,,ok,,,no,,unknown,SHA256SHA1,proven,no,1,unknown,,,SHA256SHA1,
sha256-sha256-pass-salt,sha256(sha256($pass.$salt)),,sha256(sha256($p.$s)),vector,dynamic=sha256(sha256($p.$s)),,composite,,ok,,20730,proven,,unknown,,unknown,no,1,unknown,,,,
sha256-sha256-plain-true,"sha256(sha256($plain, true))",,sha256(sha256_raw($p)),vector,dynamic=sha256(sha256_raw($p)),,iterated,,ok,,21400,proven,dynamic_64,proven,SHA256RAW -i2,proven,no,1,shared,,,SHA256RAWSHA256,
sha256-sha512-plain,sha256(sha512($plain)),,sha256(sha512($p)),vector,dynamic=sha256(sha512($p)),,composite,,ok,,,no,,unknown,SHA256SHA512,proven,no,1,unknown,,,SHA256SHA512,
sha256-saltsha256raw,SHA256-SALTSHA256RAW,,sha256($s.sha256_raw($p)),vector,dynamic=sha256($s.sha256_raw($p)),,composite,,ok,,21420,proven,,unknown,SHA256-SALTSHA256RAW,proven,no,1,shared,,,,
sha256crypt,sha256crypt,,,absent,,"sha256crypt(pass, salt, rounds)",application,,ok,,7400,proven,sha256crypt sha256crypt-opencl,proven,SHA256CRYPT,proven,no,1,shared,,,SHA256CRYPT,
sha256md5saltpass,SHA256MD5SALTPASS,,sha256(md5($s.$p)),vector,dynamic=sha256(md5($s.$p)),,composite,,ok,,,no,,unknown,SHA256MD5SALTPASS,proven,no,2,unknown,,,,
sha256md5sha256md5,SHA256MD5SHA256MD5,,sha256(md5(sha256(md5($p)))),vector,dynamic=sha256(md5(sha256(md5($p)))),,composite,,ok,,,unknown,,unknown,SHA256MD5SHA256MD5,proven,no,1,unknown,,,,
sha256rawsaltpass,SHA256RAWSALTPASS,,sha256($s.$p),vector,dynamic=sha256($s.$p),,,,ok,,1420,proven,FormSpring dynamic_61,proven,SHA256RAWSALTPASS,proven,no,3,shared,,encoding of sha256-salt-pass (encoding),,
sha256saltpasssalt,SHA256SALTPASSSALT,,sha256($s.$p.$s),vector,dynamic=sha256($s.$p.$s),,composite,,ok,,22300,proven,,unknown,SHA256SALTPASSSALT,proven,no,2,shared,,,,
sha256sha256salt,SHA256SHA256SALT,,sha256(sha256($p).$s),upstream,,,composite,,needs-review,,20710,proven,dynamic_1503 dynamic_65,proven,SHA256SHA256SALT,proven,no,3,shared,,,,
sha256uc,SHA256UC,,,absent,,sha256_uc(pass),,,needs-review,,,unknown,,unknown,SHA256UC,claimed,no,0,unknown,,,,
sha256utf16le,SHA256UTF16LE,,sha256(utf16($p)),vector,dynamic=sha256(utf16($p)),,composite,,ok,,1470,proven,,unknown,SHA256UTF16LE,proven,no,1,shared,,,,
sha256utf16lepasssalt,SHA256UTF16LEPASSSALT,,sha256(utf16($p).$s),vector,dynamic=sha256(utf16($p).$s),,composite,,ok,,1430,proven,,unknown,SHA256UTF16LEPASSSALT,proven,no,1,shared,,,,
sha256utf16lesaltpass,SHA256UTF16LESALTPASS,,sha256($s.utf16($p)),vector,dynamic=sha256($s.utf16($p)),,composite,,ok,,1440,proven,,unknown,SHA256UTF16LESALTPASS,proven,no,1,shared,,,,
sha3-224-x2,SHA3-224 (2 iterations),,sha3_224(sha3_224($p)),vector,dynamic=sha3_224(sha3_224($p)),,iterated,,ok,,,unknown,dynamic_373,proven,SHA3-224 -i2,proven,no,1,shared,,,,
sha3-224-plain,sha3-224($plain),,sha3_224($p),vector,dynamic=sha3_224($p),,primitive,,ok,,17300,proven,dynamic_370,proven,SHA3-224,proven,no,1,shared,,,SHA3-224,
sha3-256-x2,SHA3-256 (2 iterations),,sha3_256(sha3_256($p)),vector,dynamic=sha3_256(sha3_256($p)),,iterated,,ok,,,unknown,dynamic_383,proven,SHA3-256 -i2,proven,no,1,shared,,,,
sha3-256-plain,sha3-256($plain),,sha3_256($p),vector,dynamic=sha3_256($p),,primitive,,ok,,17400,proven,dynamic_380,proven,SHA3-256,proven,no,1,shared,,,SHA3-256,
sha3-384-x2,SHA3-384 (2 iterations),,sha3_384(sha3_384($p)),vector,dynamic=sha3_384(sha3_384($p)),,iterated,,ok,,,unknown,dynamic_393,proven,SHA3-384 -i2,proven,no,1,shared,,,,
sha3-384-plain,sha3-384($plain),,sha3_384($p),vector,dynamic=sha3_384($p),,primitive,,ok,,17500,proven,dynamic_390,proven,SHA3-384,proven,no,1,shared,,,SHA3-384,
sha3-512-x2,SHA3-512 (2 iterations),,sha3_512(sha3_512($p)),vector,dynamic=sha3_512(sha3_512($p)),,iterated,,ok,,,unknown,dynamic_403,proven,SHA3-512 -i2,proven,no,1,shared,,,,
sha3-512-plain,sha3-512($plain),,sha3_512($p),vector,dynamic=sha3_512($p),,primitive,,ok,,17600,proven,dynamic_400,proven,SHA3-512,proven,no,1,shared,,,SHA3-512,
sha384-x2,SHA384 (2 iterations),,sha384(sha384($p)),vector,dynamic=sha384(sha384($p)),,iterated,,ok,,,unknown,dynamic_73,proven,SHA384 -i2,proven,no,1,shared,,,,
sha384-md5-plain,sha384(md5($plain)),,sha384(md5($p)),vector,dynamic=sha384(md5($p)),,composite,,ok,,,no,,unknown,SHA384MD5,proven,no,1,unknown,,,SHA384MD5,
sha384-md5-plain-plain,"sha384(md5($plain),$plain)",,sha384(md5($p).$p),vector,dynamic=sha384(md5($p).$p),,composite,,ok,,,no,,unknown,SHA384MD5PASS,proven,no,1,unknown,,,SHA384(MD5(PLAIN)PLAIN),
sha384-sha384-plain-true,"sha384(sha384($plain, true))",,sha384(sha384_raw($p)),vector,dynamic=sha384(sha384_raw($p)),,iterated,,ok,,,unknown,dynamic_74,proven,SHA384RAW -i2,proven,no,1,shared,,,SHA384RAWSHA384,
sha384passsalt,SHA384PASSSALT,,sha384($p.$s),vector,dynamic=sha384($p.$s),,composite,,ok,,10810,proven,dynamic_72,proven,SHA384PASSSALT,proven,no,1,shared,,,,
sha384saltpass,SHA384SALTPASS,,sha384($s.$p),vector,dynamic=sha384($s.$p),,composite,,ok,,10820,proven,dynamic_71,proven,SHA384SALTPASS,proven,no,1,shared,,,,
sha384utf16le,SHA384UTF16LE,,sha384(utf16($p)),vector,dynamic=sha384(utf16($p)),,composite,,ok,,10870,proven,,unknown,SHA384UTF16LE,proven,no,1,shared,,,,
sha384utf16lepasssalt,SHA384UTF16LEPASSSALT,,sha384(utf16($p).$s),vector,dynamic=sha384(utf16($p).$s),,composite,,ok,,10830,proven,,unknown,SHA384UTF16LEPASSSALT,proven,no,1,shared,,,,
sha384utf16lesaltpass,SHA384UTF16LESALTPASS,,sha384($s.utf16($p)),vector,dynamic=sha384($s.utf16($p)),,composite,,ok,,10840,proven,,unknown,SHA384UTF16LESALTPASS,proven,no,1,shared,,,,
sha512,SHA512,,sha512($p),vector,dynamic=sha512($p),,primitive,,ok,,1700,proven,Raw-SHA512 dynamic_80 raw-SHA512-opencl raw-SHA512-free-opencl,proven,SHA512,proven,no,1,shared,,,SHA512; SHA512,
sha512-x2,SHA512 (2 iterations),,sha512(sha512($p)),vector,dynamic=sha512(sha512($p)),,iterated,,ok,,,unknown,dynamic_83,proven,SHA512 -i2,proven,no,1,shared,,,,
sha512-pass-salt,sha512($pass.$salt),,sha512($p.$s),vector,dynamic=sha512($p.$s),,composite,,ok,,1710,proven,dynamic_82,proven,SHA512PASSSALT,proven,no,2,shared,,,SHA512(PLAINSALT); sha512($pass.$salt),
sha512-salt-pass,sha512($salt.$pass),,sha512($s.$p),vector,dynamic=sha512($s.$p),,composite,,ok,,1720,proven,dynamic_81,proven,SHA512SALTPASS,proven,no,2,shared,,,SHA512(SALTPLAIN); sha512($salt.$pass),
sha512-md5-plain,sha512(md5($plain)),,sha512(md5($p)),vector,dynamic=sha512(md5($p)),,composite,,ok,,,no,,unknown,SHA512MD5,proven,no,1,unknown,,,SHA512MD5,
sha512-md5-plain-plain,"sha512(md5($plain),$plain)",,sha512(md5($p).$p),vector,dynamic=sha512(md5($p).$p),,composite,,ok,,,no,,unknown,SHA512MD5PASS,proven,no,1,unknown,,,SHA512(MD5(PLAIN)PLAIN),
sha512-sha512-plain-true,"sha512(sha512($plain, true))",,sha512(sha512_raw($p)),vector,dynamic=sha512(sha512_raw($p)),,iterated,,ok,,21000,proven,dynamic_84,proven,SHA512RAW -i2,proven,no,1,shared,,,SHA512RAWSHA512,
sha512-sha512-bin-pass-salt,sha512(sha512_bin($pass).$salt),,,,,,composite,,ok,,32420,proven,,unknown,,unknown,no,1,unknown,,,,
sha512-custom1,SHA512-CUSTOM1,,"sha512(md5(sha1(md5($c1.$p.$c2)))),c1=$3dfhgjhgG65-,c2=23ewdfwGh5RG65?",upstream,,,,,ok,,,no,,unknown,SHA512-CUSTOM1,proven,no,1,unknown,,,,
sha512crypt,sha512crypt,,,absent,,"sha512crypt(pass, salt)",application,,ok,,1800,proven,sha512crypt sha512crypt-opencl,proven,SHA512CRYPT,proven,no,1,shared,,,SHA512CRYPT,
sha512cryptmd5,SHA512CRYPTMD5,,,absent,,"sha512crypt(md5(pass), salt)",,,ok,,,unknown,,unknown,SHA512CRYPTMD5,proven,no,1,unknown,,,,
sha512saltmd5,SHA512SALTMD5,,sha512($s.md5($p)),upstream,,,composite,,needs-review,,,no,,unknown,SHA512SALTMD5,proven,no,1,unknown,,,,
sha512saltsha512,SHA512SALTSHA512,,sha512($s.sha512($p)),vector,dynamic=sha512($s.sha512($p)),,composite,,ok,,,unknown,dynamic_86,proven,SHA512SALTSHA512,proven,no,2,shared,,,,
sha512sha512rawuser,SHA512SHA512RAWUSER,,sha512(sha512_raw($p).$s),vector,dynamic=sha512(sha512_raw($p).$s),,composite,,ok,,32420,proven,,unknown,SHA512SHA512RAWUSER,proven,no,1,shared,,,,
sha512sha512salt,SHA512SHA512SALT,,sha512(sha512($p).$s),vector,dynamic=sha512(sha512($p).$s),,composite,,ok,,32410,proven,dynamic_85,proven,SHA512SHA512SALT,proven,no,2,shared,,,,
sha512utf16le,SHA512UTF16LE,,sha512(utf16($p)),vector,dynamic=sha512(utf16($p)),,composite,,ok,,1770,proven,,unknown,SHA512UTF16LE,proven,no,1,shared,,,,
sha512utf16lepasssalt,SHA512UTF16LEPASSSALT,,,,,,composite,,ok,,1730,proven,,unknown,SHA512UTF16LEPASSSALT,proven,no,1,shared,,,,
sha512utf16lesaltpass,SHA512UTF16LESALTPASS,,sha512($s.utf16($p)),vector,dynamic=sha512($s.utf16($p)),,composite,,ok,,1740,proven,,unknown,SHA512UTF16LESALTPASS,proven,no,1,shared,,,,
shabal192,SHABAL192,,,,,,,,ok,,,no,,unknown,,unknown,no,1,unknown,,,SHABAL192,
shabal224,SHABAL224,,,absent,,shabal224(pass),,,ok,,,no,,unknown,SHABAL224,proven,no,1,unknown,,,SHABAL224,
shabal256,SHABAL256,,,absent,,shabal256(pass),,,ok,,,no,,unknown,SHABAL256,proven,no,1,unknown,,,SHABAL256,
shabal384,SHABAL384,,,absent,,shabal384(pass),,,ok,,,no,,unknown,SHABAL384,proven,no,1,unknown,,,SHABAL384,
shabal512,SHABAL512,,,absent,,shabal512(pass),,,ok,,,no,,unknown,SHABAL512,proven,no,1,unknown,,,SHABAL512,
shangmi-3,ShangMi 3,SM3,sm3($p),vector,dynamic=sm3($p),,primitive,,ok,,31100,proven,Raw-SM3 dynamic_450,proven,SM3,proven,no,2,shared,,duplicate of sm3,,
shavite224,SHAVITE224,,,absent,,shavite224(pass),,,ok,,,no,,unknown,SHAVITE224,proven,no,1,unknown,,,SHAVITE224,
shavite256,SHAVITE256,,,absent,,shavite256(pass),,,ok,,,no,,unknown,SHAVITE256,proven,no,1,unknown,,,SHAVITE256,
shavite384,SHAVITE384,,,absent,,shavite384(pass),,,ok,,,no,,unknown,SHAVITE384,proven,no,1,unknown,,,SHAVITE384,
shavite512,SHAVITE512,,,absent,,shavite512(pass),,,ok,,,no,,unknown,SHAVITE512,proven,no,1,unknown,,,SHAVITE512,
shiro1,SHIRO1,,,absent,,"pbkdf2_sha1(pass, salt, N, 16)",application,,ok,,12150,proven,,unknown,SHIRO1,proven,no,1,shared,,,,
siemens-s7,Siemens-S7,,,absent,,Siemens-S7,,,ok,,,unknown,Siemens-S7,proven,,unknown,no,1,unknown,,,,
signal-android,Signal Android,,,absent,,Signal Android,,,ok,,,unknown,Signal,proven,,unknown,no,1,unknown,,,,
simd224,SIMD224,,,absent,,simd224(pass),,,ok,,,no,,unknown,SIMD224,proven,no,1,unknown,,,SIMD224,
simd256,SIMD256,,,absent,,simd256(pass),,,ok,,,no,,unknown,SIMD256,proven,no,1,unknown,,,SIMD256,
simd384,SIMD384,,,absent,,simd384(pass),,,ok,,,no,,unknown,SIMD384,proven,no,1,unknown,,,SIMD384,
simd512,SIMD512,,,absent,,simd512(pass),,,ok,,,no,,unknown,SIMD512,proven,no,1,unknown,,,SIMD512,
simplacms,SIMPLACMS,,md5($s.$p.md5($p)),vector,dynamic=md5($s.$p.md5($p)),,composite,,ok,,22800,proven,,unknown,SIMPLACMS,proven,no,1,shared,,,,
sip-digest-authentication-md5,SIP digest authentication (MD5),,,absent,,SIP digest authentication (MD5),protocol,,ok,,11400,proven,SIP,proven,,unknown,no,1,shared,,,,
siphash,SIPHASH,,,absent,,"siphash(pass, fromhex(salt))",composite,,ok,,10100,proven,,unknown,SIPHASH,proven,no,1,shared,,,,
skein-256,Skein 256,,,absent,,Skein 256,,,needs-review,,,unknown,skein-256,claimed,,unknown,no,0,unknown,,,,
skein-512,Skein 512,,,absent,,Skein 512,,,needs-review,,,unknown,skein-512,claimed,,unknown,no,0,unknown,,,,
skein224,SKEIN224,,skein224($p),vector,dynamic=skein224($p),,primitive,,ok,,,no,dynamic_330,proven,SKEIN224,proven,no,1,shared,,,SKEIN224,
skein224-x2,SKEIN224 (2 iterations),,skein224(skein224($p)),vector,dynamic=skein224(skein224($p)),,iterated,,ok,,,unknown,dynamic_333,proven,SKEIN224 -i2,proven,no,1,shared,,,,
skein256,SKEIN256,,skein256($p),vector,dynamic=skein256($p),,primitive,,ok,,,no,dynamic_340,proven,SKEIN256,proven,no,1,shared,,,SKEIN256,
skein256-x2,SKEIN256 (2 iterations),,skein256(skein256($p)),vector,dynamic=skein256(skein256($p)),,iterated,,ok,,,unknown,dynamic_343,proven,SKEIN256 -i2,proven,no,1,shared,,,,
skein384,SKEIN384,,skein384($p),vector,dynamic=skein384($p),,primitive,,ok,,,no,dynamic_350,proven,SKEIN384,proven,no,1,shared,,,SKEIN384,
skein384-x2,SKEIN384 (2 iterations),,skein384(skein384($p)),vector,dynamic=skein384(skein384($p)),,iterated,,ok,,,unknown,dynamic_353,proven,SKEIN384 -i2,proven,no,1,shared,,,,
skein512,SKEIN512,,skein512($p),vector,dynamic=skein512($p),,primitive,,ok,,,no,dynamic_360,proven,SKEIN512,proven,no,1,shared,,,SKEIN512,
skein512-x2,SKEIN512 (2 iterations),,skein512(skein512($p)),vector,dynamic=skein512(skein512($p)),,iterated,,ok,,,unknown,dynamic_363,proven,SKEIN512 -i2,proven,no,1,shared,,,,
skip32-pt-salt-key-pass,"Skip32 (PT = $salt, key = $pass)",,,absent,,"Skip32 (PT = $salt, key = $pass)",primitive,,ok,,14900,proven,,unknown,,unknown,no,1,unknown,,,,
skype,SKYPE,,"md5($s.$c1.$c2.$c1.$p),c1=\x0a,c2=skyper",vector,"dynamic=md5($s.$c1.$c2.$c1.$p),c1=\x0a,c2=skyper",,application,,ok,,23,proven,,unknown,SKYPE,proven,no,1,shared,,,,
sm3-x2,SM3 (2 iterations),,sm3(sm3($p)),vector,dynamic=sm3(sm3($p)),,iterated,,ok,,,unknown,dynamic_453,proven,SM3 -i2,proven,no,1,shared,,,,
sm3crypt,SM3CRYPT,,,absent,,"sm3crypt(pass, salt, rounds)",application,,ok,,35100,proven,sm3crypt,proven,SM3CRYPT,proven,no,1,shared,,,,
smf-v1-1,SMF < v1.1,,sha1(lower($s).$p),upstream,,,composite,,needs-review,,121,proven,dynamic_25 dynamic_37,claimed,SMF,proven,no,1,shared,,,SHA1(SALTPLAIN); SMF < v1.1,(using lowercase username as salt)
sne128,SNE128,,snefru128($p),upstream,,,primitive,,needs-review,,,unknown,Snefru-128,proven,SNE128,proven,no,1,shared,,,,
sne256,SNE256,,snefru256($p),upstream,,,primitive,,needs-review,,,unknown,Snefru-256,proven,SNE256,proven,no,1,shared,,,,
snefru-128,Snefru-128,,,absent,,Snefru-128,,,ok,,,unknown,Snefru-128,proven,SNE128,proven,no,1,shared,,,,
snefru-256,Snefru-256,,,absent,,Snefru-256,,,ok,,,unknown,Snefru-256,proven,,unknown,no,1,unknown,,,,
snefru128-md5-plain,snefru128(md5($plain)),,snefru128(md5($p)),upstream,,,composite,,needs-review,,,no,,unknown,SNE128MD5,proven,no,1,unknown,,,not supported,
snefru128-md5-plain-plain,snefru128(md5($plain).$plain),,snefru128(md5($p).$p),upstream,,,composite,,needs-review,,,no,,unknown,SNE128MD5PASS,proven,no,1,unknown,,,not supported,
snefru256-md5-plain,snefru256(md5($plain)),,snefru256(md5($p)),upstream,,,composite,,needs-review,,,no,,unknown,SNE256MD5,proven,no,1,unknown,,,SNEFRU256MD5,
snefru256-md5-plain-plain,snefru256(md5($plain).$plain),,snefru256(md5($p).$p),upstream,,,composite,,needs-review,,,no,,unknown,SNE256MD5PASS,proven,no,1,unknown,,,SNEFRU256(MD5(PLAIN)PLAIN),
sniffed-sessions,sniffed sessions,,,absent,,sniffed sessions,,,ok,,,unknown,LastPass,proven,,unknown,no,1,unknown,,,,
snmpv3-hmac-md5-96,SNMPv3 HMAC-MD5-96,,,absent,,SNMPv3 HMAC-MD5-96,protocol,,ok,,25100,proven,SNMP,proven,,unknown,no,1,shared,,,,
snmpv3-hmac-md5-96-hmac-sha1-96,SNMPv3 HMAC-MD5-96/HMAC-SHA1-96,,,absent,,SNMPv3 HMAC-MD5-96/HMAC-SHA1-96,protocol,,ok,,25000,proven,SNMP,proven,,unknown,no,1,shared,,,,
snmpv3-hmac-sha1-96,SNMPv3 HMAC-SHA1-96,,,absent,,SNMPv3 HMAC-SHA1-96,protocol,,ok,,25200,proven,SNMP,proven,,unknown,no,1,shared,,,,
snmpv3-hmac-sha224-128,SNMPv3 HMAC-SHA224-128,,,absent,,SNMPv3 HMAC-SHA224-128,protocol,,ok,,26700,proven,,unknown,,unknown,no,1,unknown,,,,
snmpv3-hmac-sha256-192,SNMPv3 HMAC-SHA256-192,,,absent,,SNMPv3 HMAC-SHA256-192,protocol,,ok,,26800,proven,,unknown,,unknown,no,1,unknown,,,,
snmpv3-hmac-sha384-256,SNMPv3 HMAC-SHA384-256,,,absent,,SNMPv3 HMAC-SHA384-256,protocol,,needs-review,,26900,claimed,,unknown,,unknown,no,1,unknown,,,,
snmpv3-hmac-sha512-384,SNMPv3 HMAC-SHA512-384,,,absent,,SNMPv3 HMAC-SHA512-384,protocol,,ok,,27300,proven,,unknown,,unknown,no,1,unknown,,,,
solarwinds,SOLARWINDS,,,,,,application,,ok,,21500,proven,solarwinds,proven,SOLARWINDS,proven,no,1,shared,,,,
solarwinds-serv-u,SolarWinds Serv-U,,md5($s.$p),vector,dynamic=md5($s.$p),,application,,ok,,24,proven,dynamic_1009 dynamic_1017 dynamic_2004 dynamic_4,proven,MD5SALTPASS,proven,no,1,shared,,same as md5-salt-pass (application); same as oscommerce-xt-commerce (application),,
solarwinds2,SOLARWINDS2,,,,,,application,,ok,,21501,proven,,unknown,SOLARWINDS2,proven,no,1,shared,,,,
sqlcipher,SQLCIPHER,,,absent,,"pbkdf2_sha1(pass, salt, N, 32)",application,,ok,,24600,proven,,unknown,SQLCIPHER,proven,no,1,shared,,,,
srp,SRP,,,absent,,SRP,,,ok,,,unknown,Clipperz,proven,,unknown,no,1,unknown,,,,
ssha1base64,SSHA1BASE64,,"$c1.base64(sha1_raw($p.$s).$s),c1={SSHA}",upstream,,,application,,ok,,111,proven,Salted-SHA1 salted-SHA1-opencl,proven,SSHA1BASE64,proven,no,1,shared,,,,
ssha256base64,SSHA256BASE64,,"$c1.base64(sha256_raw($p.$s).$s),c1={SSHA256}",upstream,,,application,,ok,,1411,proven,,unknown,SSHA256BASE64,proven,no,1,shared,,,,
ssha512base64,SSHA512BASE64,,"$c1.base64(sha512_raw($p.$s).$s),c1={SSHA512}",upstream,,,application,,ok,,1711,proven,SSHA512,proven,SSHA512BASE64,proven,no,1,shared,,,,
sspr-md5,SSPR-MD5,,,absent,,md5^N(pass),application,,ok,,32000,proven,sspr sspr-opencl,proven,SSPR-MD5,proven,no,1,shared,,,,
sspr-sha1,SSPR-SHA1,,,absent,,sha1^N(pass),application,,ok,,32010,proven,sspr sspr-opencl,proven,SSPR-SHA1,proven,no,1,shared,,,,
sspr-sha1s,SSPR-SHA1S,,,,,,application,,ok,,32020,proven,sspr sspr-opencl,proven,SSPR-SHA1S,proven,no,1,shared,,,,
sspr-sha256,SSPR-SHA256,,,absent,,sha256^N(salt . pass),application,,ok,,32030,proven,sspr sspr-opencl,proven,SSPR-SHA256,proven,no,1,shared,,,,
sspr-sha512,SSPR-SHA512,,,absent,,sha512^N(salt . pass),application,,ok,,32040,proven,sspr sspr-opencl,proven,SSPR-SHA512,proven,no,1,shared,,,,
stargazer-stellar-wallet-xlm,Stargazer Stellar Wallet XLM,,,absent,,Stargazer Stellar Wallet XLM,application,,ok,,25500,proven,,unknown,,unknown,no,1,unknown,,,,
stdout,STDOUT,,,absent,,STDOUT,encoding,,needs-review,,2000,claimed,,unknown,,unknown,no,1,unknown,,,,
streebog-32-plain,streebog-32($plain),,,absent,,streebog_32(pass),,,ok,,11700,proven,Stribog-256,proven,STREEBOG-32,proven,no,1,shared,,same as gost2012-32 (naming),,
streebog-64-plain,streebog-64($plain),,,absent,,streebog_64(pass),,,ok,,11800,proven,Stribog-512,proven,STREEBOG-64,proven,no,1,shared,,same as gost2012-64 (naming),,
stuffit5,Stuffit5,,,absent,,Stuffit5,application,,ok,,24700,proven,,unknown,,unknown,no,1,unknown,,,,
sunmd5,SunMD5,,,absent,,SunMD5,,,ok,,,unknown,SunMD5,proven,,unknown,no,1,unknown,,,,
sybase-ase,SYBASE-ASE,,,,,,,,ok,,8000,proven,SybaseASE,proven,SYBASE-ASE,proven,no,1,shared,,,,
sybase-prop,Sybase-PROP,,,absent,,Sybase-PROP,,,ok,,,unknown,Sybase-PROP,proven,,unknown,no,1,unknown,,,,
symfony256,SYMFONY256,,,,,,application,,ok,,35800,proven,,unknown,SYMFONY256,proven,no,1,shared,,,,
system-network,system / network,,,absent,,system / network,,,ok,,,unknown,MongoDB,proven,,unknown,no,1,unknown,,,,
tacacs,TACACS,,,,,,protocol,,ok,,16100,proven,tacacs-plus,proven,TACACS,proven,no,1,shared,,,,
tcp-md5-signatures-bgp-msdp,"TCP MD5 Signatures, BGP, MSDP",,,absent,,"TCP MD5 Signatures, BGP, MSDP",,,ok,,,unknown,tcp-md5,proven,,unknown,no,1,unknown,,,,
teamspeak-3-channel-hash,Teamspeak 3 (channel hash),,,absent,,Teamspeak 3 (channel hash),application,,ok,,28300,proven,,unknown,,unknown,no,1,unknown,,,,
telegram-desktop-lt-v2-1-14-pbkdf2-hmac-sha1,Telegram Desktop < v2.1.14 (PBKDF2-HMAC-SHA1),,,absent,,Telegram Desktop < v2.1.14 (PBKDF2-HMAC-SHA1),application,,ok,,22600,proven,telegram telegram-opencl,proven,,unknown,no,1,shared,,,,
telegram-desktop-ge-v2-1-14-pbkdf2-hmac-sha512,Telegram Desktop >= v2.1.14 (PBKDF2-HMAC-SHA512),,,absent,,Telegram Desktop >= v2.1.14 (PBKDF2-HMAC-SHA512),application,,ok,,24500,proven,telegram,proven,,unknown,no,1,shared,,,,
telegram-sha256,TELEGRAM-SHA256,,,absent,,"pbkdf2_sha512(pass, salt, 100000, 56)",application,,ok,,22301,proven,,unknown,TELEGRAM-SHA256,proven,no,1,shared,,,,
terra-station-wallet-aes256-cbc-pbkdf2-pass,Terra Station Wallet (AES256-CBC(PBKDF2($pass))),,,absent,,Terra Station Wallet (AES256-CBC(PBKDF2($pass))),application,,ok,,29600,proven,,unknown,,unknown,no,1,unknown,,,,
tezos-key,Tezos Key,,,absent,,Tezos Key,,,ok,,,unknown,tezos tezos-opencl,proven,,unknown,no,1,unknown,,,,
tiger-johntiger,Tiger,,,absent,,Tiger,,,needs-review,,,unknown,Tiger,claimed,,unknown,no,0,unknown,,,,
tiger,TIGER,,tiger($p),vector,dynamic=tiger($p),,primitive,,ok,,,unknown,dynamic_110,proven,TIGER,proven,no,1,shared,,,TIGER192-3,
tiger-x2,TIGER (2 iterations),,tiger(tiger($p)),vector,dynamic=tiger(tiger($p)),,iterated,,ok,,,unknown,dynamic_113,proven,TIGER -i2,proven,no,1,shared,,,,
tiger-tree-hash,Tiger Tree Hash,,,absent,,tth(pass),,,ok,,,no,,unknown,TTH,proven,no,1,unknown,,,TTH-HEX,
tiger128-3-md5-plain,tiger128_3(md5($plain)),,tiger(md5($p)),vector,dynamic=tiger(md5($p)),,composite,,ok,,,no,,unknown,TIGERMD5,proven,no,1,unknown,,,TIGER128-3MD5,
tiger128-3-md5-plain-plain,tiger128_3(md5($plain).$plain),,tiger(md5($p).$p),vector,dynamic=tiger(md5($p).$p),,composite,,ok,,,no,,unknown,TIGERMD5PASS,proven,no,1,unknown,,,TIGER128-3(MD5(PLAIN)PLAIN),
tiger2,TIGER2,,,absent,,tiger2(pass),,,ok,,,no,,unknown,TIGER2,proven,no,1,unknown,,,TIGER2,
totp-hmac-sha1,TOTP (HMAC-SHA1),,,absent,,TOTP (HMAC-SHA1),protocol,,needs-review,,18100,proven,,unknown,,unknown,no,1,unknown,,,,
tripcode,Tripcode,,,absent,,Tripcode,application,,ok,,16000,proven,tripcode,proven,,unknown,no,1,shared,,,,
truecrypt-aes-twofish-serpent,TrueCrypt AES/Twofish/Serpent,,,absent,,TrueCrypt AES/Twofish/Serpent,,,needs-review,,,unknown,tc_ripemd160boot,claimed,,unknown,no,0,unknown,,,,
truecrypt-aes256-xts-johntc-ripemd160,TrueCrypt AES256_XTS,,,absent,,TrueCrypt AES256_XTS,,,ok,,,unknown,tc_ripemd160 TrueCrypt-opencl,proven,,unknown,no,2,unknown,,,,"Vector(s) added 2026-09-01 from john's own src test data, because john --list=format-details truncates example_ciphertext at 896 characters and every container example is longer than that. The plaintext is john's finding, not the source's claim: each hash was cracked under the CPU format this entry names and under the GPU build that has no CPU twin, and both recovered the plaintext recorded here."
truecrypt-aes256-xts-johntc-sha512,TrueCrypt AES256_XTS,,,absent,,TrueCrypt AES256_XTS,,,needs-review,,,unknown,tc_sha512,claimed,,unknown,no,0,unknown,,,,
truecrypt-aes256-xts-johntc-whirlpool,TrueCrypt AES256_XTS,,,absent,,TrueCrypt AES256_XTS,,,needs-review,,,unknown,tc_whirlpool,claimed,,unknown,no,0,unknown,,,,
truecrypt-aes256-xts,TrueCrypt AES256_XTS,,,absent,,TrueCrypt AES256_XTS,,,needs-review,,,unknown,tc_aes_xts,claimed,,unknown,no,0,unknown,,,,
truecrypt-ripemd160-xts-1024-bit,TrueCrypt RIPEMD160 + XTS 1024 bit,,,absent,,TrueCrypt RIPEMD160 + XTS 1024 bit,application,,ok,,29312,proven,,unknown,,unknown,no,1,unknown,,,,
truecrypt-ripemd160-xts-1024-bit-legacy,TrueCrypt RIPEMD160 + XTS 1024 bit (legacy),,,absent,,TrueCrypt RIPEMD160 + XTS 1024 bit (legacy),application,,needs-review,,6212,claimed,,unknown,,unknown,no,1,unknown,,,,
truecrypt-ripemd160-xts-1024-bit-boot-mode,TrueCrypt RIPEMD160 + XTS 1024 bit + boot-mode,,,absent,,TrueCrypt RIPEMD160 + XTS 1024 bit + boot-mode,application,,ok,,29342,proven,,unknown,,unknown,no,1,unknown,,,,
truecrypt-ripemd160-xts-1024-bit-boot-mode-legacy,TrueCrypt RIPEMD160 + XTS 1024 bit + boot-mode (legacy),,,absent,,TrueCrypt RIPEMD160 + XTS 1024 bit + boot-mode (legacy),application,,needs-review,,6242,claimed,,unknown,,unknown,no,1,unknown,,,,
truecrypt-ripemd160-xts-1536-bit,TrueCrypt RIPEMD160 + XTS 1536 bit,,,absent,,TrueCrypt RIPEMD160 + XTS 1536 bit,application,,ok,,29313,proven,,unknown,,unknown,no,1,unknown,,,,
truecrypt-ripemd160-xts-1536-bit-legacy,TrueCrypt RIPEMD160 + XTS 1536 bit (legacy),,,absent,,TrueCrypt RIPEMD160 + XTS 1536 bit (legacy),application,,needs-review,,6213,claimed,,unknown,,unknown,no,1,unknown,,,,
truecrypt-ripemd160-xts-1536-bit-boot-mode,TrueCrypt RIPEMD160 + XTS 1536 bit + boot-mode,,,absent,,TrueCrypt RIPEMD160 + XTS 1536 bit + boot-mode,application,,ok,,29343,proven,,unknown,,unknown,no,1,unknown,,,,
truecrypt-ripemd160-xts-1536-bit-boot-mode-legacy,TrueCrypt RIPEMD160 + XTS 1536 bit + boot-mode (legacy),,,absent,,TrueCrypt RIPEMD160 + XTS 1536 bit + boot-mode (legacy),application,,needs-review,,6243,claimed,,unknown,,unknown,no,1,unknown,,,,
truecrypt-ripemd160-xts-512-bit,TrueCrypt RIPEMD160 + XTS 512 bit,,,absent,,TrueCrypt RIPEMD160 + XTS 512 bit,application,,ok,,29311,proven,,unknown,,unknown,no,1,unknown,,,,
truecrypt-ripemd160-xts-512-bit-legacy,TrueCrypt RIPEMD160 + XTS 512 bit (legacy),,,absent,,TrueCrypt RIPEMD160 + XTS 512 bit (legacy),application,,needs-review,,6211,claimed,,unknown,,unknown,no,1,unknown,,,,
truecrypt-ripemd160-xts-512-bit-boot-mode,TrueCrypt RIPEMD160 + XTS 512 bit + boot-mode,,,absent,,TrueCrypt RIPEMD160 + XTS 512 bit + boot-mode,application,,ok,,29341,proven,,unknown,,unknown,no,1,unknown,,,,
truecrypt-ripemd160-xts-512-bit-boot-mode-legacy,TrueCrypt RIPEMD160 + XTS 512 bit + boot-mode (legacy),,,absent,,TrueCrypt RIPEMD160 + XTS 512 bit + boot-mode (legacy),application,,needs-review,,6241,claimed,,unknown,,unknown,no,1,unknown,,,,
truecrypt-sha512-xts-1024-bit,TrueCrypt SHA512 + XTS 1024 bit,,,absent,,TrueCrypt SHA512 + XTS 1024 bit,application,,ok,,29322,proven,,unknown,,unknown,no,1,unknown,,,,
truecrypt-sha512-xts-1024-bit-legacy,TrueCrypt SHA512 + XTS 1024 bit (legacy),,,absent,,TrueCrypt SHA512 + XTS 1024 bit (legacy),application,,needs-review,,6222,claimed,,unknown,,unknown,no,1,unknown,,,,
truecrypt-sha512-xts-1536-bit,TrueCrypt SHA512 + XTS 1536 bit,,,absent,,TrueCrypt SHA512 + XTS 1536 bit,application,,ok,,29323,proven,,unknown,,unknown,no,1,unknown,,,,
truecrypt-sha512-xts-1536-bit-legacy,TrueCrypt SHA512 + XTS 1536 bit (legacy),,,absent,,TrueCrypt SHA512 + XTS 1536 bit (legacy),application,,needs-review,,6223,claimed,,unknown,,unknown,no,1,unknown,,,,
truecrypt-sha512-xts-512-bit,TrueCrypt SHA512 + XTS 512 bit,,,absent,,TrueCrypt SHA512 + XTS 512 bit,application,,ok,,29321,proven,,unknown,,unknown,no,1,unknown,,,,
truecrypt-sha512-xts-512-bit-legacy,TrueCrypt SHA512 + XTS 512 bit (legacy),,,absent,,TrueCrypt SHA512 + XTS 512 bit (legacy),application,,needs-review,,6221,claimed,,unknown,,unknown,no,1,unknown,,,,
truecrypt-whirlpool-xts-1024-bit,TrueCrypt Whirlpool + XTS 1024 bit,,,absent,,TrueCrypt Whirlpool + XTS 1024 bit,application,,ok,,29332,proven,,unknown,,unknown,no,1,unknown,,,,
truecrypt-whirlpool-xts-1024-bit-legacy,TrueCrypt Whirlpool + XTS 1024 bit (legacy),,,absent,,TrueCrypt Whirlpool + XTS 1024 bit (legacy),application,,needs-review,,6232,claimed,,unknown,,unknown,no,1,unknown,,,,
truecrypt-whirlpool-xts-1536-bit,TrueCrypt Whirlpool + XTS 1536 bit,,,absent,,TrueCrypt Whirlpool + XTS 1536 bit,application,,ok,,29333,proven,,unknown,,unknown,no,1,unknown,,,,
truecrypt-whirlpool-xts-1536-bit-legacy,TrueCrypt Whirlpool + XTS 1536 bit (legacy),,,absent,,TrueCrypt Whirlpool + XTS 1536 bit (legacy),application,,needs-review,,6233,claimed,,unknown,,unknown,no,1,unknown,,,,
truecrypt-whirlpool-xts-512-bit,TrueCrypt Whirlpool + XTS 512 bit,,,absent,,TrueCrypt Whirlpool + XTS 512 bit,application,,ok,,29331,proven,,unknown,,unknown,no,1,unknown,,,,
truecrypt-whirlpool-xts-512-bit-legacy,TrueCrypt Whirlpool + XTS 512 bit (legacy),,,absent,,TrueCrypt Whirlpool + XTS 512 bit (legacy),application,,needs-review,,6231,claimed,,unknown,,unknown,no,1,unknown,,,,
umbraco,UMBRACO,,,absent,,"hmac_sha1(pass, salt)",,,ok,,24800,proven,,unknown,UMBRACO,proven,no,1,shared,,,,
vbulletin-v3-8-5,vBulletin < v3.8.5,,md5(md5($p).$s),vector,dynamic=md5(md5($p).$s),,application,vBulletin <3.8.5,ok,,2611,proven,dynamic_1007 dynamic_2006 dynamic_6,proven,MD5SALT,proven,no,2,shared,,same as md5-md5-pass-salt (application); same as vbulletin-v3-8-5-2 (application),VBULLETIN; vBulletin < v3.8.5,
vbulletin-v3-8-5-2,vBulletin > v3.8.5,,,,,,application,vBulletin >=3.8.5,needs-review,,2711,proven,dynamic_1007 dynamic_2006 dynamic_6,claimed,MD5SALT,proven,no,1,shared,,same as vbulletin-v3-8-5 (application),VBULLETIN; vBulletin > v3.8.5,
veeam-vbk,VEEAM-VBK,,,,,,application,,ok,,31200,proven,,unknown,VEEAM-VBK,proven,no,1,shared,,,,
veracrypt-ripemd160-xts-1024-bit,VeraCrypt RIPEMD160 + XTS 1024 bit,,,absent,,VeraCrypt RIPEMD160 + XTS 1024 bit,application,,ok,,29412,proven,,unknown,,unknown,no,1,unknown,,,,
veracrypt-ripemd160-xts-1024-bit-legacy,VeraCrypt RIPEMD160 + XTS 1024 bit (legacy),,,absent,,VeraCrypt RIPEMD160 + XTS 1024 bit (legacy),application,,needs-review,,13712,claimed,,unknown,,unknown,no,1,unknown,,,,
veracrypt-ripemd160-xts-1024-bit-boot-mode,VeraCrypt RIPEMD160 + XTS 1024 bit + boot-mode,,,absent,,VeraCrypt RIPEMD160 + XTS 1024 bit + boot-mode,application,,ok,,29442,proven,,unknown,,unknown,no,1,unknown,,,,
veracrypt-ripemd160-xts-1024-bit-boot-mode-legacy,VeraCrypt RIPEMD160 + XTS 1024 bit + boot-mode (legacy),,,absent,,VeraCrypt RIPEMD160 + XTS 1024 bit + boot-mode (legacy),application,,needs-review,,13742,claimed,,unknown,,unknown,no,1,unknown,,,,
veracrypt-ripemd160-xts-1536-bit,VeraCrypt RIPEMD160 + XTS 1536 bit,,,absent,,VeraCrypt RIPEMD160 + XTS 1536 bit,application,,ok,,29413,proven,,unknown,,unknown,no,1,unknown,,,,
veracrypt-ripemd160-xts-1536-bit-legacy,VeraCrypt RIPEMD160 + XTS 1536 bit (legacy),,,absent,,VeraCrypt RIPEMD160 + XTS 1536 bit (legacy),application,,needs-review,,13713,claimed,,unknown,,unknown,no,1,unknown,,,,
veracrypt-ripemd160-xts-1536-bit-boot-mode,VeraCrypt RIPEMD160 + XTS 1536 bit + boot-mode,,,absent,,VeraCrypt RIPEMD160 + XTS 1536 bit + boot-mode,application,,ok,,29443,proven,,unknown,,unknown,no,1,unknown,,,,
veracrypt-ripemd160-xts-1536-bit-boot-mode-legacy,VeraCrypt RIPEMD160 + XTS 1536 bit + boot-mode (legacy),,,absent,,VeraCrypt RIPEMD160 + XTS 1536 bit + boot-mode (legacy),application,,needs-review,,13743,claimed,,unknown,,unknown,no,1,unknown,,,,
veracrypt-ripemd160-xts-512-bit,VeraCrypt RIPEMD160 + XTS 512 bit,,,absent,,VeraCrypt RIPEMD160 + XTS 512 bit,application,,ok,,29411,proven,,unknown,,unknown,no,1,unknown,,,,
veracrypt-ripemd160-xts-512-bit-legacy,VeraCrypt RIPEMD160 + XTS 512 bit (legacy),,,absent,,VeraCrypt RIPEMD160 + XTS 512 bit (legacy),application,,needs-review,,13711,claimed,,unknown,,unknown,no,1,unknown,,,,
veracrypt-ripemd160-xts-512-bit-boot-mode,VeraCrypt RIPEMD160 + XTS 512 bit + boot-mode,,,absent,,VeraCrypt RIPEMD160 + XTS 512 bit + boot-mode,application,,ok,,29441,proven,,unknown,,unknown,no,1,unknown,,,,
veracrypt-ripemd160-xts-512-bit-boot-mode-legacy,VeraCrypt RIPEMD160 + XTS 512 bit + boot-mode (legacy),,,absent,,VeraCrypt RIPEMD160 + XTS 512 bit + boot-mode (legacy),application,,needs-review,,13741,claimed,,unknown,,unknown,no,1,unknown,,,,
veracrypt-sha256-xts-1024-bit,VeraCrypt SHA256 + XTS 1024 bit,,,absent,,VeraCrypt SHA256 + XTS 1024 bit,application,,ok,,29452,proven,,unknown,,unknown,no,1,unknown,,,,
veracrypt-sha256-xts-1024-bit-legacy,VeraCrypt SHA256 + XTS 1024 bit (legacy),,,absent,,VeraCrypt SHA256 + XTS 1024 bit (legacy),application,,needs-review,,13752,claimed,,unknown,,unknown,no,1,unknown,,,,
veracrypt-sha256-xts-1024-bit-boot-mode,VeraCrypt SHA256 + XTS 1024 bit + boot-mode,,,absent,,VeraCrypt SHA256 + XTS 1024 bit + boot-mode,application,,ok,,29462,proven,,unknown,,unknown,no,1,unknown,,,,
veracrypt-sha256-xts-1024-bit-boot-mode-legacy,VeraCrypt SHA256 + XTS 1024 bit + boot-mode (legacy),,,absent,,VeraCrypt SHA256 + XTS 1024 bit + boot-mode (legacy),application,,needs-review,,13762,claimed,,unknown,,unknown,no,1,unknown,,,,
veracrypt-sha256-xts-1536-bit,VeraCrypt SHA256 + XTS 1536 bit,,,absent,,VeraCrypt SHA256 + XTS 1536 bit,application,,ok,,29453,proven,,unknown,,unknown,no,1,unknown,,,,
veracrypt-sha256-xts-1536-bit-legacy,VeraCrypt SHA256 + XTS 1536 bit (legacy),,,absent,,VeraCrypt SHA256 + XTS 1536 bit (legacy),application,,needs-review,,13753,claimed,,unknown,,unknown,no,1,unknown,,,,
veracrypt-sha256-xts-1536-bit-boot-mode,VeraCrypt SHA256 + XTS 1536 bit + boot-mode,,,absent,,VeraCrypt SHA256 + XTS 1536 bit + boot-mode,application,,ok,,29463,proven,,unknown,,unknown,no,1,unknown,,,,
veracrypt-sha256-xts-1536-bit-boot-mode-legacy,VeraCrypt SHA256 + XTS 1536 bit + boot-mode (legacy),,,absent,,VeraCrypt SHA256 + XTS 1536 bit + boot-mode (legacy),application,,needs-review,,13763,claimed,,unknown,,unknown,no,1,unknown,,,,
veracrypt-sha256-xts-512-bit,VeraCrypt SHA256 + XTS 512 bit,,,absent,,VeraCrypt SHA256 + XTS 512 bit,application,,ok,,29451,proven,,unknown,,unknown,no,1,unknown,,,,
veracrypt-sha256-xts-512-bit-legacy,VeraCrypt SHA256 + XTS 512 bit (legacy),,,absent,,VeraCrypt SHA256 + XTS 512 bit (legacy),application,,needs-review,,13751,claimed,,unknown,,unknown,no,1,unknown,,,,
veracrypt-sha256-xts-512-bit-boot-mode,VeraCrypt SHA256 + XTS 512 bit + boot-mode,,,absent,,VeraCrypt SHA256 + XTS 512 bit + boot-mode,application,,ok,,29461,proven,,unknown,,unknown,no,1,unknown,,,,
veracrypt-sha256-xts-512-bit-boot-mode-legacy,VeraCrypt SHA256 + XTS 512 bit + boot-mode (legacy),,,absent,,VeraCrypt SHA256 + XTS 512 bit + boot-mode (legacy),application,,needs-review,,13761,claimed,,unknown,,unknown,no,1,unknown,,,,
veracrypt-sha512-xts-1024-bit,VeraCrypt SHA512 + XTS 1024 bit,,,absent,,VeraCrypt SHA512 + XTS 1024 bit,application,,ok,,29422,proven,,unknown,,unknown,no,1,unknown,,,,
veracrypt-sha512-xts-1024-bit-legacy,VeraCrypt SHA512 + XTS 1024 bit (legacy),,,absent,,VeraCrypt SHA512 + XTS 1024 bit (legacy),application,,needs-review,,13722,claimed,,unknown,,unknown,no,1,unknown,,,,
veracrypt-sha512-xts-1536-bit,VeraCrypt SHA512 + XTS 1536 bit,,,absent,,VeraCrypt SHA512 + XTS 1536 bit,application,,ok,,29423,proven,,unknown,,unknown,no,1,unknown,,,,
veracrypt-sha512-xts-1536-bit-legacy,VeraCrypt SHA512 + XTS 1536 bit (legacy),,,absent,,VeraCrypt SHA512 + XTS 1536 bit (legacy),application,,needs-review,,13723,claimed,,unknown,,unknown,no,1,unknown,,,,
veracrypt-sha512-xts-512-bit,VeraCrypt SHA512 + XTS 512 bit,,,absent,,VeraCrypt SHA512 + XTS 512 bit,application,,ok,,29421,proven,,unknown,,unknown,no,1,unknown,,,,
veracrypt-sha512-xts-512-bit-legacy,VeraCrypt SHA512 + XTS 512 bit (legacy),,,absent,,VeraCrypt SHA512 + XTS 512 bit (legacy),application,,needs-review,,13721,claimed,,unknown,,unknown,no,1,unknown,,,,
veracrypt-streebog-512-xts-1024-bit,VeraCrypt Streebog-512 + XTS 1024 bit,,,absent,,VeraCrypt Streebog-512 + XTS 1024 bit,application,,needs-review,,29472,proven,,unknown,,unknown,no,1,unknown,,,,
veracrypt-streebog-512-xts-1024-bit-legacy,VeraCrypt Streebog-512 + XTS 1024 bit (legacy),,,absent,,VeraCrypt Streebog-512 + XTS 1024 bit (legacy),application,,needs-review,,13772,claimed,,unknown,,unknown,no,1,unknown,,,,
veracrypt-streebog-512-xts-1024-bit-boot-mode,VeraCrypt Streebog-512 + XTS 1024 bit + boot-mode,,,absent,,VeraCrypt Streebog-512 + XTS 1024 bit + boot-mode,application,,ok,,29482,proven,,unknown,,unknown,no,1,unknown,,,,
veracrypt-streebog-512-xts-1024-bit-boot-mode-legacy,VeraCrypt Streebog-512 + XTS 1024 bit + boot-mode (legacy),,,absent,,VeraCrypt Streebog-512 + XTS 1024 bit + boot-mode (legacy),application,,needs-review,,13782,claimed,,unknown,,unknown,no,1,unknown,,,,
veracrypt-streebog-512-xts-1536-bit,VeraCrypt Streebog-512 + XTS 1536 bit,,,absent,,VeraCrypt Streebog-512 + XTS 1536 bit,application,,needs-review,,29473,proven,,unknown,,unknown,no,1,unknown,,,,
veracrypt-streebog-512-xts-1536-bit-legacy,VeraCrypt Streebog-512 + XTS 1536 bit (legacy),,,absent,,VeraCrypt Streebog-512 + XTS 1536 bit (legacy),application,,needs-review,,13773,claimed,,unknown,,unknown,no,1,unknown,,,,
veracrypt-streebog-512-xts-1536-bit-boot-mode,VeraCrypt Streebog-512 + XTS 1536 bit + boot-mode,,,absent,,VeraCrypt Streebog-512 + XTS 1536 bit + boot-mode,application,,ok,,29483,proven,,unknown,,unknown,no,1,unknown,,,,
veracrypt-streebog-512-xts-1536-bit-boot-mode-legacy,VeraCrypt Streebog-512 + XTS 1536 bit + boot-mode (legacy),,,absent,,VeraCrypt Streebog-512 + XTS 1536 bit + boot-mode (legacy),application,,needs-review,,13783,claimed,,unknown,,unknown,no,1,unknown,,,,
veracrypt-streebog-512-xts-512-bit,VeraCrypt Streebog-512 + XTS 512 bit,,,absent,,VeraCrypt Streebog-512 + XTS 512 bit,application,,ok,,29471,proven,,unknown,,unknown,no,1,unknown,,,,
veracrypt-streebog-512-xts-512-bit-legacy,VeraCrypt Streebog-512 + XTS 512 bit (legacy),,,absent,,VeraCrypt Streebog-512 + XTS 512 bit (legacy),application,,needs-review,,13771,claimed,,unknown,,unknown,no,1,unknown,,,,
veracrypt-streebog-512-xts-512-bit-boot-mode,VeraCrypt Streebog-512 + XTS 512 bit + boot-mode,,,absent,,VeraCrypt Streebog-512 + XTS 512 bit + boot-mode,application,,ok,,29481,proven,,unknown,,unknown,no,1,unknown,,,,
veracrypt-streebog-512-xts-512-bit-boot-mode-legacy,VeraCrypt Streebog-512 + XTS 512 bit + boot-mode (legacy),,,absent,,VeraCrypt Streebog-512 + XTS 512 bit + boot-mode (legacy),application,,needs-review,,13781,claimed,,unknown,,unknown,no,1,unknown,,,,
veracrypt-whirlpool-xts-1024-bit,VeraCrypt Whirlpool + XTS 1024 bit,,,absent,,VeraCrypt Whirlpool + XTS 1024 bit,application,,ok,,29432,proven,,unknown,,unknown,no,1,unknown,,,,
veracrypt-whirlpool-xts-1024-bit-legacy,VeraCrypt Whirlpool + XTS 1024 bit (legacy),,,absent,,VeraCrypt Whirlpool + XTS 1024 bit (legacy),application,,needs-review,,13732,claimed,,unknown,,unknown,no,1,unknown,,,,
veracrypt-whirlpool-xts-1536-bit,VeraCrypt Whirlpool + XTS 1536 bit,,,absent,,VeraCrypt Whirlpool + XTS 1536 bit,application,,needs-review,,29433,proven,,unknown,,unknown,no,1,unknown,,,,
veracrypt-whirlpool-xts-1536-bit-legacy,VeraCrypt Whirlpool + XTS 1536 bit (legacy),,,absent,,VeraCrypt Whirlpool + XTS 1536 bit (legacy),application,,needs-review,,13733,claimed,,unknown,,unknown,no,1,unknown,,,,
veracrypt-whirlpool-xts-512-bit,VeraCrypt Whirlpool + XTS 512 bit,,,absent,,VeraCrypt Whirlpool + XTS 512 bit,application,,ok,,29431,proven,,unknown,,unknown,no,1,unknown,,,,
veracrypt-whirlpool-xts-512-bit-legacy,VeraCrypt Whirlpool + XTS 512 bit (legacy),,,absent,,VeraCrypt Whirlpool + XTS 512 bit (legacy),application,,needs-review,,13731,claimed,,unknown,,unknown,no,1,unknown,,,,
virtualbox-pbkdf2-hmac-sha256-aes-128-xts,VirtualBox (PBKDF2-HMAC-SHA256 & AES-128-XTS),,,absent,,VirtualBox (PBKDF2-HMAC-SHA256 & AES-128-XTS),application,,ok,,27500,proven,,unknown,,unknown,no,1,unknown,,,,
virtualbox-pbkdf2-hmac-sha256-aes-256-xts,VirtualBox (PBKDF2-HMAC-SHA256 & AES-256-XTS),,,absent,,VirtualBox (PBKDF2-HMAC-SHA256 & AES-256-XTS),application,,ok,,27600,proven,,unknown,,unknown,no,1,unknown,,,,
virtualbox-vdi-aes-xts,VirtualBox-VDI AES_XTS,,,absent,,VirtualBox-VDI AES_XTS,,,ok,,,unknown,vdi,proven,,unknown,no,1,unknown,,,,
vmware-vmx-johnvmx,VMware VMX,,,absent,,VMware VMX,,,ok,,,unknown,vmx vmx-opencl,proven,,unknown,no,1,unknown,,,,
vmware-vmx,VMWARE-VMX,,,absent,,"pbkdf2_sha1(pass, salt, N, 32)",application,,ok,,27400,proven,,unknown,VMWARE-VMX,proven,no,1,shared,,,,
vnc,VNC,,,absent,,VNC,,,ok,,,unknown,VNC,proven,,unknown,no,1,unknown,,,,
wbb3,WBB3,,sha1($s.sha1($s.sha1($p))),upstream,dynamic=sha1($s.sha1($s.sha1($p))),,application,Woltlab Burning Board 3,needs-review,,8400,proven,dynamic_1592 dynamic_38,proven,WBB3,proven,no,2,shared,,same as sha1-salt-sha1-salt-sha1-plain-aka-opencart (application),,
wbb4,WBB4,,,,,,,,ok,,33800,proven,,unknown,WBB4,proven,no,1,shared,,,,
web2py-sha512,WEB2PY-SHA512,,,absent,,"pbkdf2_sha512(pass, salt, 1000, 64)",application,,ok,,21600,proven,,unknown,WEB2PY-SHA512,proven,no,1,shared,,,,
werkzeug-md5,WERKZEUG-MD5,,,absent,,"pbkdf2_md5(pass, salt, N, 32)",application,,ok,,30000,proven,,unknown,WERKZEUG-MD5,proven,no,1,shared,,,,
werkzeug-sha256,WERKZEUG-SHA256,,,absent,,"pbkdf2_sha256(pass, salt, N, 32)",application,,ok,,30120,proven,,unknown,WERKZEUG-SHA256,proven,no,1,shared,,,,
whirlpool,Whirlpool,,whirlpool($p),vector,dynamic=whirlpool($p),,primitive,,ok,,6100,proven,dynamic_100 whirlpool,proven,WRL,proven,no,1,shared,,,WRL; n/a,
whirlpool-md5-plain,whirlpool(md5($plain)),,whirlpool(md5($p)),vector,dynamic=whirlpool(md5($p)),,composite,,ok,,,no,,unknown,WRLMD5,proven,no,1,unknown,,,WRLMD5,
whirlpool-md5-plain-plain,whirlpool(md5($plain).$plain),,whirlpool(md5($p).$p),vector,dynamic=whirlpool(md5($p).$p),,composite,,ok,,,no,,unknown,WRLMD5PASS,proven,no,1,unknown,,,WRL(MD5(PLAIN)PLAIN),
windows-hello-pin-password,Windows Hello PIN/Password,,,absent,,Windows Hello PIN/Password,application,,ok,,28100,proven,,unknown,,unknown,no,1,unknown,,,,
winphone,WINPHONE,,sha256(utf16($p).fromhex($s)),upstream,,,application,,needs-review,,13800,proven,,unknown,WINPHONE,proven,no,1,shared,,,,
winzip,WinZip,,,absent,,WinZip,application,,ok,,13600,proven,ZIP ZIP-opencl,proven,,unknown,no,1,shared,,,,
wlr1,WLR1,,,absent,,wrl1(pass),,,ok,,,no,whirlpool1,proven,WRL1,proven,no,1,shared,,,WLR1,the sheet spelled this WLR1 and CLAUDE.md listed it as a non-type; it is mdxfind WRL1 (Whirlpool-1) with the letters transposed. mdxfind pinned to WRL1 and john whirlpool1 both reproduce the vector.
woltlab-bb3,WoltLab BB3,,,absent,,WoltLab BB3,,,ok,,,unknown,wbb3,proven,,unknown,no,1,unknown,,,,
wpa-eapol,WPA-EAPOL,,,,,,,,ok,,,unknown,,unknown,WPA-EAPOL,proven,no,1,unknown,,,,
wpa-eapol-pbkdf2,WPA-EAPOL-PBKDF2,,,absent,,WPA-EAPOL-PBKDF2,protocol,,needs-review,,2500,claimed,,unknown,,unknown,no,1,unknown,,,,
wpa-eapol-pmk,WPA-EAPOL-PMK,,,absent,,WPA-EAPOL-PMK,protocol,,needs-review,,2501,claimed,,unknown,,unknown,no,1,unknown,,,,
wpa-pbkdf2-pmkid-eapol,WPA-PBKDF2-PMKID+EAPOL,,,absent,,WPA-PBKDF2-PMKID+EAPOL,protocol,,needs-review,,22000,claimed,,unknown,,unknown,no,1,unknown,,,,
wpa-pmk,WPA-PMK,,,,,,protocol,,needs-review,,22001,claimed,,unknown,WPA-PMK,proven,no,1,unknown,,,,
wpa-pmkid,WPA-PMKID,,,,,,,,ok,,,unknown,,unknown,WPA-PMKID,proven,no,1,unknown,,,,
wpa-pmkid-pbkdf2,WPA-PMKID-PBKDF2,,,absent,,WPA-PMKID-PBKDF2,protocol,,needs-review,,16800,claimed,,unknown,,unknown,no,1,unknown,,,,
wpa-pmkid-pmk,WPA-PMKID-PMK,,,absent,,WPA-PMKID-PMK,protocol,,needs-review,,16801,claimed,,unknown,,unknown,no,1,unknown,,,,
wpa-wpa2-pmf-pmkid-master-key,WPA/WPA2/PMF/PMKID master key,,,absent,,WPA/WPA2/PMF/PMKID master key,,,needs-review,,,unknown,wpapsk-pmk,claimed,,unknown,no,0,unknown,,,,
wpa-wpa2-pmf-pmkid-psk,WPA/WPA2/PMF/PMKID PSK,,,absent,,WPA/WPA2/PMF/PMKID PSK,,,needs-review,,,unknown,wpapsk,claimed,,unknown,no,0,unknown,,,,
wpbcrypt,WPBCRYPT,,,absent,,"bcrypt(base64(hmac_sha384_bin(pass, ""wp-sha384"")), salt, N)",application,,ok,,35500,proven,,unknown,WPBCRYPT,proven,no,1,shared,,,,
wrl-x2,WRL (2 iterations),,whirlpool(whirlpool($p)),vector,dynamic=whirlpool(whirlpool($p)),,iterated,,ok,,,unknown,dynamic_103,proven,WRL -i2,proven,no,1,shared,,,,
wrl-sha512-plain,wrl(sha512($plain)),,whirlpool(sha512($p)),vector,dynamic=whirlpool(sha512($p)),,composite,,ok,,,no,,unknown,WRLSHA512,proven,no,1,unknown,,,WRLSHA512,
wrl0,WRL0,,,absent,,wrl0(pass),,,ok,,,no,whirlpool0,proven,WRL0,proven,no,1,shared,,,WRL0,
wrlpasssalt,WRLPASSSALT,,whirlpool($p.$s),vector,dynamic=whirlpool($p.$s),,composite,,ok,,,no,dynamic_102,proven,WRLPASSSALT,proven,no,1,shared,,,,
wrlsaltpass,WRLSALTPASS,,whirlpool($s.$p),vector,dynamic=whirlpool($s.$p),,composite,,ok,,,no,dynamic_101,proven,WRLSALTPASS,proven,no,1,shared,,,,
wrlsaltpasssalt,WRLSALTPASSSALT,,whirlpool($s.$p.$s),vector,dynamic=whirlpool($s.$p.$s),,composite,,ok,,32600,proven,,unknown,WRLSALTPASSSALT,proven,no,1,shared,,,,
wrlsaltwrl,WRLSALTWRL,,whirlpool($s.whirlpool($p)),vector,dynamic=whirlpool($s.whirlpool($p)),,composite,,ok,,,no,dynamic_106,proven,WRLSALTWRL,proven,no,1,shared,,,,
wrlwrlsalt,WRLWRLSALT,,whirlpool(whirlpool($p).$s),vector,dynamic=whirlpool(whirlpool($p).$s),,composite,,ok,,,no,dynamic_105,proven,WRLWRLSALT,proven,no,1,shared,,,,
xmpp-scram-pbkdf2-sha1,XMPP SCRAM PBKDF2-SHA1,,,absent,,XMPP SCRAM PBKDF2-SHA1,application,,ok,,23200,proven,SCRAM-PBKDF2-SHA1,proven,,unknown,no,1,shared,,,,
yaf-sha1,YAF-SHA1,,base64(sha1_raw(utf16($p).frombase64($s))),upstream,,,composite,,needs-review,,,no,,unknown,YAF-SHA1,claimed,no,0,unknown,,,,
yescrypt-mdxfindyescrypt,YESCRYPT,,,absent,,"yescrypt(pass, salt, N, r, p)",kdf,,ok,,36100,proven,,unknown,YESCRYPT,proven,no,1,shared,,,,
yescrypt,yescrypt,,,absent,,yescrypt,kdf,,ok,,36100,proven,,unknown,,unknown,no,1,unknown,,,,
hav256,HAV256,,,,,,,,merged,haval-256-3,,,,,,,,,,,duplicate of haval-256-3,,"Tombstone. This id is kept so links and dist/rosetta.csv keys still resolve; every claim it made now lives in haval-256-3.yaml. One computation under two names, proven by john's dynamic compiler against both vectors. Royce chose the john-named row on 2026-09-01: haval-256-3 is john's own HAVAL-256-3 spelling, and dynamic_280 now sits beside it so a reader arriving by either name lands here"
md5md5uc,MD5MD5UC,,,,,,,,merged,md5-strtoupper-md5-pass,,,,,,,,,,,duplicate of md5-strtoupper-md5-pass,,Tombstone. This id is kept so links and dist/rosetta.csv keys still resolve; every claim it made now lives in md5-strtoupper-md5-pass.yaml. One computation under two names: both carry hashcat mode 4300 and mdxfind type MD5MD5UC. The collision gate never flagged the pair because only md5md5uc carried an expression. Royce chose md5-strtoupper-md5-pass on 2026-09-01: its name states the construction and it holds the hashes.org and hashkiller legacy names
ntlm-plain-md4-utf16-le-plain,ntlm($plain) / md4(utf16-le($plain)),,,,,,,,merged,md4-utf16-plain,,,,,,,,,,,duplicate of md4-utf16-plain,,"Tombstone. This id is kept so links and dist/rosetta.csv keys still resolve. Its mdxfind type NTLM, its hashkiller legacy name and its name as an alias moved to md4-utf16-plain.yaml. Its one GPU claim, john's ntlmv2-opencl, did NOT move: that format is NTLMv2 C/R, a challenge-response protocol rather than this digest, and nothing here ever reproduced it."
panama,PANAMA,,,,,,,,merged,panama-johnpanama,,,,,,,,,,,duplicate of panama-johnpanama,,"Tombstone. This id is kept so links and dist/rosetta.csv keys still resolve; every claim it made now lives in panama-johnpanama.yaml. One computation under two names, proven by john's dynamic compiler against both vectors. Royce chose the john-named row on 2026-09-01: panama-johnpanama carries john's Panama format, and dynamic_320 now sits beside it so a reader arriving by either name lands here"
ripemd320,ripemd320,,,,,,,,merged,rmd320,,,,,,,,,,,duplicate of rmd320,,"Tombstone. This id is kept so links and dist/rosetta.csv keys still resolve; everything it asserted now lives in rmd320.yaml, which carries the sheet vector that was here."
sha1-md5-md5-pass-salt,sha1(md5(md5($pass).$salt)),,,,,,,,merged,sha1-md5-pass-salt,,,,,,,,,,,duplicate of sha1-md5-pass-salt,,"Tombstone. The name above is WRONG and is kept only because it is what this id was published as: the digest is sha1(md5($pass).$salt), which Perl's Digest::MD5/Digest::SHA, hashcat -m 4710 and mdxfind pinned to all three type indices agree on. Its mdxfind type SHA1MD5SALT (e587) moved to sha1-md5-pass-salt.yaml, along with e471 SHA1MD5PASS-SALT, which had no entry at all. Its hashcat block claimed 'absent'; 4710 cracks the vector it carried."
sha224,SHA224,,,,,,,,merged,raw-sha224,,,,,,,,,,,duplicate of raw-sha224,,"Tombstone. This id is kept so links and dist/rosetta.csv keys still resolve; every claim it made now lives in raw-sha224.yaml. One computation under two names, proven by john's dynamic compiler against both vectors. Royce chose the john-named row on 2026-09-01: raw-sha224 is john's own Raw-SHA224 spelling, and dynamic_50 now sits beside it so a reader arriving by either name lands here"
sha384,sha384,,,,,,,,merged,raw-sha384,,,,,,,,,,,duplicate of raw-sha384,,"Tombstone. This id is kept so links and dist/rosetta.csv keys still resolve; every claim it made now lives in raw-sha384.yaml. One computation under two names, proven by john's dynamic compiler against both vectors. Royce chose the john-named row on 2026-09-01: raw-sha384 is john's own Raw-SHA384 spelling, and dynamic_70 now sits beside it so a reader arriving by either name lands here"
sm3,SM3,,,,,,,,merged,shangmi-3,,,,,,,,,,,duplicate of shangmi-3,,"Tombstone. This id is kept so links and dist/rosetta.csv keys still resolve; every claim it made now lives in shangmi-3.yaml. One computation under two names, proven by john's dynamic compiler against both vectors. Royce chose the john-named row on 2026-09-01: shangmi-3 carries john's Raw-SM3, and dynamic_450 now sits beside it so a reader arriving by either name lands here"
